{
    "targetNamespace": "http://visionx.firstdata.com/VISIONX/VISIONX.UI.RESPONSE.PAGE.V001",
    "header": {
       "process": {
          "id": "639",
          "name": "Account Overview Credit Account Summary",
          "functionName": "Account Overview Credit Account Summary"
       },
       "page": {
          "id": "3968",
          "name": "Account Summary",
          "lastPage": "false",
          "communicatorMsg": "",
          "pageDisplayName": "Account Summary"
       },
       "sessiontoken": "NfRc1OuvRBWtMti2iQ7DQlTZ.CCTRAINING.W.01",
       "request": {
          "id": "005"
       },
       "status": {
          "error": {
             "code": "VPL5SAO16W",
             "message": "ALERT| ACCOUNT IS DELINQUENT"
          }
       },
       "currencyAttrib": {
          "currencyCode": "EUR",
          "currencyNOD": "2",
          "percentNOD": "7",
          "peritemNOD": "3",
          "currSymbol": "€",
          "negativeFormat": "A",
          "digitGroupSymbol": ".",
          "digitGroupNumber": "3",
          "decimalSymbol": ","
       }
    },
    "group": {
       "id": "6614",
       "name": "",
       "desc": "",
       "grouplink": "",
       "field": [
          {
             "seq": "1",
             "id": "ARXAOO-ACCT",
             "control": "Label",
             "reqIndicator": "false",
             "maxChars": "19",
             "value": "0004230005140139026",
             "label": "Account Number",
             "controlLabel": null
          },
          {
             "seq": "1",
             "id": "ARXAOO-NA-NAME-LINE-1(1)",
             "control": "Label",
             "reqIndicator": "false",
             "maxChars": "40",
             "value": "DR SAHEER PALLATHODIYIL",
             "label": "Primary",
             "controlLabel": null
          },
          {
             "seq": "1",
             "id": "ARXAOO-DATE-OPENED",
             "control": "Label",
             "reqIndicator": "false",
             "maxChars": "7",
             "value": "2012012",
             "label": "Customer Since",
             "controlLabel": null
          },
          {
             "seq": "1",
             "id": "AMBS-MISC-USER-5",
             "control": "Label",
             "reqIndicator": "false",
             "maxChars": "11",
             "value": null,
             "desc": "User-defined miscellaneous information about the account.",
             "label": "Application Number",
             "controlLabel": null
          },
          {
             "seq": "1",
             "id": "ARXELO-CCI-CARDS-TOTAL",
             "help": "account_folder/overview_tab/ARXELO-cci-cards-total",
             "control": "LinkLabel",
             "reqIndicator": "false",
             "maxChars": "4",
             "value": "1",
             "label": "Number of Cards",
             "link": {
                "action": "",
                "process_id": "77",
                "page_id": "3943",
                "processName": "Card Viewer",
                "pageName": "Number of Cards",
                "functionName": "Card Viewer",
                "param": [
                   {
                      "name": "ARXELI-ACCT"
                   },
                   {
                      "name": "ARXELI-ORG"
                   },
                   {
                      "name": "ARXELI-PRIOR-MAIL-SW"
                   },
                   {
                      "name": "ARXELI-ACCOUNT-DEMOGRAPHICS-SW"
                   },
                   {
                      "name": "ARXELI-SVC-FUNC-CODE"
                   },
                   {
                      "name": "ARXELI-NBR-OF-RECS-REQ"
                   },
                   {
                      "name": "ARXELI-SIGNON-NAME"
                   },
                   {
                      "name": "ARXELI-CONTEXT"
                   }
                ]
             },
             "controlLabel": null
          },
          {
             "seq": "1",
             "id": "AMBS-STATE-OF-ISSUE",
             "help": "account_folder/overview_tab/ambs-state-of-issue",
             "control": "Label",
             "reqIndicator": "false",
             "maxChars": "3",
             "value": "001",
             "desc": "Identifies the state, province, or country in which the account was issued.",
             "label": "PCT ID",
             "controlLabel": null
          },
          {
             "seq": "1",
             "id": "ARXAOO-NBR-PLANS",
             "help": "account_folder/overview_tab/arxaoo-nbr-plans",
             "control": "LinkLabel",
             "reqIndicator": "false",
             "maxChars": "5",
             "value": "1",
             "desc": "Number of credit plans associated with this account.",
             "label": "Number of Plans",
             "link": {
                "action": "",
                "process_id": "21",
                "page_id": "3946",
                "processName": "Plan Viewer",
                "pageName": "Number of Plans",
                "functionName": "Plan Viewer",
                "param": [
                   {
                      "name": "ARXPVIZ-ACCT"
                   },
                   {
                      "name": "ARXPVIZ-ORG"
                   },
                   {
                      "name": "ARXPVIZ-FOREIGN-USE"
                   }
                ]
             },
             "controlLabel": null
          },
          {
             "seq": "1",
             "id": "AMBS-MARKETING-OPT-OUT",
             "help": "account_folder/overview_tab/ambs-marketing-opt-out",
             "control": "Label",
             "reqIndicator": "false",
             "maxChars": "1",
             "value": "0",
             "valueDesc": "None",
             "desc": "Code that indicates whether the customer has opted out of marketing campaigns.",
             "valueList": {
                "item": [
                   {
                      "code": "0",
                      "#text": "None"
                   },
                   {
                      "code": "1",
                      "#text": "Card Marketing"
                   },
                   {
                      "code": "2",
                      "#text": "Bank Marketing"
                   },
                   {
                      "code": "3",
                      "#text": "Both Card and Bank Marketing"
                   }
                ]
             },
             "label": "Marketing Opt Out",
             "controlLabel": null
          },
          {
             "seq": "1",
             "id": "ARXAOO-USER-CODE-8",
             "control": "Label",
             "reqIndicator": "false",
             "maxChars": "2",
             "value": null,
             "valueDesc": null,
             "valueList": [
                {
                   "item": [
                      {
                         "code": ""
                      },
                      {
                         "code": "j0",
                         "#text": "Sold via CPP"
                      },
                      {
                         "code": "j1",
                         "#text": "1 Year"
                      },
                      {
                         "code": "j3",
                         "#text": "3 Year"
                      }
                   ]
                },
                null
             ],
             "label": "IPP Insurance",
             "controlLabel": null
          },
          {
             "seq": "1",
             "id": "ARXAOO-USER-CODE-5",
             "help": "account_folder/overview_tab/arxaoo-user-code-5",
             "control": "Label",
             "reqIndicator": "false",
             "maxChars": "2",
             "value": null,
             "valueDesc": null,
             "valueList": [
                {
                   "item": [
                      {
                         "code": ""
                      },
                      {
                         "code": "j0",
                         "#text": "Sold via CPP"
                      },
                      {
                         "code": "j1",
                         "#text": "1 Year"
                      },
                      {
                         "code": "j3",
                         "#text": "3 Year"
                      }
                   ]
                },
                null
             ],
             "label": "CPP Insurance",
             "controlLabel": null
          },
          {
             "seq": "1",
             "id": "AMBS-DATE-ACH-PMT-EXPR",
             "control": "Hidden",
             "reqIndicator": "false",
             "maxChars": "7",
             "value": "0",
             "desc": "Date on which to end Direct Deposit.",
             "label": "End Date",
             "controlLabel": null,
             "subordinates": {
                "subordinate": [
                   {
                      "id": "AMBS-PMT-DC-ACH-DB-TYPE"
                   },
                   {
                      "id": "AMBS-PMT-ACH-FLAG"
                   },
                   {
                      "id": "AMBS-NOM-ACH-AMT-PCT-FLAG"
                   }
                ]
             }
          },
          {
             "seq": "1",
             "id": "AMCR-O-C-TODAYS-JULIAN",
             "control": "Hidden",
             "reqIndicator": "false",
             "maxChars": "7",
             "value": "2012366",
             "controlLabel": null,
             "subordinates": {
                "subordinate": [
                   {
                      "id": "AMBS-PMT-DC-ACH-DB-TYPE"
                   },
                   {
                      "id": "AMBS-PMT-ACH-FLAG"
                   },
                   {
                      "id": "AMBS-NOM-ACH-AMT-PCT-FLAG"
                   }
                ]
             }
          },
          {
             "seq": "1",
             "id": "AMBS-PMT-DC-ACH-DB-TYPE",
             "control": "Label",
             "reqIndicator": "false",
             "state": "INVISIBLE",
             "maxChars": "1",
             "value": "D",
             "valueDesc": "Cancelled",
             "desc": "Type of account to which the direct crebit request is sent.",
             "valueList": {
                "item": [
                   {
                      "code": "D",
                      "#text": "Cancelled"
                   },
                   {
                      "code": "S",
                      "#text": "Cancelled"
                   }
                ]
             },
             "label": "Direct Debit Type",
             "controlLabel": null,
             "defaultValue": "D",
             "primaryFields": {
                "priField": "AMCR-O-C-TODAYS-JULIAN"
             }
          },
          {
             "seq": "1",
             "id": "AMBS-PMT-ACH-FLAG",
             "help": "functions/ambs-pmt-ach-flag",
             "control": "Label",
             "reqIndicator": "false",
             "maxChars": "1",
             "value": "0",
             "valueDesc": "None",
             "desc": "Indicates whether direct debit processing is active for this account and the payment option in effect.",
             "valueList": {
                "item": [
                   {
                      "code": "0",
                      "#text": "None"
                   },
                   {
                      "code": "1",
                      "#text": "Minimum Payment"
                   },
                   {
                      "code": "2",
                      "#text": "Custom"
                   },
                   {
                      "code": "3",
                      "#text": "Expired"
                   },
                   {
                      "code": "4",
                      "#text": "Cancelled/Delinquent"
                   },
                   {
                      "code": "5",
                      "#text": "Cancelled/Reversals"
                   },
                   {
                      "code": "6",
                      "#text": "Active"
                   },
                   {
                      "code": "7",
                      "#text": "Custom"
                   },
                   {
                      "code": "8",
                      "#text": "Current Minimum"
                   },
                   {
                      "code": "9",
                      "#text": "Cust Nom/Current Min"
                   }
                ]
             },
             "label": "Direct Debit Type",
             "controlLabel": null,
             "subordinates": {
                "subordinate": [
                   {
                      "id": "AMBS-PMT-ACH-FLAG"
                   },
                   {
                      "id": "AMBS-NOM-ACH-AMT-PCT-FLAG"
                   }
                ]
             },
             "primaryFields": {
                "priField": "AMBS-PMT-ACH-FLAG"
             }
          },
          {
             "seq": "1",
             "id": "AMBS-NOM-ACH-AMT-PCT-FLAG",
             "help": "functions/ambs-nom-ach-amt-pct-flag",
             "control": "Label",
             "reqIndicator": "false",
             "state": "INVISIBLE",
             "maxChars": "1",
             "value": "0",
             "valueDesc": "None",
             "desc": "Indicates whether the direct debit amount is a fixed amount, the full account balance, a percentage of the account balance, or not used.",
             "valueList": {
                "item": [
                   {
                      "code": "0",
                      "#text": "None"
                   },
                   {
                      "code": "1",
                      "#text": "Fixed Amount"
                   },
                   {
                      "code": "2",
                      "#text": "Percent of Balance"
                   },
                   {
                      "code": "3",
                      "#text": "Full Acct Balance"
                   },
                   {
                      "code": "4",
                      "#text": "Excluding BNPL Balance"
                   },
                   {
                      "code": "9",
                      "#text": "Percent of Balance"
                   },
                   {
                      "code": "5",
                      "#text": "Invalid Data"
                   },
                   {
                      "code": "6",
                      "#text": "Invalid Data"
                   },
                   {
                      "code": "7",
                      "#text": "Invalid Data"
                   },
                   {
                      "code": "8",
                      "#text": "Invalid Data"
                   }
                ]
             },
             "label": "Direct Debit Type",
             "controlLabel": null,
             "primaryFields": {
                "priField": "AMBS-PMT-ACH-FLAG"
             }
          },
          {
             "seq": "1",
             "id": "ARXAOO-NBR-INS-PROD",
             "control": "LinkLabel",
             "reqIndicator": "false",
             "maxChars": "2",
             "value": "0",
             "label": "Insurance/Add-ons",
             "link": {
                "action": "",
                "process_id": "697",
                "page_id": "3945",
                "processName": "Insurance-Addon-ProductList-Directory",
                "pageName": "Insurance/Add-Ons Viewer",
                "functionName": "InsuranceAddOns Viewer"
             },
             "controlLabel": null
          },
          {
             "seq": "1",
             "id": "ARXAOO-USER-CODE-1",
             "control": "Label",
             "reqIndicator": "false",
             "maxChars": "2",
             "value": null,
             "valueDesc": null,
             "valueList": [
                {
                   "item": [
                      {
                         "code": "08",
                         "#text": "Derogatory Information"
                      },
                      {
                         "code": "09",
                         "#text": "Terminated"
                      },
                      {
                         "code": "10",
                         "#text": "By Collections"
                      },
                      {
                         "code": "11",
                         "#text": "First Party Fraud"
                      },
                      {
                         "code": "12",
                         "#text": "Held Liable"
                      },
                      {
                         "code": "13",
                         "#text": "Small Balance"
                      },
                      {
                         "code": "14",
                         "#text": "Dormant"
                      },
                      {
                         "code": "15",
                         "#text": "Moved Abroad"
                      },
                      {
                         "code": "16",
                         "#text": "Product to Product Transfer"
                      },
                      {
                         "code": "17",
                         "#text": "Closed Another Account"
                      },
                      {
                         "code": "60",
                         "#text": "Deceased"
                      },
                      {
                         "code": "19",
                         "#text": "UN Sanctions"
                      },
                      {
                         "code": "37",
                         "#text": "Application Fraud- First Party"
                      },
                      {
                         "code": "38",
                         "#text": "Application Fraud- Third Party"
                      },
                      {
                         "code": "20",
                         "#text": "Correspondence"
                      },
                      {
                         "code": "21",
                         "#text": "Plastic"
                      },
                      {
                         "code": "22",
                         "#text": "Statement"
                      },
                      {
                         "code": "27",
                         "#text": "Not Received/Interception Fraud"
                      },
                      {
                         "code": "28",
                         "#text": "Counterfeit Fraud Skimmed"
                      },
                      {
                         "code": "29",
                         "#text": "Card not Present/Mail/Telephone Order"
                      },
                      {
                         "code": "30",
                         "#text": "Application Fraud"
                      },
                      {
                         "code": "31",
                         "#text": "Counterfeit Fraud (ATM)"
                      },
                      {
                         "code": "32",
                         "#text": "Counterfeit Fraud (POS)"
                      },
                      {
                         "code": "33",
                         "#text": "Takeover"
                      },
                      {
                         "code": "34",
                         "#text": "ATM Other"
                      },
                      {
                         "code": "35",
                         "#text": "Cheque Fraud"
                      },
                      {
                         "code": "36",
                         "#text": "Other"
                      },
                      {
                         "code": "37",
                         "#text": "Failed ID&V"
                      },
                      {
                         "code": "ca",
                         "#text": "Price- Annual Fee"
                      },
                      {
                         "code": "cb",
                         "#text": "Price- Better Offer"
                      },
                      {
                         "code": "cc",
                         "#text": "Price- Interest Rate Change"
                      },
                      {
                         "code": "cd",
                         "#text": "Price- Fees General"
                      },
                      {
                         "code": "ce",
                         "#text": "Price- Product/Terms Change"
                      },
                      {
                         "code": "cf",
                         "#text": "Service- Complaint Issue"
                      },
                      {
                         "code": "cg",
                         "#text": "Service- Too Many Contacts"
                      },
                      {
                         "code": "ch",
                         "#text": "Service- Loyalty/Redemption Issue"
                      },
                      {
                         "code": "ci",
                         "#text": "Service- Account/Processing Issue"
                      },
                      {
                         "code": "cj",
                         "#text": "Other- Forced to Open"
                      },
                      {
                         "code": "ck",
                         "#text": "Other- Too Many Cards/Not Used"
                      },
                      {
                         "code": "cl",
                         "#text": "Other- Deceased"
                      },
                      {
                         "code": "cm",
                         "#text": "Other- Customer Dipute w/Partner"
                      },
                      {
                         "code": "cn",
                         "#text": "Other- User Defined Reason"
                      },
                      {
                         "code": "co",
                         "#text": "Other- Change in Lifestyle/Circumstance"
                      }
                   ]
                },
                null
             ],
             "label": "Block Reason",
             "controlLabel": null,
             "subordinates": {
                "subordinate": [
                   {
                      "id": "ARXAOO-USER-CODE-1"
                   },
                   {
                      "id": "ARXAOO-BLOCK-CODE-1"
                   },
                   {
                      "id": "ARXAOO-BLOCK-CODE-2"
                   }
                ]
             },
             "primaryFields": {
                "priField": "ARXAOO-USER-CODE-1"
             }
          },
          {
             "seq": "1",
             "id": "ARXAOO-BLOCK-CODE-1-PRIORITY",
             "control": "Hidden",
             "reqIndicator": "false",
             "maxChars": "2",
             "value": "00",
             "controlLabel": null,
             "subordinates": {
                "subordinate": {
                   "id": "ARXAOO-BLOCK-CODE-2"
                }
             }
          },
          {
             "seq": "1",
             "id": "ARXAOO-BLOCK-CODE-2-PRIORITY",
             "control": "Hidden",
             "reqIndicator": "false",
             "maxChars": "2",
             "value": "00",
             "controlLabel": null,
             "subordinates": {
                "subordinate": {
                   "id": "ARXAOO-BLOCK-CODE-1"
                }
             }
          },
          {
             "seq": "1",
             "id": "ARXAOO-BLOCK-CODE-1",
             "control": "Label",
             "reqIndicator": "false",
             "state": "INVISIBLE",
             "maxChars": "1",
             "value": null,
             "valueDesc": null,
             "valueList": {
                "item": [
                   {
                      "code": "r",
                      "#text": "Application Fraud- First Party"
                   },
                   {
                      "code": "d",
                      "#text": "Failed ID&V"
                   }
                ]
             },
             "label": "Block Reason",
             "controlLabel": null,
             "primaryFields": {
                "priField": "ARXAOO-BLOCK-CODE-2-PRIORITY"
             }
          },
          {
             "seq": "1",
             "id": "ARXAOO-BLOCK-CODE-2",
             "control": "Label",
             "reqIndicator": "false",
             "state": "INVISIBLE",
             "maxChars": "1",
             "value": null,
             "valueDesc": null,
             "valueList": {
                "item": [
                   {
                      "code": "r",
                      "#text": "Application Fraud- First Party"
                   },
                   {
                      "code": "d",
                      "#text": "Failed ID&V"
                   }
                ]
             },
             "label": "Block Reason",
             "controlLabel": null,
             "primaryFields": {
                "priField": "ARXAOO-BLOCK-CODE-1-PRIORITY"
             }
          },
          {
             "seq": "1",
             "id": "AZXCQO-NBR-ACCT-RECS",
             "control": "LinkLabel",
             "reqIndicator": "false",
             "maxChars": "2",
             "value": "1",
             "label": "Number of Accounts",
             "link": {
                "action": "",
                "process_id": "871",
                "page_id": "2265",
                "processName": "Account Viewer Active",
                "pageName": "Active Accounts",
                "functionName": "Account Viewer",
                "param": [
                   {
                      "name": "AZXCQI-ACCT"
                   },
                   {
                      "name": "AZXCQI-ORG"
                   },
                   {
                      "name": "AZXCQI-SVC-FUNC-CODE"
                   },
                   {
                      "name": "AZXCQI-ACCT-NBR-TYPE"
                   }
                ]
             },
             "controlLabel": null
          }
       ]
    }
 }