{
   "targetNamespace": "http://visionx.firstdata.com/VISIONX/VISIONX.UI.RESPONSE.PAGE.V001",
   "header": {
      "process": {
         "id": "640",
         "name": "Account Overview Credit Balance Summary",
         "functionName": "Account Overview Credit Balance Summary"
      },
      "page": {
         "id": "3626",
         "name": "Balance Summary",
         "lastPage": "false",
         "communicatorMsg": "",
         "pageDisplayName": "Balance Summary"
      },
      "sessiontoken": "NfRc1OuvRBWtMti2iQ7DQlTZ.CCTRAINING.W.01",
      "request": {
         "id": "005"
      },
      "status": {
         "error": {
            "code": "VPL5SAO16W",
            "message": "ALERT| ACCOUNT IS DELINQUENT"
         }
      },
      "currencyAttrib": {
         "currencyCode": "EUR",
         "currencyNOD": "2",
         "percentNOD": "7",
         "peritemNOD": "3",
         "currSymbol": "�",
         "negativeFormat": "A",
         "digitGroupSymbol": ".",
         "digitGroupNumber": "3",
         "decimalSymbol": ","
      }
   },
   "group": {
      "id": "6028",
      "name": "",
      "desc": "",
      "grouplink": "",
      "field": [         
         {
            "seq": "1",
            "id": "ARXAOO-CURR-BAL",
            "control": "Label",
            "reqIndicator": "false",
            "maxChars": "17",
            "value": "06/10/2012",
            "label": "Transaction Date",
            "controlLabel": null
         },
         {
            "seq": "1",
            "id": "ARXAOO-AVAIL-CREDIT",
            "help": "account_folder/overview_tab/arxaoo-avail-credit",
            "control": "Label",
            "reqIndicator": "false",
            "maxChars": "17",
            "value": "09/10/2012",
            "label": "Post Date",
            "controlLabel": null
         },
         {
            "seq": "1",
            "id": "ARXAOO-CASH-BALANCE",
            "help": "account_folder/overview_tab/arxaoo-cash-balance",
            "control": "Label",
            "reqIndicator": "false",
            "maxChars": "17",
            "value": "Basildon Bank ATM",
            "label": "Description",
            "controlLabel": null
         },
         {
            "seq": "1",
            "id": "ARXAOO-CASH-AVAIL-CREDIT",
            "control": "Label",
            "reqIndicator": "false",
            "maxChars": "17",
            "value": "50000",
            "label": "Amount",
            "controlLabel": null
         },
         {
            "seq": "1",
            "id": "ARXAOO-CASH-CRLIM",
            "control": "Label",
            "reqIndicator": "false",
            "maxChars": "17",
            "value": "35221",
            "label": "Source Account",
            "controlLabel": null
         },
         {
            "seq": "1",
            "id": "ARXAOO-AMT-NET-MEMOS",
            "help": "account_folder/overview_tab/arxaoo-amt-net-memos",
            "control": "LinkLabel",
            "reqIndicator": "false",
            "maxChars": "17",
            "value": "Yes",
            "label": "Pending & Declined",            
            "controlLabel": null
         },
         {
            "seq": "1",
            "id": "ARXAOO-CTD-AMT-DB",
            "control": "Label",
            "reqIndicator": "false",
            "maxChars": "17",
            "value": "02452",
            "label": "Transaction Code",
            "controlLabel": null
         },
         {
            "seq": "1",
            "id": "ARXAOO-CTD-AMT-CR",
            "control": "Label",
            "reqIndicator": "false",
            "maxChars": "17",
            "value": "0",
            "label": "Cycle Credits",
            "controlLabel": null
         },
         {
            "seq": "1",
            "id": "ARXAOO-AMT-CTD-PURCHASES",
            "help": "account_folder/overview_tab/arxaoo-amt-ctd-purchases",
            "control": "Label",
            "reqIndicator": "false",
            "maxChars": "17",
            "value": "22541",
            "label": "Plan Number",
            "controlLabel": null
         },
         {
            "seq": "1",
            "id": "ARXAOO-CRLIM",
            "help": "account_folder/overview_tab/arxaoo-crlim",
            "control": "Label",
            "reqIndicator": "false",
            "maxChars": "17",
            "value": "21",
            "label": "Sequence Number",
            "controlLabel": null,
            "primaryFields": {
               "priField": "ARXAOO-DATE-TEMP-CRLIM-EXP"
            }
         },
         {
            "seq": "1",
            "id": "ARXAOO-TEMP-CRLIM",
            "control": "Label",
            "reqIndicator": "false",
            "state": "INVISIBLE",
            "maxChars": "17",
            "value": "0",
            "label": "Credit Limit (TEMP)",
            "controlLabel": null,
            "primaryFields": {
               "priField": "ARXAOO-DATE-TEMP-CRLIM-EXP"
            }
         },
         {
            "seq": "1",
            "id": "ARXAOO-DATE-LAST-PMT",
            "control": "Label",
            "reqIndicator": "false",
            "maxChars": "7",
            "value": "2012131",
            "label": "Last Payment Date",
            "controlLabel": null,
            "primaryFields": {
               "priField": "AMCR-O-PAY-HIST-SW"
            }
         },
         {
            "seq": "1",
            "id": "ARXAOO-PMT-LAST-AMT",
            "control": "LinkLabel",
            "reqIndicator": "false",
            "maxChars": "17",
            "value": "365211452236",
            "label": "Merchant Phone",           
            "controlLabel": null
         },
         {
            "seq": "1",
            "id": "ARXBAOZ-CURR-BNPL-BAL",
            "help": "account_folder/overview_tab/ambs-curr-bnpl-bal",
            "control": "Label",
            "reqIndicator": "false",
            "maxChars": "17",
            "value": "65",
            "label": "Merchant Code",
            "controlLabel": null
         },
         {
            "seq": "1",
            "id": "ARXBAOZ-CURR-NON-BNPL-BAL",
            "help": "account_folder/overview_tab/arxbaoz-curr-non-bnpl-bal",
            "control": "Label",
            "reqIndicator": "false",
            "maxChars": "17",
            "value": "London",
            "label": "Merchant City",
            "controlLabel": null
         }
      ]
   }
}