
{
  "vxRoot": {
    "xmlns": "http://com/fd/firstvision/vx/root",
    "targetNamespace": "http://visionx.firstdata.com/VISIONX/VISIONX.UI.RESPONSE.PAGE.V001",
    "header": {
      "process": {
        "id": "352",
        "name": "CUI Extended Look Up"
      },
      "page": {
        "id": "3827",
        "name": "Extended Look Up Search",
        "lastPage": "false",
        "type": "INQUIRY",
        "pageDisplayName": "Extended Look Up Search"
      },
      "sessiontoken": "G+tk+0FD5P8y-4Eoqx--x4Mj.CCTRAINING.W.01",
      "request": { "id": "005" },
      "currencyAttrib": {
        "currencyCode": { "#text": "EUR" },
        "currencyNOD": { "#text": "2" },
        "percentNOD": { "#text": "7" },
        "peritemNOD": { "#text": "3" },
        "currSymbol": {
          
        },
        "negativeFormat": { "#text": "A" },
        "digitGroupSymbol": { "#text": "," },
        "digitGroupNumber": { "#text": "3" },
        "decimalSymbol": { "#text": "." }
      }
    },
    "group": [
      {
        "id": "6363",
        "rows": {
          "hasMore": "false",
          "row": [
            {
              "field": [
                {
                  "seq": "1",
                  "id": "ARXXLO-NA-NAME-LINE-1",
                  "value": "MR B C A                                "
                },
                {
                  "seq": "1",
                  "id": "ARXXLO-CO-OWNER-NAME-LINE-1",
                  "value": "                                        "
                },
                {
                  "seq": "1",
                  "id": "ARXXLO-ACCT-TYPE",
                  "value": "A"
                },
                {
                  "seq": "1",
                  "id": "ARXXLO-LT-AMKX-BS-ACCT",
                  "value": "0004230005140140586"
                },
                {
                  "seq": "1",
                  "id": "ARXXLO-ADDR-1",
                  "value": "NOMBRE ADD TEST2                        "
                },
                {
                  "seq": "1",
                  "id": "ARXXLO-POSTAL-CODE",
                  "value": "          "
                },
                {
                  "seq": "1",
                  "id": "ARXXLO-O-NAME-ADDR-1",
                  "value": "FIRST DATA PROCESSING CENTRE            "
                },
                {
                  "seq": "1",
                  "id": "ARXXLO-LT-KEY",
                  "value": "A                                       9510004230005140101988O1"
                },
                {
                  "seq": "1",
                  "id": "ARXXLO-LT-AMKX-NA-ORG",
                  "value": "951"
                },
                {
                  "seq": "1",
                  "id": "ARXXLO-LT-AMKX-NA-ACCT",
                  "value": "0004230005140101988"
                },
                {
                  "seq": "1",
                  "id": "ARXXLO-LT-AMKX-BS-ORG",
                  "value": "951"
                },
                {
                  "seq": "1",
                  "id": "ARXXLO-LT-AMKX-ASSOC-TYPE",
                  "value": "0"
                },
                {
                  "seq": "1",
                  "id": "ARXXLO-BS-INT-STATUS",
                  "value": "D"
                },
                {
                  "seq": "1",
                  "id": "ARXXLO-BS-INT-DESC",
                  "value": "DORMANT                  "
                },
                {
                  "seq": "1",
                  "id": "ARXXLO-RM-REL-NBR",
                  "value": "                   "
                }
              ]
            },
            {
              "field": [
                {
                  "seq": "1",
                  "id": "ARXXLO-NA-NAME-LINE-1",
                  "value": "MR. JIBRAN ABBAS                        "
                },
                {
                  "seq": "1",
                  "id": "ARXXLO-CO-OWNER-NAME-LINE-1",
                  "value": "                                        "
                },
                {
                  "seq": "1",
                  "id": "ARXXLO-ACCT-TYPE",
                  "value": " "
                },
                {
                  "seq": "1",
                  "id": "ARXXLO-LT-AMKX-BS-ACCT",
                  "value": "0004230005140113658"
                },
                {
                  "seq": "1",
                  "id": "ARXXLO-ADDR-1",
                  "value": "HOUSE NO: R-223                         "
                },
                {
                  "seq": "1",
                  "id": "ARXXLO-POSTAL-CODE",
                  "value": "23456     "
                },
                {
                  "seq": "1",
                  "id": "ARXXLO-O-NAME-ADDR-1",
                  "value": "FIRST DATA PROCESSING CENTRE            "
                },
                {
                  "seq": "1",
                  "id": "ARXXLO-LT-KEY",
                  "value": "ABBAS                                   9510004230005140113658O1"
                },
                {
                  "seq": "1",
                  "id": "ARXXLO-LT-AMKX-NA-ORG",
                  "value": "951"
                },
                {
                  "seq": "1",
                  "id": "ARXXLO-LT-AMKX-NA-ACCT",
                  "value": "0004230005140113658"
                },
                {
                  "seq": "1",
                  "id": "ARXXLO-LT-AMKX-BS-ORG",
                  "value": "951"
                },
                {
                  "seq": "1",
                  "id": "ARXXLO-LT-AMKX-ASSOC-TYPE",
                  "value": "0"
                },
                {
                  "seq": "1",
                  "id": "ARXXLO-BS-INT-STATUS",
                  "value": " "
                },
                {
                  "seq": "1",
                  "id": "ARXXLO-BS-INT-DESC",
                  "value": "                         "
                },
                {
                  "seq": "1",
                  "id": "ARXXLO-RM-REL-NBR",
                  "value": "                   "
                }
              ]
            },
            {
              "field": [
                {
                  "seq": "1",
                  "id": "ARXXLO-NA-NAME-LINE-1",
                  "value": "MR. ABDU ABBAS                          "
                },
                {
                  "seq": "1",
                  "id": "ARXXLO-CO-OWNER-NAME-LINE-1",
                  "value": "                                        "
                },
                {
                  "seq": "1",
                  "id": "ARXXLO-ACCT-TYPE",
                  "value": "A"
                },
                {
                  "seq": "1",
                  "id": "ARXXLO-LT-AMKX-BS-ACCT",
                  "value": "0004230005140126130"
                },
                {
                  "seq": "1",
                  "id": "ARXXLO-ADDR-1",
                  "value": "11TH ST.                                "
                },
                {
                  "seq": "1",
                  "id": "ARXXLO-POSTAL-CODE",
                  "value": "          "
                },
                {
                  "seq": "1",
                  "id": "ARXXLO-O-NAME-ADDR-1",
                  "value": "FIRST DATA PROCESSING CENTRE            "
                },
                {
                  "seq": "1",
                  "id": "ARXXLO-LT-KEY",
                  "value": "ABBAS                                   9510004230005140126130O1"
                },
                {
                  "seq": "1",
                  "id": "ARXXLO-LT-AMKX-NA-ORG",
                  "value": "951"
                },
                {
                  "seq": "1",
                  "id": "ARXXLO-LT-AMKX-NA-ACCT",
                  "value": "0004230005140126130"
                },
                {
                  "seq": "1",
                  "id": "ARXXLO-LT-AMKX-BS-ORG",
                  "value": "951"
                },
                {
                  "seq": "1",
                  "id": "ARXXLO-LT-AMKX-ASSOC-TYPE",
                  "value": "0"
                },
                {
                  "seq": "1",
                  "id": "ARXXLO-BS-INT-STATUS",
                  "value": "A"
                },
                {
                  "seq": "1",
                  "id": "ARXXLO-BS-INT-DESC",
                  "value": "ACTIVE                   "
                },
                {
                  "seq": "1",
                  "id": "ARXXLO-RM-REL-NBR",
                  "value": "                   "
                }
              ]
            },
            {
              "field": [
                {
                  "seq": "1",
                  "id": "ARXXLO-NA-NAME-LINE-1",
                  "value": "MR MOHAMMED ALI ABDALLA a               "
                },
                {
                  "seq": "1",
                  "id": "ARXXLO-CO-OWNER-NAME-LINE-1",
                  "value": "MR MOHAMMED ALI AHMED                   "
                },
                {
                  "seq": "1",
                  "id": "ARXXLO-ACCT-TYPE",
                  "value": "A"
                },
                {
                  "seq": "1",
                  "id": "ARXXLO-LT-AMKX-BS-ACCT",
                  "value": "0004230005140139315"
                },
                {
                  "seq": "1",
                  "id": "ARXXLO-ADDR-1",
                  "value": "HILI                                    "
                },
                {
                  "seq": "1",
                  "id": "ARXXLO-POSTAL-CODE",
                  "value": "          "
                },
                {
                  "seq": "1",
                  "id": "ARXXLO-O-NAME-ADDR-1",
                  "value": "FIRST DATA PROCESSING CENTRE            "
                },
                {
                  "seq": "1",
                  "id": "ARXXLO-LT-KEY",
                  "value": "ABDALLA                                 9510004230005140139315O1"
                },
                {
                  "seq": "1",
                  "id": "ARXXLO-LT-AMKX-NA-ORG",
                  "value": "951"
                },
                {
                  "seq": "1",
                  "id": "ARXXLO-LT-AMKX-NA-ACCT",
                  "value": "0004230005140139315"
                },
                {
                  "seq": "1",
                  "id": "ARXXLO-LT-AMKX-BS-ORG",
                  "value": "951"
                },
                {
                  "seq": "1",
                  "id": "ARXXLO-LT-AMKX-ASSOC-TYPE",
                  "value": "0"
                },
                {
                  "seq": "1",
                  "id": "ARXXLO-BS-INT-STATUS",
                  "value": "A"
                },
                {
                  "seq": "1",
                  "id": "ARXXLO-BS-INT-DESC",
                  "value": "ACTIVE                   "
                },
                {
                  "seq": "1",
                  "id": "ARXXLO-RM-REL-NBR",
                  "value": "0004230005140101955"
                }
              ]
            },
            {
              "field": [
                {
                  "seq": "1",
                  "id": "ARXXLO-NA-NAME-LINE-1",
                  "value": "                                        "
                },
                {
                  "seq": "1",
                  "id": "ARXXLO-CO-OWNER-NAME-LINE-1",
                  "value": "                                        "
                },
                {
                  "seq": "1",
                  "id": "ARXXLO-ACCT-TYPE",
                  "value": " "
                },
                {
                  "seq": "1",
                  "id": "ARXXLO-LT-AMKX-BS-ACCT",
                  "value": "                   "
                },
                {
                  "seq": "1",
                  "id": "ARXXLO-ADDR-1",
                  "value": "                                        "
                },
                {
                  "seq": "1",
                  "id": "ARXXLO-POSTAL-CODE",
                  "value": "          "
                },
                {
                  "seq": "1",
                  "id": "ARXXLO-O-NAME-ADDR-1",
                  "value": "                                        "
                },
                {
                  "seq": "1",
                  "id": "ARXXLO-LT-KEY",
                  "value": "                                                                "
                },
                {
                  "seq": "1",
                  "id": "ARXXLO-LT-AMKX-NA-ORG",
                  "value": "0"
                },
                {
                  "seq": "1",
                  "id": "ARXXLO-LT-AMKX-NA-ACCT",
                  "value": "                   "
                },
                {
                  "seq": "1",
                  "id": "ARXXLO-LT-AMKX-BS-ORG",
                  "value": "0"
                },
                {
                  "seq": "1",
                  "id": "ARXXLO-LT-AMKX-ASSOC-TYPE",
                  "value": "0"
                },
                {
                  "seq": "1",
                  "id": "ARXXLO-BS-INT-STATUS",
                  "value": " "
                },
                {
                  "seq": "1",
                  "id": "ARXXLO-BS-INT-DESC",
                  "value": "                         "
                },
                {
                  "seq": "1",
                  "id": "ARXXLO-RM-REL-NBR",
                  "value": "                   "
                }
              ]
            },
            {
              "field": [
                {
                  "seq": "1",
                  "id": "ARXXLO-NA-NAME-LINE-1",
                  "value": "MR NBAD ACADEMY                         "
                },
                {
                  "seq": "1",
                  "id": "ARXXLO-CO-OWNER-NAME-LINE-1",
                  "value": "                                        "
                },
                {
                  "seq": "1",
                  "id": "ARXXLO-ACCT-TYPE",
                  "value": " "
                },
                {
                  "seq": "1",
                  "id": "ARXXLO-LT-AMKX-BS-ACCT",
                  "value": "0004230005140139372"
                },
                {
                  "seq": "1",
                  "id": "ARXXLO-ADDR-1",
                  "value": "POST BOX 28886                          "
                },
                {
                  "seq": "1",
                  "id": "ARXXLO-POSTAL-CODE",
                  "value": "          "
                },
                {
                  "seq": "1",
                  "id": "ARXXLO-O-NAME-ADDR-1",
                  "value": "FIRST DATA PROCESSING CENTRE            "
                },
                {
                  "seq": "1",
                  "id": "ARXXLO-LT-KEY",
                  "value": "ABDALLA                                 9510004230005140139315O1"
                },
                {
                  "seq": "1",
                  "id": "ARXXLO-LT-AMKX-NA-ORG",
                  "value": "951"
                },
                {
                  "seq": "1",
                  "id": "ARXXLO-LT-AMKX-NA-ACCT",
                  "value": "0004230005140139372"
                },
                {
                  "seq": "1",
                  "id": "ARXXLO-LT-AMKX-BS-ORG",
                  "value": "951"
                },
                {
                  "seq": "1",
                  "id": "ARXXLO-LT-AMKX-ASSOC-TYPE",
                  "value": "0"
                },
                {
                  "seq": "1",
                  "id": "ARXXLO-BS-INT-STATUS",
                  "value": " "
                },
                {
                  "seq": "1",
                  "id": "ARXXLO-BS-INT-DESC",
                  "value": "                         "
                },
                {
                  "seq": "1",
                  "id": "ARXXLO-RM-REL-NBR",
                  "value": "                   "
                }
              ]
            },
            {
              "field": [
                {
                  "seq": "1",
                  "id": "ARXXLO-NA-NAME-LINE-1",
                  "value": "DR HAITHAM MOHAMMAD ABDELREHMAN         "
                },
                {
                  "seq": "1",
                  "id": "ARXXLO-CO-OWNER-NAME-LINE-1",
                  "value": "                                        "
                },
                {
                  "seq": "1",
                  "id": "ARXXLO-ACCT-TYPE",
                  "value": "A"
                },
                {
                  "seq": "1",
                  "id": "ARXXLO-LT-AMKX-BS-ACCT",
                  "value": "0004230005140139141"
                },
                {
                  "seq": "1",
                  "id": "ARXXLO-ADDR-1",
                  "value": " NBAD ACADEMY BUILDING                  "
                },
                {
                  "seq": "1",
                  "id": "ARXXLO-POSTAL-CODE",
                  "value": "          "
                },
                {
                  "seq": "1",
                  "id": "ARXXLO-O-NAME-ADDR-1",
                  "value": "FIRST DATA PROCESSING CENTRE            "
                },
                {
                  "seq": "1",
                  "id": "ARXXLO-LT-KEY",
                  "value": "ABDELREHMAN                             9510004230005140101911O1"
                },
                {
                  "seq": "1",
                  "id": "ARXXLO-LT-AMKX-NA-ORG",
                  "value": "951"
                },
                {
                  "seq": "1",
                  "id": "ARXXLO-LT-AMKX-NA-ACCT",
                  "value": "0004230005140101911"
                },
                {
                  "seq": "1",
                  "id": "ARXXLO-LT-AMKX-BS-ORG",
                  "value": "951"
                },
                {
                  "seq": "1",
                  "id": "ARXXLO-LT-AMKX-ASSOC-TYPE",
                  "value": "0"
                },
                {
                  "seq": "1",
                  "id": "ARXXLO-BS-INT-STATUS",
                  "value": "A"
                },
                {
                  "seq": "1",
                  "id": "ARXXLO-BS-INT-DESC",
                  "value": "ACTIVE                   "
                },
                {
                  "seq": "1",
                  "id": "ARXXLO-RM-REL-NBR",
                  "value": "                   "
                }
              ]
            },
            {
              "field": [
                {
                  "seq": "1",
                  "id": "ARXXLO-NA-NAME-LINE-1",
                  "value": "MISS KATE ABDO                          "
                },
                {
                  "seq": "1",
                  "id": "ARXXLO-CO-OWNER-NAME-LINE-1",
                  "value": "                                        "
                },
                {
                  "seq": "1",
                  "id": "ARXXLO-ACCT-TYPE",
                  "value": "A"
                },
                {
                  "seq": "1",
                  "id": "ARXXLO-LT-AMKX-BS-ACCT",
                  "value": "0004230005140138135"
                },
                {
                  "seq": "1",
                  "id": "ARXXLO-ADDR-1",
                  "value": "18 REDMOND CLOSE                        "
                },
                {
                  "seq": "1",
                  "id": "ARXXLO-POSTAL-CODE",
                  "value": "WC2 1EF   "
                },
                {
                  "seq": "1",
                  "id": "ARXXLO-O-NAME-ADDR-1",
                  "value": "FIRST DATA PROCESSING CENTRE            "
                },
                {
                  "seq": "1",
                  "id": "ARXXLO-LT-KEY",
                  "value": "ABDO                                    9510004230005140138135O1"
                },
                {
                  "seq": "1",
                  "id": "ARXXLO-LT-AMKX-NA-ORG",
                  "value": "951"
                },
                {
                  "seq": "1",
                  "id": "ARXXLO-LT-AMKX-NA-ACCT",
                  "value": "0004230005140138135"
                },
                {
                  "seq": "1",
                  "id": "ARXXLO-LT-AMKX-BS-ORG",
                  "value": "951"
                },
                {
                  "seq": "1",
                  "id": "ARXXLO-LT-AMKX-ASSOC-TYPE",
                  "value": "0"
                },
                {
                  "seq": "1",
                  "id": "ARXXLO-BS-INT-STATUS",
                  "value": "A"
                },
                {
                  "seq": "1",
                  "id": "ARXXLO-BS-INT-DESC",
                  "value": "ACTIVE                   "
                },
                {
                  "seq": "1",
                  "id": "ARXXLO-RM-REL-NBR",
                  "value": "                   "
                }
              ]
            },
            {
              "field": [
                {
                  "seq": "1",
                  "id": "ARXXLO-NA-NAME-LINE-1",
                  "value": "MR MOHAMMED ABDUL KHADER                "
                },
                {
                  "seq": "1",
                  "id": "ARXXLO-CO-OWNER-NAME-LINE-1",
                  "value": "                                        "
                },
                {
                  "seq": "1",
                  "id": "ARXXLO-ACCT-TYPE",
                  "value": "A"
                },
                {
                  "seq": "1",
                  "id": "ARXXLO-LT-AMKX-BS-ACCT",
                  "value": "0004230005140138564"
                },
                {
                  "seq": "1",
                  "id": "ARXXLO-ADDR-1",
                  "value": "123 TRAINING ACADEMY                    "
                },
                {
                  "seq": "1",
                  "id": "ARXXLO-POSTAL-CODE",
                  "value": "123       "
                },
                {
                  "seq": "1",
                  "id": "ARXXLO-O-NAME-ADDR-1",
                  "value": "FIRST DATA PROCESSING CENTRE            "
                },
                {
                  "seq": "1",
                  "id": "ARXXLO-LT-KEY",
                  "value": "ABDUL KHADER                            9510004230005140101873O1"
                },
                {
                  "seq": "1",
                  "id": "ARXXLO-LT-AMKX-NA-ORG",
                  "value": "951"
                },
                {
                  "seq": "1",
                  "id": "ARXXLO-LT-AMKX-NA-ACCT",
                  "value": "0004230005140101873"
                },
                {
                  "seq": "1",
                  "id": "ARXXLO-LT-AMKX-BS-ORG",
                  "value": "951"
                },
                {
                  "seq": "1",
                  "id": "ARXXLO-LT-AMKX-ASSOC-TYPE",
                  "value": "0"
                },
                {
                  "seq": "1",
                  "id": "ARXXLO-BS-INT-STATUS",
                  "value": "D"
                },
                {
                  "seq": "1",
                  "id": "ARXXLO-BS-INT-DESC",
                  "value": "DORMANT                  "
                },
                {
                  "seq": "1",
                  "id": "ARXXLO-RM-REL-NBR",
                  "value": "                   "
                }
              ]
            },
            {
              "field": [
                {
                  "seq": "1",
                  "id": "ARXXLO-NA-NAME-LINE-1",
                  "value": "DR SHAIMA ABDULLAH                      "
                },
                {
                  "seq": "1",
                  "id": "ARXXLO-CO-OWNER-NAME-LINE-1",
                  "value": "                                        "
                },
                {
                  "seq": "1",
                  "id": "ARXXLO-ACCT-TYPE",
                  "value": "A"
                },
                {
                  "seq": "1",
                  "id": "ARXXLO-LT-AMKX-BS-ACCT",
                  "value": "0004230005140139075"
                },
                {
                  "seq": "1",
                  "id": "ARXXLO-ADDR-1",
                  "value": " NBAD ACADEMY BUILDING                  "
                },
                {
                  "seq": "1",
                  "id": "ARXXLO-POSTAL-CODE",
                  "value": "          "
                },
                {
                  "seq": "1",
                  "id": "ARXXLO-O-NAME-ADDR-1",
                  "value": "FIRST DATA PROCESSING CENTRE            "
                },
                {
                  "seq": "1",
                  "id": "ARXXLO-LT-KEY",
                  "value": "ABDULLAH                                9510004230005140101904O1"
                },
                {
                  "seq": "1",
                  "id": "ARXXLO-LT-AMKX-NA-ORG",
                  "value": "951"
                },
                {
                  "seq": "1",
                  "id": "ARXXLO-LT-AMKX-NA-ACCT",
                  "value": "0004230005140101904"
                },
                {
                  "seq": "1",
                  "id": "ARXXLO-LT-AMKX-BS-ORG",
                  "value": "951"
                },
                {
                  "seq": "1",
                  "id": "ARXXLO-LT-AMKX-ASSOC-TYPE",
                  "value": "0"
                },
                {
                  "seq": "1",
                  "id": "ARXXLO-BS-INT-STATUS",
                  "value": "A"
                },
                {
                  "seq": "1",
                  "id": "ARXXLO-BS-INT-DESC",
                  "value": "ACTIVE                   "
                },
                {
                  "seq": "1",
                  "id": "ARXXLO-RM-REL-NBR",
                  "value": "                   "
                }
              ]
            },
            {
              "field": [
                {
                  "seq": "1",
                  "id": "ARXXLO-NA-NAME-LINE-1",
                  "value": "                                        "
                },
                {
                  "seq": "1",
                  "id": "ARXXLO-CO-OWNER-NAME-LINE-1",
                  "value": "                                        "
                },
                {
                  "seq": "1",
                  "id": "ARXXLO-ACCT-TYPE",
                  "value": " "
                },
                {
                  "seq": "1",
                  "id": "ARXXLO-LT-AMKX-BS-ACCT",
                  "value": "                   "
                },
                {
                  "seq": "1",
                  "id": "ARXXLO-ADDR-1",
                  "value": "                                        "
                },
                {
                  "seq": "1",
                  "id": "ARXXLO-POSTAL-CODE",
                  "value": "          "
                },
                {
                  "seq": "1",
                  "id": "ARXXLO-O-NAME-ADDR-1",
                  "value": "                                        "
                },
                {
                  "seq": "1",
                  "id": "ARXXLO-LT-KEY",
                  "value": "                                                                "
                },
                {
                  "seq": "1",
                  "id": "ARXXLO-LT-AMKX-NA-ORG",
                  "value": "0"
                },
                {
                  "seq": "1",
                  "id": "ARXXLO-LT-AMKX-NA-ACCT",
                  "value": "                   "
                },
                {
                  "seq": "1",
                  "id": "ARXXLO-LT-AMKX-BS-ORG",
                  "value": "0"
                },
                {
                  "seq": "1",
                  "id": "ARXXLO-LT-AMKX-ASSOC-TYPE",
                  "value": "0"
                },
                {
                  "seq": "1",
                  "id": "ARXXLO-BS-INT-STATUS",
                  "value": " "
                },
                {
                  "seq": "1",
                  "id": "ARXXLO-BS-INT-DESC",
                  "value": "                         "
                },
                {
                  "seq": "1",
                  "id": "ARXXLO-RM-REL-NBR",
                  "value": "                   "
                }
              ]
            },
            {
              "field": [
                {
                  "seq": "1",
                  "id": "ARXXLO-NA-NAME-LINE-1",
                  "value": "ABRAHAM                                 "
                },
                {
                  "seq": "1",
                  "id": "ARXXLO-CO-OWNER-NAME-LINE-1",
                  "value": "                                        "
                },
                {
                  "seq": "1",
                  "id": "ARXXLO-ACCT-TYPE",
                  "value": "A"
                },
                {
                  "seq": "1",
                  "id": "ARXXLO-LT-AMKX-BS-ACCT",
                  "value": "0004230005140119689"
                },
                {
                  "seq": "1",
                  "id": "ARXXLO-ADDR-1",
                  "value": "                                        "
                },
                {
                  "seq": "1",
                  "id": "ARXXLO-POSTAL-CODE",
                  "value": "2668      "
                },
                {
                  "seq": "1",
                  "id": "ARXXLO-O-NAME-ADDR-1",
                  "value": "FIRST DATA PROCESSING CENTRE            "
                },
                {
                  "seq": "1",
                  "id": "ARXXLO-LT-KEY",
                  "value": "ABRAHAM                                 9510004230005140105443O1"
                },
                {
                  "seq": "1",
                  "id": "ARXXLO-LT-AMKX-NA-ORG",
                  "value": "951"
                },
                {
                  "seq": "1",
                  "id": "ARXXLO-LT-AMKX-NA-ACCT",
                  "value": "0004230005140105443"
                },
                {
                  "seq": "1",
                  "id": "ARXXLO-LT-AMKX-BS-ORG",
                  "value": "951"
                },
                {
                  "seq": "1",
                  "id": "ARXXLO-LT-AMKX-ASSOC-TYPE",
                  "value": "0"
                },
                {
                  "seq": "1",
                  "id": "ARXXLO-BS-INT-STATUS",
                  "value": "A"
                },
                {
                  "seq": "1",
                  "id": "ARXXLO-BS-INT-DESC",
                  "value": "ACTIVE                   "
                },
                {
                  "seq": "1",
                  "id": "ARXXLO-RM-REL-NBR",
                  "value": "                   "
                }
              ]
            },
            {
              "field": [
                {
                  "seq": "1",
                  "id": "ARXXLO-NA-NAME-LINE-1",
                  "value": "MR NBAD ACADEMY                         "
                },
                {
                  "seq": "1",
                  "id": "ARXXLO-CO-OWNER-NAME-LINE-1",
                  "value": "                                        "
                },
                {
                  "seq": "1",
                  "id": "ARXXLO-ACCT-TYPE",
                  "value": "A"
                },
                {
                  "seq": "1",
                  "id": "ARXXLO-LT-AMKX-BS-ACCT",
                  "value": "0004230005140139372"
                },
                {
                  "seq": "1",
                  "id": "ARXXLO-ADDR-1",
                  "value": "POST BOX 28886                          "
                },
                {
                  "seq": "1",
                  "id": "ARXXLO-POSTAL-CODE",
                  "value": "          "
                },
                {
                  "seq": "1",
                  "id": "ARXXLO-O-NAME-ADDR-1",
                  "value": "FIRST DATA PROCESSING CENTRE            "
                },
                {
                  "seq": "1",
                  "id": "ARXXLO-LT-KEY",
                  "value": "ACADEMY                                 9510004230005140139372O1"
                },
                {
                  "seq": "1",
                  "id": "ARXXLO-LT-AMKX-NA-ORG",
                  "value": "951"
                },
                {
                  "seq": "1",
                  "id": "ARXXLO-LT-AMKX-NA-ACCT",
                  "value": "0004230005140139372"
                },
                {
                  "seq": "1",
                  "id": "ARXXLO-LT-AMKX-BS-ORG",
                  "value": "951"
                },
                {
                  "seq": "1",
                  "id": "ARXXLO-LT-AMKX-ASSOC-TYPE",
                  "value": "0"
                },
                {
                  "seq": "1",
                  "id": "ARXXLO-BS-INT-STATUS",
                  "value": "A"
                },
                {
                  "seq": "1",
                  "id": "ARXXLO-BS-INT-DESC",
                  "value": "ACTIVE                   "
                },
                {
                  "seq": "1",
                  "id": "ARXXLO-RM-REL-NBR",
                  "value": "0004230005140101956"
                }
              ]
            },
            {
              "field": [
                {
                  "seq": "1",
                  "id": "ARXXLO-NA-NAME-LINE-1",
                  "value": "                                        "
                },
                {
                  "seq": "1",
                  "id": "ARXXLO-CO-OWNER-NAME-LINE-1",
                  "value": "                                        "
                },
                {
                  "seq": "1",
                  "id": "ARXXLO-ACCT-TYPE",
                  "value": " "
                },
                {
                  "seq": "1",
                  "id": "ARXXLO-LT-AMKX-BS-ACCT",
                  "value": "                   "
                },
                {
                  "seq": "1",
                  "id": "ARXXLO-ADDR-1",
                  "value": "                                        "
                },
                {
                  "seq": "1",
                  "id": "ARXXLO-POSTAL-CODE",
                  "value": "          "
                },
                {
                  "seq": "1",
                  "id": "ARXXLO-O-NAME-ADDR-1",
                  "value": "                                        "
                },
                {
                  "seq": "1",
                  "id": "ARXXLO-LT-KEY",
                  "value": "                                                                "
                },
                {
                  "seq": "1",
                  "id": "ARXXLO-LT-AMKX-NA-ORG",
                  "value": "0"
                },
                {
                  "seq": "1",
                  "id": "ARXXLO-LT-AMKX-NA-ACCT",
                  "value": "                   "
                },
                {
                  "seq": "1",
                  "id": "ARXXLO-LT-AMKX-BS-ORG",
                  "value": "0"
                },
                {
                  "seq": "1",
                  "id": "ARXXLO-LT-AMKX-ASSOC-TYPE",
                  "value": "0"
                },
                {
                  "seq": "1",
                  "id": "ARXXLO-BS-INT-STATUS",
                  "value": " "
                },
                {
                  "seq": "1",
                  "id": "ARXXLO-BS-INT-DESC",
                  "value": "                         "
                },
                {
                  "seq": "1",
                  "id": "ARXXLO-RM-REL-NBR",
                  "value": "                   "
                }
              ]
            },
            {
              "field": [
                {
                  "seq": "1",
                  "id": "ARXXLO-NA-NAME-LINE-1",
                  "value": "ANTHONY ZAC THOMAS                      "
                },
                {
                  "seq": "1",
                  "id": "ARXXLO-CO-OWNER-NAME-LINE-1",
                  "value": "                                        "
                },
                {
                  "seq": "1",
                  "id": "ARXXLO-ACCT-TYPE",
                  "value": " "
                },
                {
                  "seq": "1",
                  "id": "ARXXLO-LT-AMKX-BS-ACCT",
                  "value": "0004230005140139422"
                },
                {
                  "seq": "1",
                  "id": "ARXXLO-ADDR-1",
                  "value": "FERRARI ROAD                            "
                },
                {
                  "seq": "1",
                  "id": "ARXXLO-POSTAL-CODE",
                  "value": "          "
                },
                {
                  "seq": "1",
                  "id": "ARXXLO-O-NAME-ADDR-1",
                  "value": "FIRST DATA PROCESSING CENTRE            "
                },
                {
                  "seq": "1",
                  "id": "ARXXLO-LT-KEY",
                  "value": "ACADEMY                                 9510004230005140139372O1"
                },
                {
                  "seq": "1",
                  "id": "ARXXLO-LT-AMKX-NA-ORG",
                  "value": "951"
                },
                {
                  "seq": "1",
                  "id": "ARXXLO-LT-AMKX-NA-ACCT",
                  "value": "0004230005140139422"
                },
                {
                  "seq": "1",
                  "id": "ARXXLO-LT-AMKX-BS-ORG",
                  "value": "951"
                },
                {
                  "seq": "1",
                  "id": "ARXXLO-LT-AMKX-ASSOC-TYPE",
                  "value": "0"
                },
                {
                  "seq": "1",
                  "id": "ARXXLO-BS-INT-STATUS",
                  "value": " "
                },
                {
                  "seq": "1",
                  "id": "ARXXLO-BS-INT-DESC",
                  "value": "                         "
                },
                {
                  "seq": "1",
                  "id": "ARXXLO-RM-REL-NBR",
                  "value": "                   "
                }
              ]
            },
            {
              "field": [
                {
                  "seq": "1",
                  "id": "ARXXLO-NA-NAME-LINE-1",
                  "value": "MISTER TRANSFER ACCOUNT                 "
                },
                {
                  "seq": "1",
                  "id": "ARXXLO-CO-OWNER-NAME-LINE-1",
                  "value": "                                        "
                },
                {
                  "seq": "1",
                  "id": "ARXXLO-ACCT-TYPE",
                  "value": "A"
                },
                {
                  "seq": "1",
                  "id": "ARXXLO-LT-AMKX-BS-ACCT",
                  "value": "0004230005140118483"
                },
                {
                  "seq": "1",
                  "id": "ARXXLO-ADDR-1",
                  "value": "                                        "
                },
                {
                  "seq": "1",
                  "id": "ARXXLO-POSTAL-CODE",
                  "value": "          "
                },
                {
                  "seq": "1",
                  "id": "ARXXLO-O-NAME-ADDR-1",
                  "value": "FIRST DATA PROCESSING CENTRE            "
                },
                {
                  "seq": "1",
                  "id": "ARXXLO-LT-KEY",
                  "value": "ACCOUNT                                 9510004230005140118483O1"
                },
                {
                  "seq": "1",
                  "id": "ARXXLO-LT-AMKX-NA-ORG",
                  "value": "951"
                },
                {
                  "seq": "1",
                  "id": "ARXXLO-LT-AMKX-NA-ACCT",
                  "value": "0004230005140118483"
                },
                {
                  "seq": "1",
                  "id": "ARXXLO-LT-AMKX-BS-ORG",
                  "value": "951"
                },
                {
                  "seq": "1",
                  "id": "ARXXLO-LT-AMKX-ASSOC-TYPE",
                  "value": "0"
                },
                {
                  "seq": "1",
                  "id": "ARXXLO-BS-INT-STATUS",
                  "value": "9"
                },
                {
                  "seq": "1",
                  "id": "ARXXLO-BS-INT-DESC",
                  "value": "PENDING PURGED           "
                },
                {
                  "seq": "1",
                  "id": "ARXXLO-RM-REL-NBR",
                  "value": "                   "
                }
              ]
            },
            {
              "field": [
                {
                  "seq": "1",
                  "id": "ARXXLO-NA-NAME-LINE-1",
                  "value": "MISTER SECOND ACCOUNT                   "
                },
                {
                  "seq": "1",
                  "id": "ARXXLO-CO-OWNER-NAME-LINE-1",
                  "value": "                                        "
                },
                {
                  "seq": "1",
                  "id": "ARXXLO-ACCT-TYPE",
                  "value": "A"
                },
                {
                  "seq": "1",
                  "id": "ARXXLO-LT-AMKX-BS-ACCT",
                  "value": "0004230005140125637"
                },
                {
                  "seq": "1",
                  "id": "ARXXLO-ADDR-1",
                  "value": "                                        "
                },
                {
                  "seq": "1",
                  "id": "ARXXLO-POSTAL-CODE",
                  "value": "          "
                },
                {
                  "seq": "1",
                  "id": "ARXXLO-O-NAME-ADDR-1",
                  "value": "FIRST DATA PROCESSING CENTRE            "
                },
                {
                  "seq": "1",
                  "id": "ARXXLO-LT-KEY",
                  "value": "ACCOUNT                                 9510004230005140125637O1"
                },
                {
                  "seq": "1",
                  "id": "ARXXLO-LT-AMKX-NA-ORG",
                  "value": "951"
                },
                {
                  "seq": "1",
                  "id": "ARXXLO-LT-AMKX-NA-ACCT",
                  "value": "0004230005140125637"
                },
                {
                  "seq": "1",
                  "id": "ARXXLO-LT-AMKX-BS-ORG",
                  "value": "951"
                },
                {
                  "seq": "1",
                  "id": "ARXXLO-LT-AMKX-ASSOC-TYPE",
                  "value": "0"
                },
                {
                  "seq": "1",
                  "id": "ARXXLO-BS-INT-STATUS",
                  "value": "Z"
                },
                {
                  "seq": "1",
                  "id": "ARXXLO-BS-INT-DESC",
                  "value": "CHARGE OFF NORMAL        "
                },
                {
                  "seq": "1",
                  "id": "ARXXLO-RM-REL-NBR",
                  "value": "                   "
                }
              ]
            },
            {
              "field": [
                {
                  "seq": "1",
                  "id": "ARXXLO-NA-NAME-LINE-1",
                  "value": "MR FIRST PREPAID ACCOUNT                "
                },
                {
                  "seq": "1",
                  "id": "ARXXLO-CO-OWNER-NAME-LINE-1",
                  "value": "                                        "
                },
                {
                  "seq": "1",
                  "id": "ARXXLO-ACCT-TYPE",
                  "value": "A"
                },
                {
                  "seq": "1",
                  "id": "ARXXLO-LT-AMKX-BS-ACCT",
                  "value": "0004230075110100027"
                },
                {
                  "seq": "1",
                  "id": "ARXXLO-ADDR-1",
                  "value": "                                        "
                },
                {
                  "seq": "1",
                  "id": "ARXXLO-POSTAL-CODE",
                  "value": "          "
                },
                {
                  "seq": "1",
                  "id": "ARXXLO-O-NAME-ADDR-1",
                  "value": "FIRST DATA PROCESSING CENTRE            "
                },
                {
                  "seq": "1",
                  "id": "ARXXLO-LT-KEY",
                  "value": "ACCOUNT                                 9510004230075110100027O1"
                },
                {
                  "seq": "1",
                  "id": "ARXXLO-LT-AMKX-NA-ORG",
                  "value": "951"
                },
                {
                  "seq": "1",
                  "id": "ARXXLO-LT-AMKX-NA-ACCT",
                  "value": "0004230075110100027"
                },
                {
                  "seq": "1",
                  "id": "ARXXLO-LT-AMKX-BS-ORG",
                  "value": "951"
                },
                {
                  "seq": "1",
                  "id": "ARXXLO-LT-AMKX-ASSOC-TYPE",
                  "value": "0"
                },
                {
                  "seq": "1",
                  "id": "ARXXLO-BS-INT-STATUS",
                  "value": "A"
                },
                {
                  "seq": "1",
                  "id": "ARXXLO-BS-INT-DESC",
                  "value": "ACTIVE                   "
                },
                {
                  "seq": "1",
                  "id": "ARXXLO-RM-REL-NBR",
                  "value": "                   "
                }
              ]
            },
            {
              "field": [
                {
                  "seq": "1",
                  "id": "ARXXLO-NA-NAME-LINE-1",
                  "value": "MR NEW ACCOUNTTEST-ONE                  "
                },
                {
                  "seq": "1",
                  "id": "ARXXLO-CO-OWNER-NAME-LINE-1",
                  "value": "                                        "
                },
                {
                  "seq": "1",
                  "id": "ARXXLO-ACCT-TYPE",
                  "value": "A"
                },
                {
                  "seq": "1",
                  "id": "ARXXLO-LT-AMKX-BS-ACCT",
                  "value": "0005995016000010605"
                },
                {
                  "seq": "1",
                  "id": "ARXXLO-ADDR-1",
                  "value": "TESTING LANE                            "
                },
                {
                  "seq": "1",
                  "id": "ARXXLO-POSTAL-CODE",
                  "value": "TT1 1TT   "
                },
                {
                  "seq": "1",
                  "id": "ARXXLO-O-NAME-ADDR-1",
                  "value": "FIRST DATA PROCESSING CENTRE            "
                },
                {
                  "seq": "1",
                  "id": "ARXXLO-LT-KEY",
                  "value": "ACCOUNTTEST-ONE                         9510005995016000010605O1"
                },
                {
                  "seq": "1",
                  "id": "ARXXLO-LT-AMKX-NA-ORG",
                  "value": "951"
                },
                {
                  "seq": "1",
                  "id": "ARXXLO-LT-AMKX-NA-ACCT",
                  "value": "0005995016000010605"
                },
                {
                  "seq": "1",
                  "id": "ARXXLO-LT-AMKX-BS-ORG",
                  "value": "951"
                },
                {
                  "seq": "1",
                  "id": "ARXXLO-LT-AMKX-ASSOC-TYPE",
                  "value": "0"
                },
                {
                  "seq": "1",
                  "id": "ARXXLO-BS-INT-STATUS",
                  "value": "D"
                },
                {
                  "seq": "1",
                  "id": "ARXXLO-BS-INT-DESC",
                  "value": "DORMANT                  "
                },
                {
                  "seq": "1",
                  "id": "ARXXLO-RM-REL-NBR",
                  "value": "                   "
                }
              ]
            },
            {
              "field": [
                {
                  "seq": "1",
                  "id": "ARXXLO-NA-NAME-LINE-1",
                  "value": "MISS KATIE T ACKLAM                     "
                },
                {
                  "seq": "1",
                  "id": "ARXXLO-CO-OWNER-NAME-LINE-1",
                  "value": "                                        "
                },
                {
                  "seq": "1",
                  "id": "ARXXLO-ACCT-TYPE",
                  "value": "A"
                },
                {
                  "seq": "1",
                  "id": "ARXXLO-LT-AMKX-BS-ACCT",
                  "value": "0004230005140141139"
                },
                {
                  "seq": "1",
                  "id": "ARXXLO-ADDR-1",
                  "value": "BURDETT AVENUE                          "
                },
                {
                  "seq": "1",
                  "id": "ARXXLO-POSTAL-CODE",
                  "value": "SS0 7NJ   "
                },
                {
                  "seq": "1",
                  "id": "ARXXLO-O-NAME-ADDR-1",
                  "value": "FIRST DATA PROCESSING CENTRE            "
                },
                {
                  "seq": "1",
                  "id": "ARXXLO-LT-KEY",
                  "value": "ACKLAM                                  9510004230005140141139O1"
                },
                {
                  "seq": "1",
                  "id": "ARXXLO-LT-AMKX-NA-ORG",
                  "value": "951"
                },
                {
                  "seq": "1",
                  "id": "ARXXLO-LT-AMKX-NA-ACCT",
                  "value": "0004230005140141139"
                },
                {
                  "seq": "1",
                  "id": "ARXXLO-LT-AMKX-BS-ORG",
                  "value": "951"
                },
                {
                  "seq": "1",
                  "id": "ARXXLO-LT-AMKX-ASSOC-TYPE",
                  "value": "0"
                },
                {
                  "seq": "1",
                  "id": "ARXXLO-BS-INT-STATUS",
                  "value": "A"
                },
                {
                  "seq": "1",
                  "id": "ARXXLO-BS-INT-DESC",
                  "value": "ACTIVE                   "
                },
                {
                  "seq": "1",
                  "id": "ARXXLO-RM-REL-NBR",
                  "value": "                   "
                }
              ]
            },
            {
              "field": [
                {
                  "seq": "1",
                  "id": "ARXXLO-NA-NAME-LINE-1",
                  "value": "ADAM SCOTT                              "
                },
                {
                  "seq": "1",
                  "id": "ARXXLO-CO-OWNER-NAME-LINE-1",
                  "value": "                                        "
                },
                {
                  "seq": "1",
                  "id": "ARXXLO-ACCT-TYPE",
                  "value": "A"
                },
                {
                  "seq": "1",
                  "id": "ARXXLO-LT-AMKX-BS-ACCT",
                  "value": "0004230005140138655"
                },
                {
                  "seq": "1",
                  "id": "ARXXLO-ADDR-1",
                  "value": "BLUE MOUBTAINS                          "
                },
                {
                  "seq": "1",
                  "id": "ARXXLO-POSTAL-CODE",
                  "value": "1144554455"
                },
                {
                  "seq": "1",
                  "id": "ARXXLO-O-NAME-ADDR-1",
                  "value": "FIRST DATA PROCESSING CENTRE            "
                },
                {
                  "seq": "1",
                  "id": "ARXXLO-LT-KEY",
                  "value": "ADAM SCOTT                              9510004230005140138655O1"
                },
                {
                  "seq": "1",
                  "id": "ARXXLO-LT-AMKX-NA-ORG",
                  "value": "951"
                },
                {
                  "seq": "1",
                  "id": "ARXXLO-LT-AMKX-NA-ACCT",
                  "value": "0004230005140138655"
                },
                {
                  "seq": "1",
                  "id": "ARXXLO-LT-AMKX-BS-ORG",
                  "value": "951"
                },
                {
                  "seq": "1",
                  "id": "ARXXLO-LT-AMKX-ASSOC-TYPE",
                  "value": "0"
                },
                {
                  "seq": "1",
                  "id": "ARXXLO-BS-INT-STATUS",
                  "value": "A"
                },
                {
                  "seq": "1",
                  "id": "ARXXLO-BS-INT-DESC",
                  "value": "ACTIVE                   "
                },
                {
                  "seq": "1",
                  "id": "ARXXLO-RM-REL-NBR",
                  "value": "                   "
                }
              ]
            },
            {
              "field": [
                {
                  "seq": "1",
                  "id": "ARXXLO-NA-NAME-LINE-1",
                  "value": "MR HENRY ADAMS                          "
                },
                {
                  "seq": "1",
                  "id": "ARXXLO-CO-OWNER-NAME-LINE-1",
                  "value": "                                        "
                },
                {
                  "seq": "1",
                  "id": "ARXXLO-ACCT-TYPE",
                  "value": "A"
                },
                {
                  "seq": "1",
                  "id": "ARXXLO-LT-AMKX-BS-ACCT",
                  "value": "0004230005140132914"
                },
                {
                  "seq": "1",
                  "id": "ARXXLO-ADDR-1",
                  "value": "96 EUSTON ROAD                          "
                },
                {
                  "seq": "1",
                  "id": "ARXXLO-POSTAL-CODE",
                  "value": "NW1 2DB   "
                },
                {
                  "seq": "1",
                  "id": "ARXXLO-O-NAME-ADDR-1",
                  "value": "FIRST DATA PROCESSING CENTRE            "
                },
                {
                  "seq": "1",
                  "id": "ARXXLO-LT-KEY",
                  "value": "ADAMS                                   9510004230005140100042O1"
                },
                {
                  "seq": "1",
                  "id": "ARXXLO-LT-AMKX-NA-ORG",
                  "value": "951"
                },
                {
                  "seq": "1",
                  "id": "ARXXLO-LT-AMKX-NA-ACCT",
                  "value": "0004230005140100042"
                },
                {
                  "seq": "1",
                  "id": "ARXXLO-LT-AMKX-BS-ORG",
                  "value": "951"
                },
                {
                  "seq": "1",
                  "id": "ARXXLO-LT-AMKX-ASSOC-TYPE",
                  "value": "0"
                },
                {
                  "seq": "1",
                  "id": "ARXXLO-BS-INT-STATUS",
                  "value": "A"
                },
                {
                  "seq": "1",
                  "id": "ARXXLO-BS-INT-DESC",
                  "value": "ACTIVE                   "
                },
                {
                  "seq": "1",
                  "id": "ARXXLO-RM-REL-NBR",
                  "value": "                   "
                }
              ]
            },
            {
              "field": [
                {
                  "seq": "1",
                  "id": "ARXXLO-NA-NAME-LINE-1",
                  "value": "MR SHAUN ADAMSON ADAMSON                "
                },
                {
                  "seq": "1",
                  "id": "ARXXLO-CO-OWNER-NAME-LINE-1",
                  "value": "                                        "
                },
                {
                  "seq": "1",
                  "id": "ARXXLO-ACCT-TYPE",
                  "value": " "
                },
                {
                  "seq": "1",
                  "id": "ARXXLO-LT-AMKX-BS-ACCT",
                  "value": "0004230005140123285"
                },
                {
                  "seq": "1",
                  "id": "ARXXLO-ADDR-1",
                  "value": "LIVERPOOL FC                            "
                },
                {
                  "seq": "1",
                  "id": "ARXXLO-POSTAL-CODE",
                  "value": "L4 0TH    "
                },
                {
                  "seq": "1",
                  "id": "ARXXLO-O-NAME-ADDR-1",
                  "value": "FIRST DATA PROCESSING CENTRE            "
                },
                {
                  "seq": "1",
                  "id": "ARXXLO-LT-KEY",
                  "value": "ADAMSON                                 9510000000000000191273O1"
                },
                {
                  "seq": "1",
                  "id": "ARXXLO-LT-AMKX-NA-ORG",
                  "value": "951"
                },
                {
                  "seq": "1",
                  "id": "ARXXLO-LT-AMKX-NA-ACCT",
                  "value": "0000000000000191273"
                },
                {
                  "seq": "1",
                  "id": "ARXXLO-LT-AMKX-BS-ORG",
                  "value": "951"
                },
                {
                  "seq": "1",
                  "id": "ARXXLO-LT-AMKX-ASSOC-TYPE",
                  "value": "0"
                },
                {
                  "seq": "1",
                  "id": "ARXXLO-BS-INT-STATUS",
                  "value": " "
                },
                {
                  "seq": "1",
                  "id": "ARXXLO-BS-INT-DESC",
                  "value": "                         "
                },
                {
                  "seq": "1",
                  "id": "ARXXLO-RM-REL-NBR",
                  "value": "                   "
                }
              ]
            },
            {
              "field": [
                {
                  "seq": "1",
                  "id": "ARXXLO-NA-NAME-LINE-1",
                  "value": "MR SHAUN ADAMSON ADAMSON                "
                },
                {
                  "seq": "1",
                  "id": "ARXXLO-CO-OWNER-NAME-LINE-1",
                  "value": "                                        "
                },
                {
                  "seq": "1",
                  "id": "ARXXLO-ACCT-TYPE",
                  "value": "A"
                },
                {
                  "seq": "1",
                  "id": "ARXXLO-LT-AMKX-BS-ACCT",
                  "value": "0004230005140123368"
                },
                {
                  "seq": "1",
                  "id": "ARXXLO-ADDR-1",
                  "value": "LIVERPOOL FC                            "
                },
                {
                  "seq": "1",
                  "id": "ARXXLO-POSTAL-CODE",
                  "value": "L4 0TH    "
                },
                {
                  "seq": "1",
                  "id": "ARXXLO-O-NAME-ADDR-1",
                  "value": "FIRST DATA PROCESSING CENTRE            "
                },
                {
                  "seq": "1",
                  "id": "ARXXLO-LT-KEY",
                  "value": "ADAMSON                                 9510000000000000191273O1"
                },
                {
                  "seq": "1",
                  "id": "ARXXLO-LT-AMKX-NA-ORG",
                  "value": "951"
                },
                {
                  "seq": "1",
                  "id": "ARXXLO-LT-AMKX-NA-ACCT",
                  "value": "0000000000000191273"
                },
                {
                  "seq": "1",
                  "id": "ARXXLO-LT-AMKX-BS-ORG",
                  "value": "951"
                },
                {
                  "seq": "1",
                  "id": "ARXXLO-LT-AMKX-ASSOC-TYPE",
                  "value": "0"
                },
                {
                  "seq": "1",
                  "id": "ARXXLO-BS-INT-STATUS",
                  "value": "9"
                },
                {
                  "seq": "1",
                  "id": "ARXXLO-BS-INT-DESC",
                  "value": "PENDING PURGED           "
                },
                {
                  "seq": "1",
                  "id": "ARXXLO-RM-REL-NBR",
                  "value": "                   "
                }
              ]
            },
            {
              "field": [
                {
                  "seq": "1",
                  "id": "ARXXLO-NA-NAME-LINE-1",
                  "value": "DR RICHARD ADAMSON                      "
                },
                {
                  "seq": "1",
                  "id": "ARXXLO-CO-OWNER-NAME-LINE-1",
                  "value": "MRS FIONA JANE BRUCE                    "
                },
                {
                  "seq": "1",
                  "id": "ARXXLO-ACCT-TYPE",
                  "value": "A"
                },
                {
                  "seq": "1",
                  "id": "ARXXLO-LT-AMKX-BS-ACCT",
                  "value": "0004230005140131379"
                },
                {
                  "seq": "1",
                  "id": "ARXXLO-ADDR-1",
                  "value": "RIDE LANE                               "
                },
                {
                  "seq": "1",
                  "id": "ARXXLO-POSTAL-CODE",
                  "value": "          "
                },
                {
                  "seq": "1",
                  "id": "ARXXLO-O-NAME-ADDR-1",
                  "value": "FIRST DATA PROCESSING CENTRE            "
                },
                {
                  "seq": "1",
                  "id": "ARXXLO-LT-KEY",
                  "value": "ADAMSON                                 9510004230005140131379C1"
                },
                {
                  "seq": "1",
                  "id": "ARXXLO-LT-AMKX-NA-ORG",
                  "value": "951"
                },
                {
                  "seq": "1",
                  "id": "ARXXLO-LT-AMKX-NA-ACCT",
                  "value": "0004230005140131379"
                },
                {
                  "seq": "1",
                  "id": "ARXXLO-LT-AMKX-BS-ORG",
                  "value": "951"
                },
                {
                  "seq": "1",
                  "id": "ARXXLO-LT-AMKX-ASSOC-TYPE",
                  "value": "0"
                },
                {
                  "seq": "1",
                  "id": "ARXXLO-BS-INT-STATUS",
                  "value": "A"
                },
                {
                  "seq": "1",
                  "id": "ARXXLO-BS-INT-DESC",
                  "value": "ACTIVE                   "
                },
                {
                  "seq": "1",
                  "id": "ARXXLO-RM-REL-NBR",
                  "value": "                   "
                }
              ]
            },
            {
              "field": [
                {
                  "seq": "1",
                  "id": "ARXXLO-NA-NAME-LINE-1",
                  "value": "MS CORRESPONDANCE ADDRESS               "
                },
                {
                  "seq": "1",
                  "id": "ARXXLO-CO-OWNER-NAME-LINE-1",
                  "value": "                                        "
                },
                {
                  "seq": "1",
                  "id": "ARXXLO-ACCT-TYPE",
                  "value": "A"
                },
                {
                  "seq": "1",
                  "id": "ARXXLO-LT-AMKX-BS-ACCT",
                  "value": "0004999955140101031"
                },
                {
                  "seq": "1",
                  "id": "ARXXLO-ADDR-1",
                  "value": "BEVEN WAY                               "
                },
                {
                  "seq": "1",
                  "id": "ARXXLO-POSTAL-CODE",
                  "value": "RM12 6HG  "
                },
                {
                  "seq": "1",
                  "id": "ARXXLO-O-NAME-ADDR-1",
                  "value": "FIRST DATA PROCESSING CENTRE            "
                },
                {
                  "seq": "1",
                  "id": "ARXXLO-LT-KEY",
                  "value": "ADDRESS                                 9510004999955140101031O1"
                },
                {
                  "seq": "1",
                  "id": "ARXXLO-LT-AMKX-NA-ORG",
                  "value": "951"
                },
                {
                  "seq": "1",
                  "id": "ARXXLO-LT-AMKX-NA-ACCT",
                  "value": "0004999955140101031"
                },
                {
                  "seq": "1",
                  "id": "ARXXLO-LT-AMKX-BS-ORG",
                  "value": "951"
                },
                {
                  "seq": "1",
                  "id": "ARXXLO-LT-AMKX-ASSOC-TYPE",
                  "value": "0"
                },
                {
                  "seq": "1",
                  "id": "ARXXLO-BS-INT-STATUS",
                  "value": "9"
                },
                {
                  "seq": "1",
                  "id": "ARXXLO-BS-INT-DESC",
                  "value": "PENDING PURGED           "
                },
                {
                  "seq": "1",
                  "id": "ARXXLO-RM-REL-NBR",
                  "value": "                   "
                }
              ]
            },
            {
              "field": [
                {
                  "seq": "1",
                  "id": "ARXXLO-NA-NAME-LINE-1",
                  "value": "DR MOHAMMAD AFFANDI                     "
                },
                {
                  "seq": "1",
                  "id": "ARXXLO-CO-OWNER-NAME-LINE-1",
                  "value": "                                        "
                },
                {
                  "seq": "1",
                  "id": "ARXXLO-ACCT-TYPE",
                  "value": "A"
                },
                {
                  "seq": "1",
                  "id": "ARXXLO-LT-AMKX-BS-ACCT",
                  "value": "0004230005140138887"
                },
                {
                  "seq": "1",
                  "id": "ARXXLO-ADDR-1",
                  "value": " NBAD ACADEMY BUILDING                  "
                },
                {
                  "seq": "1",
                  "id": "ARXXLO-POSTAL-CODE",
                  "value": "          "
                },
                {
                  "seq": "1",
                  "id": "ARXXLO-O-NAME-ADDR-1",
                  "value": "FIRST DATA PROCESSING CENTRE            "
                },
                {
                  "seq": "1",
                  "id": "ARXXLO-LT-KEY",
                  "value": "AFFANDI                                 9510004230005140101882O1"
                },
                {
                  "seq": "1",
                  "id": "ARXXLO-LT-AMKX-NA-ORG",
                  "value": "951"
                },
                {
                  "seq": "1",
                  "id": "ARXXLO-LT-AMKX-NA-ACCT",
                  "value": "0004230005140101882"
                },
                {
                  "seq": "1",
                  "id": "ARXXLO-LT-AMKX-BS-ORG",
                  "value": "951"
                },
                {
                  "seq": "1",
                  "id": "ARXXLO-LT-AMKX-ASSOC-TYPE",
                  "value": "0"
                },
                {
                  "seq": "1",
                  "id": "ARXXLO-BS-INT-STATUS",
                  "value": "A"
                },
                {
                  "seq": "1",
                  "id": "ARXXLO-BS-INT-DESC",
                  "value": "ACTIVE                   "
                },
                {
                  "seq": "1",
                  "id": "ARXXLO-RM-REL-NBR",
                  "value": "                   "
                }
              ]
            },
            {
              "field": [
                {
                  "seq": "1",
                  "id": "ARXXLO-NA-NAME-LINE-1",
                  "value": "MR NAVEED AFTAB                         "
                },
                {
                  "seq": "1",
                  "id": "ARXXLO-CO-OWNER-NAME-LINE-1",
                  "value": "                                        "
                },
                {
                  "seq": "1",
                  "id": "ARXXLO-ACCT-TYPE",
                  "value": "A"
                },
                {
                  "seq": "1",
                  "id": "ARXXLO-LT-AMKX-BS-ACCT",
                  "value": "0004230005140125132"
                },
                {
                  "seq": "1",
                  "id": "ARXXLO-ADDR-1",
                  "value": "ABC                                     "
                },
                {
                  "seq": "1",
                  "id": "ARXXLO-POSTAL-CODE",
                  "value": "74200     "
                },
                {
                  "seq": "1",
                  "id": "ARXXLO-O-NAME-ADDR-1",
                  "value": "FIRST DATA PROCESSING CENTRE            "
                },
                {
                  "seq": "1",
                  "id": "ARXXLO-LT-KEY",
                  "value": "AFTAB                                   9510000004220150156435O1"
                },
                {
                  "seq": "1",
                  "id": "ARXXLO-LT-AMKX-NA-ORG",
                  "value": "951"
                },
                {
                  "seq": "1",
                  "id": "ARXXLO-LT-AMKX-NA-ACCT",
                  "value": "0000004220150156435"
                },
                {
                  "seq": "1",
                  "id": "ARXXLO-LT-AMKX-BS-ORG",
                  "value": "951"
                },
                {
                  "seq": "1",
                  "id": "ARXXLO-LT-AMKX-ASSOC-TYPE",
                  "value": "0"
                },
                {
                  "seq": "1",
                  "id": "ARXXLO-BS-INT-STATUS",
                  "value": "Z"
                },
                {
                  "seq": "1",
                  "id": "ARXXLO-BS-INT-DESC",
                  "value": "CHARGE OFF NORMAL        "
                },
                {
                  "seq": "1",
                  "id": "ARXXLO-RM-REL-NBR",
                  "value": "                   "
                }
              ]
            },
            {
              "field": [
                {
                  "seq": "1",
                  "id": "ARXXLO-NA-NAME-LINE-1",
                  "value": "MRS PANAGIOTOPOULOU XAZI AGGELIKI       "
                },
                {
                  "seq": "1",
                  "id": "ARXXLO-CO-OWNER-NAME-LINE-1",
                  "value": "MRS KONSTANTINA ANTONIOU VASALOU        "
                },
                {
                  "seq": "1",
                  "id": "ARXXLO-ACCT-TYPE",
                  "value": " "
                },
                {
                  "seq": "1",
                  "id": "ARXXLO-LT-AMKX-BS-ACCT",
                  "value": "0004230005140114284"
                },
                {
                  "seq": "1",
                  "id": "ARXXLO-ADDR-1",
                  "value": "                                        "
                },
                {
                  "seq": "1",
                  "id": "ARXXLO-POSTAL-CODE",
                  "value": "          "
                },
                {
                  "seq": "1",
                  "id": "ARXXLO-O-NAME-ADDR-1",
                  "value": "FIRST DATA PROCESSING CENTRE            "
                },
                {
                  "seq": "1",
                  "id": "ARXXLO-LT-KEY",
                  "value": "AGGELIKI                                9512222222222222222222C1"
                },
                {
                  "seq": "1",
                  "id": "ARXXLO-LT-AMKX-NA-ORG",
                  "value": "951"
                },
                {
                  "seq": "1",
                  "id": "ARXXLO-LT-AMKX-NA-ACCT",
                  "value": "2222222222222222222"
                },
                {
                  "seq": "1",
                  "id": "ARXXLO-LT-AMKX-BS-ORG",
                  "value": "951"
                },
                {
                  "seq": "1",
                  "id": "ARXXLO-LT-AMKX-ASSOC-TYPE",
                  "value": "0"
                },
                {
                  "seq": "1",
                  "id": "ARXXLO-BS-INT-STATUS",
                  "value": " "
                },
                {
                  "seq": "1",
                  "id": "ARXXLO-BS-INT-DESC",
                  "value": "                         "
                },
                {
                  "seq": "1",
                  "id": "ARXXLO-RM-REL-NBR",
                  "value": "                   "
                }
              ]
            },
            {
              "field": [
                {
                  "seq": "1",
                  "id": "ARXXLO-NA-NAME-LINE-1",
                  "value": "MRS PANAGIOTOPOULOU XAZI AGGELIKI       "
                },
                {
                  "seq": "1",
                  "id": "ARXXLO-CO-OWNER-NAME-LINE-1",
                  "value": "MRS KONSTANTINA ANTONIOU VASALOU        "
                },
                {
                  "seq": "1",
                  "id": "ARXXLO-ACCT-TYPE",
                  "value": " "
                },
                {
                  "seq": "1",
                  "id": "ARXXLO-LT-AMKX-BS-ACCT",
                  "value": "0005999990000001044"
                },
                {
                  "seq": "1",
                  "id": "ARXXLO-ADDR-1",
                  "value": "                                        "
                },
                {
                  "seq": "1",
                  "id": "ARXXLO-POSTAL-CODE",
                  "value": "          "
                },
                {
                  "seq": "1",
                  "id": "ARXXLO-O-NAME-ADDR-1",
                  "value": "FIRST DATA PROCESSING CENTRE            "
                },
                {
                  "seq": "1",
                  "id": "ARXXLO-LT-KEY",
                  "value": "AGGELIKI                                9512222222222222222222C1"
                },
                {
                  "seq": "1",
                  "id": "ARXXLO-LT-AMKX-NA-ORG",
                  "value": "951"
                },
                {
                  "seq": "1",
                  "id": "ARXXLO-LT-AMKX-NA-ACCT",
                  "value": "2222222222222222222"
                },
                {
                  "seq": "1",
                  "id": "ARXXLO-LT-AMKX-BS-ORG",
                  "value": "951"
                },
                {
                  "seq": "1",
                  "id": "ARXXLO-LT-AMKX-ASSOC-TYPE",
                  "value": "0"
                },
                {
                  "seq": "1",
                  "id": "ARXXLO-BS-INT-STATUS",
                  "value": " "
                },
                {
                  "seq": "1",
                  "id": "ARXXLO-BS-INT-DESC",
                  "value": "                         "
                },
                {
                  "seq": "1",
                  "id": "ARXXLO-RM-REL-NBR",
                  "value": "                   "
                }
              ]
            },
            {
              "field": [
                {
                  "seq": "1",
                  "id": "ARXXLO-NA-NAME-LINE-1",
                  "value": "MR NIRMAL AGNIHOTRI                     "
                },
                {
                  "seq": "1",
                  "id": "ARXXLO-CO-OWNER-NAME-LINE-1",
                  "value": "                                        "
                },
                {
                  "seq": "1",
                  "id": "ARXXLO-ACCT-TYPE",
                  "value": "A"
                },
                {
                  "seq": "1",
                  "id": "ARXXLO-LT-AMKX-BS-ACCT",
                  "value": "0004230005140137798"
                },
                {
                  "seq": "1",
                  "id": "ARXXLO-ADDR-1",
                  "value": "LOWER PARLIAMENT STREET                 "
                },
                {
                  "seq": "1",
                  "id": "ARXXLO-POSTAL-CODE",
                  "value": "NG1 1EH   "
                },
                {
                  "seq": "1",
                  "id": "ARXXLO-O-NAME-ADDR-1",
                  "value": "FIRST DATA PROCESSING CENTRE            "
                },
                {
                  "seq": "1",
                  "id": "ARXXLO-LT-KEY",
                  "value": "AGNIHOTRI                               9510004230005140137798O1"
                },
                {
                  "seq": "1",
                  "id": "ARXXLO-LT-AMKX-NA-ORG",
                  "value": "951"
                },
                {
                  "seq": "1",
                  "id": "ARXXLO-LT-AMKX-NA-ACCT",
                  "value": "0004230005140137798"
                },
                {
                  "seq": "1",
                  "id": "ARXXLO-LT-AMKX-BS-ORG",
                  "value": "951"
                },
                {
                  "seq": "1",
                  "id": "ARXXLO-LT-AMKX-ASSOC-TYPE",
                  "value": "0"
                },
                {
                  "seq": "1",
                  "id": "ARXXLO-BS-INT-STATUS",
                  "value": "A"
                },
                {
                  "seq": "1",
                  "id": "ARXXLO-BS-INT-DESC",
                  "value": "ACTIVE                   "
                },
                {
                  "seq": "1",
                  "id": "ARXXLO-RM-REL-NBR",
                  "value": "                   "
                }
              ]
            },
            {
              "field": [
                {
                  "seq": "1",
                  "id": "ARXXLO-NA-NAME-LINE-1",
                  "value": "ASIM AHMED                              "
                },
                {
                  "seq": "1",
                  "id": "ARXXLO-CO-OWNER-NAME-LINE-1",
                  "value": "                                        "
                },
                {
                  "seq": "1",
                  "id": "ARXXLO-ACCT-TYPE",
                  "value": "A"
                },
                {
                  "seq": "1",
                  "id": "ARXXLO-LT-AMKX-BS-ACCT",
                  "value": "0004230005140139059"
                },
                {
                  "seq": "1",
                  "id": "ARXXLO-ADDR-1",
                  "value": "NBAD ACADEMY BUILDING                   "
                },
                {
                  "seq": "1",
                  "id": "ARXXLO-POSTAL-CODE",
                  "value": "4         "
                },
                {
                  "seq": "1",
                  "id": "ARXXLO-O-NAME-ADDR-1",
                  "value": "FIRST DATA PROCESSING CENTRE            "
                },
                {
                  "seq": "1",
                  "id": "ARXXLO-LT-KEY",
                  "value": "AHMED                                   9510004230005140101902O1"
                },
                {
                  "seq": "1",
                  "id": "ARXXLO-LT-AMKX-NA-ORG",
                  "value": "951"
                },
                {
                  "seq": "1",
                  "id": "ARXXLO-LT-AMKX-NA-ACCT",
                  "value": "0004230005140101902"
                },
                {
                  "seq": "1",
                  "id": "ARXXLO-LT-AMKX-BS-ORG",
                  "value": "951"
                },
                {
                  "seq": "1",
                  "id": "ARXXLO-LT-AMKX-ASSOC-TYPE",
                  "value": "0"
                },
                {
                  "seq": "1",
                  "id": "ARXXLO-BS-INT-STATUS",
                  "value": "A"
                },
                {
                  "seq": "1",
                  "id": "ARXXLO-BS-INT-DESC",
                  "value": "ACTIVE                   "
                },
                {
                  "seq": "1",
                  "id": "ARXXLO-RM-REL-NBR",
                  "value": "                   "
                }
              ]
            }
          ]
        }
      },
      {
        "id": "6364",
        "rows": {
          "hasMore": "false",
          "row": {
            "field": {
              "seq": "1",
              "id": "ARXXLO-MORE-DATA-FLAG",
              "value": "Y"
            }
          }
        }
      }
    ]
  }
}