{
   "targetNamespace": "http://visionx.firstdata.com/VISIONX/VISIONX.UI.RESPONSE.PAGE.V001",
   "header": {
      "process": {
         "id": "52",
         "name": "Statement Footer",
         "functionName": "Statement Footer"
      },
      "page": {
         "id": "3016",
         "name": "Statement Footer",
         "lastPage": "false",
         "communicatorMsg": "",
         "pageDisplayName": "Statement Footer"
      },
      "sessiontoken": "Z+0Egz6ZiDPYXzerMrmNaD38.CCTRAINING.W.01",
      "request": {
         "id": "005"
      },
      "status": null,
      "currencyAttrib": {
         "currencyCode": "EUR",
         "currencyNOD": "2",
         "percentNOD": "7",
         "peritemNOD": "3",
         "currSymbol": "€",
         "negativeFormat": "A",
         "digitGroupSymbol": ".",
         "digitGroupNumber": "3",
         "decimalSymbol": ","
      }
   },
   "group": [
      {
         "id": "5020",
         "name": "",
         "desc": "",
         "grouplink": "",
         "rows": {
            "hasMore": "false",
            "row": [
               {
                  "field": [   
                    {
                        "seq": "1",
                        "id": "ARXRDO-TD-TXN-POSTING-DATE",
                        "control": "GridLabel",
                        "reqIndicator": "false",
                        "maxChars": "5",
                        "value": "05/03/2013",
                        "label": "Transaction Date",
                        "controlLabel": null
                     },                                      
                     {
                        "seq": "1",
                        "id": "ARXRDO-TD-TXN-POSTING-DATE",
                        "control": "GridLabel",
                        "reqIndicator": "false",
                        "maxChars": "5",
                        "value": "05/03/2013",
                        "label": "Post Date",
                        "controlLabel": null
                     },
                     {
                        "seq": "1",
                        "id": "ARXRDO-TD-TXN-DESC",
                        "control": "GridLabel",
                        "reqIndicator": "false",
                        "maxChars": "17",
                        "value": "",
                        "label": "Description",
                        "controlLabel": null
                     },
                     {
                        "seq": "1",
                        "id": "ARXRDO-TD-TXN-AMOUNT",
                        "control": "GridLabel",
                        "reqIndicator": "false",
                        "maxChars": "7",
                        "value": "1500000",
                        "label": "Amount",
                        "controlLabel": null
                     },
                     {
                        "seq": "1",
                        "id": "ARXRDO-TD-TXN-DTLS",
                        "control": "GridDetail",
                        "reqIndicator": "false",
                        "maxChars": "7",
                        "value": "1500000",
                        "label": "Transaction Details",
                        "controlLabel": null
                     },
                     {
                        "seq": "1",
                        "id": "ARXRDO-TD-TXN-SACCOUNT",
                        "control": "Label",
                        "reqIndicator": "false",
                        "maxChars": "17",
                        "value": "D",
                        "label": "Source Account",
                        "controlLabel": null
                     }
                  ]
               },              
               {
                  "field": [     
                    {
                        "seq": "1",
                        "id": "ARXRDO-TD-TXN-POSTING-DATE",
                        "control": "GridLabel",
                        "reqIndicator": "false",
                        "maxChars": "5",
                        "value": "05/03/2013",
                        "label": "Transaction Date",
                        "controlLabel": null
                     },               
                     {
                        "seq": "1",
                        "id": "ARXRDO-TD-TXN-POSTING-DATE",
                        "control": "GridLabel",
                        "reqIndicator": "false",
                        "maxChars": "5",
                        "value": "05/03/2013",
                        "label": "Post Date",
                        "controlLabel": null
                     },
                     {
                        "seq": "1",
                        "id": "ARXRDO-TD-TXN-DESC",
                        "control": "GridLabel",
                        "reqIndicator": "false",
                        "maxChars": "17",
                        "value": "",
                        "label": "Description",
                        "controlLabel": null
                     },
                     {
                        "seq": "1",
                        "id": "ARXRDO-TD-TXN-AMOUNT",
                        "control": "GridLabel",
                        "reqIndicator": "false",
                        "maxChars": "7",
                        "value": "1500000",
                        "label": "Amount",
                        "controlLabel": null
                     },
                     {
                        "seq": "1",
                        "id": "ARXRDO-TD-TXN-DTLS",
                        "control": "GridDetail",
                        "reqIndicator": "false",
                        "maxChars": "7",
                        "value": "1500000",
                        "label": "Transaction Details",
                        "controlLabel": null
                     },
                     {
                        "seq": "1",
                        "id": "ARXRDO-TD-TXN-SACCOUNT",
                        "control": "Label",
                        "reqIndicator": "false",
                        "maxChars": "17",
                        "value": "D",
                        "label": "Source Account",
                        "controlLabel": null
                     }
                  ]
               }
              
               
            ]
         }
      },
      {
         "id": "5021",
         "name": "",
         "desc": "",
         "grouplink": "",
         "rows": {
            "hasMore": "false",
            "row": {
               "field": [
                  {
                     "seq": "1",
                     "id": "ARXPFO-ORG",
                     "control": "Hidden",
                     "reqIndicator": "false",
                     "maxChars": "3",
                     "value": "951",
                     "controlLabel": null
                  },
                  {
                     "seq": "1",
                     "id": "ARXPFO-ACCT",
                     "control": "Hidden",
                     "reqIndicator": "false",
                     "maxChars": "19",
                     "value": "0004230005140138895",
                     "controlLabel": null
                  }
               ]
            }
         }
      }
   ]
}