{
    "targetNamespace": "http://visionx.firstdata.com/VISIONX/VISIONX.UI.RESPONSE.PAGE.V001",
    "header": {
        "process": {
            "id": "976",
            "name": "Authorisation Request Function",
            "functionName": "Authorisation Request"
        },
        "page": {
            "id": "3566",
            "name": "Authorisation Data",
            "lastPage": "false",
            "communicatorMsg": "",
            "pageDisplayName": "Authorisation Data"
        },
        "sessiontoken": {
            "text": "s+fiYctmq32+K8HR0JODtdxZ.CCTRAINING.W.01"
        },
        "request": {
            "id": "005"
        },
        "status": null,
        "currencyAttrib": {
            "currencyCode": "EUR",
            "currencyNOD": "2",
            "percentNOD": "7",
            "peritemNOD": "3",
            "currSymbol": "€",
            "negativeFormat": "A",
            "digitGroupSymbol": ".",
            "digitGroupNumber": "3",
            "decimalSymbol": ","
        }
    },
    "group": {
        "id": "5933",
        "name": "",
        "desc": "",
        "grouplink": "",
        "field": [
            {
                "seq": "1",
                "id": "ARXMDO-OUTPUT-STORE-NBR-1",
                "xrefField": "OFXARI-STORE-NBR",
                "control": "TextInputField",
                "reqIndicator": "true",
                "maxChars": "9",
                "value": {
                    "nil": "true"
                },
                "desc": {
                    "text": "no tool tip"
                },
                "label": {
                    "text": "Store Number"
                },
                "controlLabel": null
            },
            {
                "seq": "1",
                "id": "ARXMDO-OUTPUT-AMT-1",
                "xrefField": "OFXARI-AMT",
                "control": "TextInputField",
                "reqIndicator": "true",
                "maxChars": "17",
                "value": {
                    "text": "0"
                },
                "desc": {
                    "text": "no tool tip"
                },
                "label": {
                    "text": "Amount"
                },
                "controlLabel": null
            },
            {
                "seq": "1",
                "id": "ARXMDO-OUTPUT-NBR-1",
                "xrefField": "OFXARI-PLAN",
                "control": "FilterD4",
                "reqIndicator": "true",
                "maxChars": "7",
                "value": {
                    "nil": "true"
                },
                "desc": {
                    "text": "no tool tip"
                },
                "label": {
                    "text": "Plan"
                },
                "link": {
                    "action": "",
                    "process_id": "974",
                    "page_id": "3564",
                    "processName": "Credit Plan Master Listing",
                    "pageName": "CREDIT PLAN D4",
                    "functionName": "",
                    "param": [
                        {
                            "name": "AMCP-ORG"
                        },
                        {
                            "name": "AMCP-PLAN"
                        }
                    ]
                },
                "controlLabel": null,
                "mappingField": {
                    "text": "AMCP-PLAN"
                },
                "subordinates": {
                    "subordinate": {
                        "id": "ARXMDO-OUTPUT-NBR-1"
                    }
                }
            },
            {
                "seq": "1",
                "id": "ARXMDO-OUTPUT-NBR-2",
                "xrefField": "OFXARI-SEC-CODE",
                "control": "TextInputField",
                "reqIndicator": "false",
                "maxChars": "7",
                "value": {
                    "text": "0"
                },
                "desc": {
                    "text": "no tool tip"
                },
                "label": {
                    "text": "Security Code"
                },
                "controlLabel": null
            },
            {
                "seq": "1",
                "id": "ARXMDO-OUTPUT-FLAG-1",
                "xrefField": "OFXARI-SEC-PRES-IND",
                "control": "Dropdown",
                "reqIndicator": "false",
                "maxChars": "1",
                "value": {
                    "nil": "true"
                },
                "valueDesc": null,
                "desc": {
                    "text": "no tool tip"
                },
                "valueList": [
                    {
                        "item": [
                            {
                                "code": "0",
                                "text": "Bypassed"
                            },
                            {
                                "code": "1",
                                "text": "Present"
                            },
                            {
                                "code": "2",
                                "text": "Illegible"
                            },
                            {
                                "code": "9",
                                "text": "Not Imprint"
                            }
                        ]
                    },
                    null
                ],
                "label": {
                    "text": "Security Code Presence Indicator"
                },
                "controlLabel": null,
                "subordinates": {
                    "subordinate": [
                        {
                            "id": "ARXMDO-OUTPUT-AMT-1"
                        },
                        {
                            "id": "ARXMDO-OUTPUT-FLAG-2"
                        }
                    ]
                }
            },
            {
                "seq": "1",
                "id": "ARXMDO-OUTPUT-FLAG-2",
                "xrefField": "OFXARI-BILL-PYMT-IND",
                "control": "Dropdown",
                "reqIndicator": "false",
                "maxChars": "1",
                "value": {
                    "nil": "true"
                },
                "valueDesc": null,
                "desc": {
                    "text": "no tool tip"
                },
                "valueList": [
                    {
                        "item": [
                            {
                                "code": "N",
                                "text": "Bill payment not active"
                            },
                            {
                                "code": "Y",
                                "text": "Bill payment active"
                            }
                        ]
                    },
                    null
                ],
                "label": {
                    "text": "Bill Payment"
                },
                "controlLabel": null,
                "defaultValue": {
                    "text": "N"
                }
            },
            {
                "seq": "1",
                "id": "ARXMDO-OUTPUT-FLAG-3",
                "xrefField": "OFXARI-RECUR-PYMT-IND",
                "control": "Dropdown",
                "reqIndicator": "false",
                "state": "INVISIBLE",
                "maxChars": "1",
                "value": {
                    "nil": "true"
                },
                "valueDesc": null,
                "desc": {
                    "text": "no tool tip"
                },
                "valueList": {
                    "item": [
                        {
                            "code": "N",
                            "text": "Recurring payment not active"
                        },
                        {
                            "code": "Y",
                            "text": "Recurring payment active"
                        }
                    ]
                },
                "label": {
                    "text": "Recurring Payment"
                },
                "controlLabel": null,
                "defaultValue": {
                    "text": "N"
                },
                "primaryFields": {
                    "priField": "AMCR-LB-QTRLY-AFF-FL"
                }
            },
            {
                "seq": "1",
                "id": "AMCR-LB-QTRLY-AFF-FL",
                "control": "Hidden",
                "reqIndicator": "false",
                "maxChars": "3",
                "value": {
                    "text": "V1"
                },
                "valueDesc": null,
                "desc": {
                    "text": "Indicates the Europay, MasterCard, Visa, or American Express cardholder affiliation."
                },
                "valueList": {
                    "item": [
                        {
                            "code": "V1",
                            "text": "Visa Classic Card"
                        },
                        {
                            "code": "E07",
                            "text": "Europay Cobranded/Affinity Gold"
                        },
                        {
                            "code": "UN",
                            "text": "Premium Debit MasterCard Unembossed"
                        },
                        {
                            "code": "V2",
                            "text": "Visa Gold (Premier) Card"
                        },
                        {
                            "code": "V3",
                            "text": "Visa Business Classic Card"
                        },
                        {
                            "code": "V4",
                            "text": "Visa Business Gold (Premier) Card"
                        },
                        {
                            "code": "UK",
                            "text": "MasterCard Central Travel Solutions-Air"
                        },
                        {
                            "code": "UL",
                            "text": "MasterCard Central Travel Solutions-Land"
                        },
                        {
                            "code": "E12",
                            "text": "Europay Private Gold Charge"
                        },
                        {
                            "code": "MP",
                            "text": "MasterCard Corporate World Elite"
                        },
                        {
                            "code": "MQ",
                            "text": "MasterCard Corporate World"
                        },
                        {
                            "code": "E09",
                            "text": "Europay Private Standard"
                        },
                        {
                            "code": "MK",
                            "text": "MasterCard Brokerage Money Card"
                        },
                        {
                            "code": "ML",
                            "text": "MasterCard Miscellaneous Money Card"
                        },
                        {
                            "code": "MM",
                            "text": "MasterCard Platinum Card"
                        },
                        {
                            "code": "MN",
                            "text": "MasterCard Corporate Fleet Card"
                        },
                        {
                            "code": "MO",
                            "text": "World Elite MasterCard for Business"
                        },
                        {
                            "code": "MR",
                            "text": "World MasterCard for Business"
                        },
                        {
                            "code": "MS",
                            "text": "MasterCard Corporate Card"
                        },
                        {
                            "code": "MT",
                            "text": "MasterCard Government Commercial Card"
                        },
                        {
                            "code": "MU",
                            "text": "MC Prepaid Government Comm Card"
                        },
                        {
                            "code": "MV",
                            "text": "MasterCard Public Sector Comm Card"
                        },
                        {
                            "code": "MW",
                            "text": "MasterCard World Card"
                        },
                        {
                            "code": "MX",
                            "text": "MasterCard Maestro"
                        },
                        {
                            "code": "MY",
                            "text": "MasterCard Gold Maestro"
                        },
                        {
                            "code": "P1",
                            "text": "Private Label 1 (User-defined)"
                        },
                        {
                            "code": "P2",
                            "text": "Private Label 2 (User-defined)"
                        },
                        {
                            "code": "P3",
                            "text": "Private Label 3 (User-defined)"
                        },
                        {
                            "code": "P4",
                            "text": "Private Label 4 (User-defined)"
                        },
                        {
                            "code": "P5",
                            "text": "Private Label 5 (User-defined)"
                        },
                        {
                            "code": "UA",
                            "text": "Debit Other Embossed"
                        },
                        {
                            "code": "UB",
                            "text": "Debit Other Unembossed"
                        },
                        {
                            "code": "UC",
                            "text": "Debit Other 2 Embossed"
                        },
                        {
                            "code": "E13",
                            "text": "Europay Private Signia Charge"
                        },
                        {
                            "code": "E14",
                            "text": "Europay Business Standard Charge"
                        },
                        {
                            "code": "E15",
                            "text": "Europay Cobranded/Affinity Gold Charge"
                        },
                        {
                            "code": "E16",
                            "text": "Europay Cobranded/Affinity Standard Charge"
                        },
                        {
                            "code": "E17",
                            "text": "Europay Business Gold Charge"
                        },
                        {
                            "code": "E18",
                            "text": "Europay MasterCard Maestro"
                        },
                        {
                            "code": "M1",
                            "text": "MasterCard Standard Card"
                        },
                        {
                            "code": "M2",
                            "text": "MasterCard Gold Card"
                        },
                        {
                            "code": "M3",
                            "text": "MasterCard Preferred (Business) Card"
                        },
                        {
                            "code": "M4",
                            "text": "MasterCard Affinity/Cobranded Card"
                        },
                        {
                            "code": "M5",
                            "text": "MasterCard Affinity/Cobranded Gold Card"
                        },
                        {
                            "code": "M6",
                            "text": "MC Standard MasterMoney Debit Card"
                        },
                        {
                            "code": "M7",
                            "text": "MC Gold MasterMoney Debit Card"
                        },
                        {
                            "code": "M8",
                            "text": "MasterCard Secured Card"
                        },
                        {
                            "code": "M9",
                            "text": "MasterCard Purchasing Card"
                        },
                        {
                            "code": "MA",
                            "text": "MasterCard Standard Charge Card"
                        },
                        {
                            "code": "MB",
                            "text": "MasterCard Gold Charge Card"
                        },
                        {
                            "code": "MC",
                            "text": "MasterCard BusinessCard Charge Card"
                        },
                        {
                            "code": "MD",
                            "text": "MC Standard Affinity/Cobranded Charge Card"
                        },
                        {
                            "code": "ME",
                            "text": "MC Gold Affinity/Cobranded Charge Card"
                        },
                        {
                            "code": "UM",
                            "text": "Premium Debit MasterCard"
                        },
                        {
                            "code": "MF",
                            "text": "MasterCard Combination Card"
                        },
                        {
                            "code": "MG",
                            "text": "MasterCard ATM-only Card"
                        },
                        {
                            "code": "MI",
                            "text": "MasterCard Platinum Money Card"
                        },
                        {
                            "code": ""
                        },
                        {
                            "code": "A1",
                            "text": "American Express Standard Card"
                        },
                        {
                            "code": "A2",
                            "text": "American Express Gold Card"
                        },
                        {
                            "code": "A3",
                            "text": "American Express Platinum Card"
                        },
                        {
                            "code": "E10",
                            "text": "Europay Private Standard Charge"
                        },
                        {
                            "code": "E11",
                            "text": "Europay Private Gold"
                        },
                        {
                            "code": "UH",
                            "text": "Business Db Middle Mrkt Corp Card"
                        },
                        {
                            "code": "UI",
                            "text": "MasterCard Distribution Card"
                        },
                        {
                            "code": "UJ",
                            "text": "MasterCard Micro-Business Card"
                        },
                        {
                            "code": "E01",
                            "text": "Europay Eurocard-MasterCard"
                        },
                        {
                            "code": "E06",
                            "text": "Europay Cobranded/Affinity Standard"
                        },
                        {
                            "code": "UD",
                            "text": "Debit Other 2 Unembossed"
                        },
                        {
                            "code": "UE",
                            "text": "Business Debit Other Embossed"
                        },
                        {
                            "code": "UF",
                            "text": "Business Debit Middle Market Fleet Card"
                        },
                        {
                            "code": "UG",
                            "text": "Business Db Middle Mrkt Purch Card"
                        },
                        {
                            "code": "MJ",
                            "text": "MasterCard Business Money Card"
                        },
                        {
                            "code": "V5",
                            "text": "Visa Business (Debit) Card"
                        },
                        {
                            "code": "V6",
                            "text": "Visa Debit Classic Card"
                        },
                        {
                            "code": "V7",
                            "text": "Visa Debit Gold (Premier) Card"
                        },
                        {
                            "code": "V8",
                            "text": "Visa Corporate Classic Card"
                        },
                        {
                            "code": "V9",
                            "text": "Visa Corporate Gold Card"
                        },
                        {
                            "code": "VA",
                            "text": "Visa Purchasing Card"
                        },
                        {
                            "code": "VB",
                            "text": "Visa Corporate Debit Card"
                        },
                        {
                            "code": "VC",
                            "text": "Visa Corporate Debit Gold Card"
                        },
                        {
                            "code": "VD",
                            "text": "Visa Purchasing Debit Card"
                        },
                        {
                            "code": "VE",
                            "text": "Visa Electron Debit Card"
                        },
                        {
                            "code": "VF",
                            "text": "Visa Electron Credit Card"
                        },
                        {
                            "code": "VG",
                            "text": "Visa Proprietary ATM Card"
                        },
                        {
                            "code": "VH",
                            "text": "Visa Plus Card"
                        },
                        {
                            "code": "VI",
                            "text": "Visa Interlink Debit Card"
                        },
                        {
                            "code": "VJ",
                            "text": "Visa Infinite Card"
                        },
                        {
                            "code": "VP",
                            "text": "Visa Platinum Card"
                        },
                        {
                            "code": "VQ",
                            "text": "Visa Platinum Debit Card"
                        },
                        {
                            "code": "VS",
                            "text": "Visa Signature Card"
                        }
                    ]
                },
                "label": {
                    "text": "Qtrly Affiliate Card Product"
                },
                "controlLabel": null,
                "subordinates": {
                    "subordinate": {
                        "id": "ARXMDO-OUTPUT-FLAG-3"
                    }
                }
            }
        ]
    }
}