{
   "targetNamespace": "http://visionx.firstdata.com/VISIONX/VISIONX.UI.RESPONSE.PAGE.V001",
   "header": {
      "process": {
         "id": "640",
         "name": "Account Overview Credit Balance Summary",
         "functionName": "Account Overview Credit Balance Summary"
      },
      "page": {
         "id": "3626",
         "name": "Balance Summary",
         "lastPage": "false",
         "communicatorMsg": "",
         "pageDisplayName": "Balance Summary"
      },
      "sessiontoken": "NfRc1OuvRBWtMti2iQ7DQlTZ.CCTRAINING.W.01",
      "request": {
         "id": "005"
      },
      "status": {
         "error": {
            "code": "VPL5SAO16W",
            "message": "ALERT| ACCOUNT IS DELINQUENT"
         }
      },
      "currencyAttrib": {
         "currencyCode": "EUR",
         "currencyNOD": "2",
         "percentNOD": "7",
         "peritemNOD": "3",
         "currSymbol": "�",
         "negativeFormat": "A",
         "digitGroupSymbol": ".",
         "digitGroupNumber": "3",
         "decimalSymbol": ","
      }
   },
   "group": {
      "id": "6028",
      "name": "",
      "desc": "",
      "grouplink": "",
      "field": [
         {
            "seq": "1",
            "id": "ARXAOO-DATE-TEMP-CRLIM-EXP",
            "control": "Hidden",
            "reqIndicator": "false",
            "maxChars": "7",
            "value": "0",
            "controlLabel": null,
            "subordinates": {
               "subordinate": [
                  {
                     "id": "ARXAOO-CRLIM"
                  },
                  {
                     "id": "ARXAOO-TEMP-CRLIM"
                  }
               ]
            }
         },
         {
            "seq": "1",
            "id": "ARXAOO-CURR-BAL",
            "control": "Label",
            "reqIndicator": "false",
            "maxChars": "17",
            "value": "30512",
            "label": "Current Balance",
            "controlLabel": null
         },
         {
            "seq": "1",
            "id": "ARXAOO-AVAIL-CREDIT",
            "help": "account_folder/overview_tab/arxaoo-avail-credit",
            "control": "Label",
            "reqIndicator": "false",
            "maxChars": "17",
            "value": "969488",
            "label": "Available Credit",
            "controlLabel": null
         },
         {
            "seq": "1",
            "id": "ARXAOO-CASH-BALANCE",
            "help": "account_folder/overview_tab/arxaoo-cash-balance",
            "control": "Label",
            "reqIndicator": "false",
            "maxChars": "17",
            "value": "0",
            "label": "Cash Balance",
            "controlLabel": null
         },
         {
            "seq": "1",
            "id": "ARXAOO-CASH-AVAIL-CREDIT",
            "control": "Label",
            "reqIndicator": "false",
            "maxChars": "17",
            "value": "50000",
            "label": "Cash Available",
            "controlLabel": null
         },
         {
            "seq": "1",
            "id": "ARXAOO-CASH-CRLIM",
            "control": "Label",
            "reqIndicator": "false",
            "maxChars": "17",
            "value": "50000",
            "label": "Cash Credit Limit",
            "controlLabel": null
         },
         {
            "seq": "1",
            "id": "ARXAOO-AMT-NET-MEMOS",
            "help": "account_folder/overview_tab/arxaoo-amt-net-memos",
            "control": "LinkLabel",
            "reqIndicator": "false",
            "maxChars": "17",
            "value": "0",
            "label": "Pending & Declined",
            "link": {
               "action": "",
               "process_id": "354",
               "page_id": "3617",
               "processName": "Recent Authorisations",
               "pageName": "Authorisations",
               "functionName": "Outstanding Authorizations",
               "param": [
                  {
                     "name": "OZXOAI-ACCT"
                  },
                  {
                     "name": "OZXOAI-ORG"
                  }
               ]
            },
            "controlLabel": null
         },
         {
            "seq": "1",
            "id": "ARXAOO-CTD-AMT-DB",
            "control": "Label",
            "reqIndicator": "false",
            "maxChars": "17",
            "value": "0",
            "label": "Cycle Debits",
            "controlLabel": null
         },
         {
            "seq": "1",
            "id": "ARXAOO-CTD-AMT-CR",
            "control": "Label",
            "reqIndicator": "false",
            "maxChars": "17",
            "value": "0",
            "label": "Cycle Credits",
            "controlLabel": null
         },
         {
            "seq": "1",
            "id": "ARXAOO-AMT-CTD-PURCHASES",
            "help": "account_folder/overview_tab/arxaoo-amt-ctd-purchases",
            "control": "Label",
            "reqIndicator": "false",
            "maxChars": "17",
            "value": "0",
            "label": "Recent Activity",
            "controlLabel": null
         },
         {
            "seq": "1",
            "id": "ARXAOO-CRLIM",
            "help": "account_folder/overview_tab/arxaoo-crlim",
            "control": "Label",
            "reqIndicator": "false",
            "maxChars": "17",
            "value": "1000000",
            "label": "Credit Limit",
            "controlLabel": null,
            "primaryFields": {
               "priField": "ARXAOO-DATE-TEMP-CRLIM-EXP"
            }
         },
         {
            "seq": "1",
            "id": "ARXAOO-TEMP-CRLIM",
            "control": "Label",
            "reqIndicator": "false",
            "state": "INVISIBLE",
            "maxChars": "17",
            "value": "0",
            "label": "Credit Limit (TEMP)",
            "controlLabel": null,
            "primaryFields": {
               "priField": "ARXAOO-DATE-TEMP-CRLIM-EXP"
            }
         },
         {
            "seq": "1",
            "id": "ARXAOO-DATE-LAST-PMT",
            "control": "Label",
            "reqIndicator": "false",
            "maxChars": "7",
            "value": "2012131",
            "label": "Last Payment Date",
            "controlLabel": null,
            "primaryFields": {
               "priField": "AMCR-O-PAY-HIST-SW"
            }
         },
         {
            "seq": "1",
            "id": "ARXAOO-PMT-LAST-AMT",
            "control": "LinkLabel",
            "reqIndicator": "false",
            "maxChars": "17",
            "value": "3500",
            "label": "Last Payment Amount",
            "link": {
               "action": "",
               "process_id": "837",
               "page_id": "2098",
               "processName": "Payment History",
               "pageName": "Account Payment History Details",
               "functionName": "Account History",
               "param": [
                  {
                     "name": "ARXPHI-ACCT-CARD-NBR"
                  },
                  {
                     "name": "ARXPHI-ORG"
                  },
                  {
                     "name": "ARXPHI-SRCH-PHT-DATE"
                  }
               ]
            },
            "controlLabel": null
         },
         {
            "seq": "1",
            "id": "ARXBAOZ-CURR-BNPL-BAL",
            "help": "account_folder/overview_tab/ambs-curr-bnpl-bal",
            "control": "Label",
            "reqIndicator": "false",
            "maxChars": "17",
            "value": "0",
            "label": "Current Buy Now Pay Later Balance",
            "controlLabel": null
         },
         {
            "seq": "1",
            "id": "ARXBAOZ-CURR-NON-BNPL-BAL",
            "help": "account_folder/overview_tab/arxbaoz-curr-non-bnpl-bal",
            "control": "Label",
            "reqIndicator": "false",
            "maxChars": "17",
            "value": "30512",
            "label": "Current Non Buy Now Pay Later Balance",
            "controlLabel": null
         }
      ]
   }
}