{
  "vxRoot": {
    "xmlns": "http://com/fd/firstvision/vx/root",
    "xmlns:xsi": "http://www.w3.org/2001/XMLSchema-instance",
    "targetNamespace": "http://visionx.firstdata.com/VISIONX/VISIONX.UI.RESPONSE.PAGE.V001",
    "header": {
      "process": {
        "id": "120",
        "name": "Block Card Listing",
        "functionName": "Apply Block"
      },
      "page": {
        "id": "2541",
        "name": "Block Card Listing",
        "lastPage": "false",
        "type": "DIRECTORY",
        "pageDisplayName": "Block Card Listing"
      },
      "sessiontoken": "f63de43c76c8105f29cb63efc4ef",
      "request": { "id": "005" },
      "currencyAttrib": {
        "currencyCode": { "text": "GBP" },
        "currencyNOD": { "text": "3" },
        "percentNOD": { "text": "7" },
        "peritemNOD": { "text": "3" },
        "currSymbol": { "text": "£" },
        "negativeFormat": { "text": "A" },
        "digitGroupSymbol": { "text": "," },
        "digitGroupNumber": { "text": "3" },
        "decimalSymbol": { "text": "." }
      }
    },
    "group": {
      "id": "4340",
      "rows": {
        "hasMore": "false",
        "row": [
          {
            "field": [
              {
                "seq": "1",
                "id": "ARXELO-CARD-NBR",
                "value": "...5556"
              },
              {
                "seq": "1",
                "id": "ARXELO-EMBOSSED-NAME-1",
                "value": "SACKEY,RAYMOND            "
              },
              {
                "seq": "1",
                "id": "ARXELO-CARDHOLDER-TYPE",
                "value": "1"
              },
              {
                "seq": "1",
                "id": "ARXELO-LB-BC-TITLE",
                "value": "NORMAL         "
              },
              {
                "seq": "1",
                "id": "ARXELO-LB-BC-PRIORITY-X",
                "value": "00"
              },
              {
                "seq": "1",
                "id": "ARXELO-RSN-BLOCK-CODE",
                "value": "0"
              },
              {
                "seq": "1",
                "id": "ARXELO-PIN-SUPPRESSION",
                "value": "0"
              },
              {
                "seq": "1",
                "id": "ARXELO-CARD-EXPIRED-FLAG",
                "value": "1"
              },
              {
                "seq": "1",
                "id": "ARXELO-CARD-SEQ",
                "value": "1"
              },
              {
                "seq": "1",
                "id": "ARXELO-CARD-LOGO",
                "value": "500"
              },
              {
                "seq": "1",
                "id": "ARXELO-STATUS",
                "value": "0"
              },
              {
                "seq": "1",
                "id": "ARXELO-CARD-ORG",
                "value": "110"
              }
            ]
          },
          {
            "field": [
              {
                "seq": "1",
                "id": "ARXELO-CARD-NBR",
                "value": "...3332"
              },
              {
                "seq": "1",
                "id": "ARXELO-EMBOSSED-NAME-1",
                "value": "SACKEY,RAYMOND            "
              },
              {
                "seq": "1",
                "id": "ARXELO-CARDHOLDER-TYPE",
                "value": "0"
              },
              {
                "seq": "1",
                "id": "ARXELO-LB-BC-TITLE",
                "value": "CLOSED         "
              },
              {
                "seq": "1",
                "id": "ARXELO-LB-BC-PRIORITY-X",
                "value": "20"
              },
              {
                "seq": "1",
                "id": "ARXELO-RSN-BLOCK-CODE",
                "value": "0"
              },
              {
                "seq": "1",
                "id": "ARXELO-PIN-SUPPRESSION",
                "value": "0"
              },
              {
                "seq": "1",
                "id": "ARXELO-CARD-EXPIRED-FLAG",
                "value": "1"
              },
              {
                "seq": "1",
                "id": "ARXELO-CARD-SEQ",
                "value": "1"
              },
              {
                "seq": "1",
                "id": "ARXELO-CARD-LOGO",
                "value": "500"
              },
              {
                "seq": "1",
                "id": "ARXELO-STATUS",
                "value": "0"
              },
              {
                "seq": "1",
                "id": "ARXELO-CARD-ORG",
                "value": "110"
              }
            ]
          },
          {
            "field": [
              {
                "seq": "1",
                "id": "ARXELO-CARD-NBR",
                "value": { "xsi:nil": "true" }
              },
              {
                "seq": "1",
                "id": "ARXELO-EMBOSSED-NAME-1",
                "value": { "xsi:nil": "true" }
              },
              {
                "seq": "1",
                "id": "ARXELO-CARDHOLDER-TYPE",
                "value": { "xsi:nil": "true" }
              },
              {
                "seq": "1",
                "id": "ARXELO-LB-BC-TITLE",
                "value": { "xsi:nil": "true" }
              },
              {
                "seq": "1",
                "id": "ARXELO-LB-BC-PRIORITY-X",
                "value": { "xsi:nil": "true" }
              },
              {
                "seq": "1",
                "id": "ARXELO-RSN-BLOCK-CODE",
                "value": { "xsi:nil": "true" }
              },
              {
                "seq": "1",
                "id": "ARXELO-PIN-SUPPRESSION",
                "value": { "xsi:nil": "true" }
              },
              {
                "seq": "1",
                "id": "ARXELO-CARD-EXPIRED-FLAG",
                "value": { "xsi:nil": "true" }
              },
              {
                "seq": "1",
                "id": "ARXELO-CARD-SEQ",
                "value": { "xsi:nil": "true" }
              },
              {
                "seq": "1",
                "id": "ARXELO-CARD-LOGO",
                "value": { "xsi:nil": "true" }
              },
              {
                "seq": "1",
                "id": "ARXELO-STATUS",
                "value": { "xsi:nil": "true" }
              },
              {
                "seq": "1",
                "id": "ARXELO-CARD-ORG",
                "value": { "xsi:nil": "true" }
              }
            ]
          },
          {
            "field": [
              {
                "seq": "1",
                "id": "ARXELO-CARD-NBR",
                "value": { "xsi:nil": "true" }
              },
              {
                "seq": "1",
                "id": "ARXELO-EMBOSSED-NAME-1",
                "value": { "xsi:nil": "true" }
              },
              {
                "seq": "1",
                "id": "ARXELO-CARDHOLDER-TYPE",
                "value": { "xsi:nil": "true" }
              },
              {
                "seq": "1",
                "id": "ARXELO-LB-BC-TITLE",
                "value": { "xsi:nil": "true" }
              },
              {
                "seq": "1",
                "id": "ARXELO-LB-BC-PRIORITY-X",
                "value": { "xsi:nil": "true" }
              },
              {
                "seq": "1",
                "id": "ARXELO-RSN-BLOCK-CODE",
                "value": { "xsi:nil": "true" }
              },
              {
                "seq": "1",
                "id": "ARXELO-PIN-SUPPRESSION",
                "value": { "xsi:nil": "true" }
              },
              {
                "seq": "1",
                "id": "ARXELO-CARD-EXPIRED-FLAG",
                "value": { "xsi:nil": "true" }
              },
              {
                "seq": "1",
                "id": "ARXELO-CARD-SEQ",
                "value": { "xsi:nil": "true" }
              },
              {
                "seq": "1",
                "id": "ARXELO-CARD-LOGO",
                "value": { "xsi:nil": "true" }
              },
              {
                "seq": "1",
                "id": "ARXELO-STATUS",
                "value": { "xsi:nil": "true" }
              },
              {
                "seq": "1",
                "id": "ARXELO-CARD-ORG",
                "value": { "xsi:nil": "true" }
              }
            ]
          },
          {
            "field": [
              {
                "seq": "1",
                "id": "ARXELO-CARD-NBR",
                "value": { "xsi:nil": "true" }
              },
              {
                "seq": "1",
                "id": "ARXELO-EMBOSSED-NAME-1",
                "value": { "xsi:nil": "true" }
              },
              {
                "seq": "1",
                "id": "ARXELO-CARDHOLDER-TYPE",
                "value": { "xsi:nil": "true" }
              },
              {
                "seq": "1",
                "id": "ARXELO-LB-BC-TITLE",
                "value": { "xsi:nil": "true" }
              },
              {
                "seq": "1",
                "id": "ARXELO-LB-BC-PRIORITY-X",
                "value": { "xsi:nil": "true" }
              },
              {
                "seq": "1",
                "id": "ARXELO-RSN-BLOCK-CODE",
                "value": { "xsi:nil": "true" }
              },
              {
                "seq": "1",
                "id": "ARXELO-PIN-SUPPRESSION",
                "value": { "xsi:nil": "true" }
              },
              {
                "seq": "1",
                "id": "ARXELO-CARD-EXPIRED-FLAG",
                "value": { "xsi:nil": "true" }
              },
              {
                "seq": "1",
                "id": "ARXELO-CARD-SEQ",
                "value": { "xsi:nil": "true" }
              },
              {
                "seq": "1",
                "id": "ARXELO-CARD-LOGO",
                "value": { "xsi:nil": "true" }
              },
              {
                "seq": "1",
                "id": "ARXELO-STATUS",
                "value": { "xsi:nil": "true" }
              },
              {
                "seq": "1",
                "id": "ARXELO-CARD-ORG",
                "value": { "xsi:nil": "true" }
              }
            ]
          },
          {
            "field": [
              {
                "seq": "1",
                "id": "ARXELO-CARD-NBR",
                "value": { "xsi:nil": "true" }
              },
              {
                "seq": "1",
                "id": "ARXELO-EMBOSSED-NAME-1",
                "value": { "xsi:nil": "true" }
              },
              {
                "seq": "1",
                "id": "ARXELO-CARDHOLDER-TYPE",
                "value": { "xsi:nil": "true" }
              },
              {
                "seq": "1",
                "id": "ARXELO-LB-BC-TITLE",
                "value": { "xsi:nil": "true" }
              },
              {
                "seq": "1",
                "id": "ARXELO-LB-BC-PRIORITY-X",
                "value": { "xsi:nil": "true" }
              },
              {
                "seq": "1",
                "id": "ARXELO-RSN-BLOCK-CODE",
                "value": { "xsi:nil": "true" }
              },
              {
                "seq": "1",
                "id": "ARXELO-PIN-SUPPRESSION",
                "value": { "xsi:nil": "true" }
              },
              {
                "seq": "1",
                "id": "ARXELO-CARD-EXPIRED-FLAG",
                "value": { "xsi:nil": "true" }
              },
              {
                "seq": "1",
                "id": "ARXELO-CARD-SEQ",
                "value": { "xsi:nil": "true" }
              },
              {
                "seq": "1",
                "id": "ARXELO-CARD-LOGO",
                "value": { "xsi:nil": "true" }
              },
              {
                "seq": "1",
                "id": "ARXELO-STATUS",
                "value": { "xsi:nil": "true" }
              },
              {
                "seq": "1",
                "id": "ARXELO-CARD-ORG",
                "value": { "xsi:nil": "true" }
              }
            ]
          },
          {
            "field": [
              {
                "seq": "1",
                "id": "ARXELO-CARD-NBR",
                "value": { "xsi:nil": "true" }
              },
              {
                "seq": "1",
                "id": "ARXELO-EMBOSSED-NAME-1",
                "value": { "xsi:nil": "true" }
              },
              {
                "seq": "1",
                "id": "ARXELO-CARDHOLDER-TYPE",
                "value": { "xsi:nil": "true" }
              },
              {
                "seq": "1",
                "id": "ARXELO-LB-BC-TITLE",
                "value": { "xsi:nil": "true" }
              },
              {
                "seq": "1",
                "id": "ARXELO-LB-BC-PRIORITY-X",
                "value": { "xsi:nil": "true" }
              },
              {
                "seq": "1",
                "id": "ARXELO-RSN-BLOCK-CODE",
                "value": { "xsi:nil": "true" }
              },
              {
                "seq": "1",
                "id": "ARXELO-PIN-SUPPRESSION",
                "value": { "xsi:nil": "true" }
              },
              {
                "seq": "1",
                "id": "ARXELO-CARD-EXPIRED-FLAG",
                "value": { "xsi:nil": "true" }
              },
              {
                "seq": "1",
                "id": "ARXELO-CARD-SEQ",
                "value": { "xsi:nil": "true" }
              },
              {
                "seq": "1",
                "id": "ARXELO-CARD-LOGO",
                "value": { "xsi:nil": "true" }
              },
              {
                "seq": "1",
                "id": "ARXELO-STATUS",
                "value": { "xsi:nil": "true" }
              },
              {
                "seq": "1",
                "id": "ARXELO-CARD-ORG",
                "value": { "xsi:nil": "true" }
              }
            ]
          },
          {
            "field": [
              {
                "seq": "1",
                "id": "ARXELO-CARD-NBR",
                "value": { "xsi:nil": "true" }
              },
              {
                "seq": "1",
                "id": "ARXELO-EMBOSSED-NAME-1",
                "value": { "xsi:nil": "true" }
              },
              {
                "seq": "1",
                "id": "ARXELO-CARDHOLDER-TYPE",
                "value": { "xsi:nil": "true" }
              },
              {
                "seq": "1",
                "id": "ARXELO-LB-BC-TITLE",
                "value": { "xsi:nil": "true" }
              },
              {
                "seq": "1",
                "id": "ARXELO-LB-BC-PRIORITY-X",
                "value": { "xsi:nil": "true" }
              },
              {
                "seq": "1",
                "id": "ARXELO-RSN-BLOCK-CODE",
                "value": { "xsi:nil": "true" }
              },
              {
                "seq": "1",
                "id": "ARXELO-PIN-SUPPRESSION",
                "value": { "xsi:nil": "true" }
              },
              {
                "seq": "1",
                "id": "ARXELO-CARD-EXPIRED-FLAG",
                "value": { "xsi:nil": "true" }
              },
              {
                "seq": "1",
                "id": "ARXELO-CARD-SEQ",
                "value": { "xsi:nil": "true" }
              },
              {
                "seq": "1",
                "id": "ARXELO-CARD-LOGO",
                "value": { "xsi:nil": "true" }
              },
              {
                "seq": "1",
                "id": "ARXELO-STATUS",
                "value": { "xsi:nil": "true" }
              },
              {
                "seq": "1",
                "id": "ARXELO-CARD-ORG",
                "value": { "xsi:nil": "true" }
              }
            ]
          },
          {
            "field": [
              {
                "seq": "1",
                "id": "ARXELO-CARD-NBR",
                "value": { "xsi:nil": "true" }
              },
              {
                "seq": "1",
                "id": "ARXELO-EMBOSSED-NAME-1",
                "value": { "xsi:nil": "true" }
              },
              {
                "seq": "1",
                "id": "ARXELO-CARDHOLDER-TYPE",
                "value": { "xsi:nil": "true" }
              },
              {
                "seq": "1",
                "id": "ARXELO-LB-BC-TITLE",
                "value": { "xsi:nil": "true" }
              },
              {
                "seq": "1",
                "id": "ARXELO-LB-BC-PRIORITY-X",
                "value": { "xsi:nil": "true" }
              },
              {
                "seq": "1",
                "id": "ARXELO-RSN-BLOCK-CODE",
                "value": { "xsi:nil": "true" }
              },
              {
                "seq": "1",
                "id": "ARXELO-PIN-SUPPRESSION",
                "value": { "xsi:nil": "true" }
              },
              {
                "seq": "1",
                "id": "ARXELO-CARD-EXPIRED-FLAG",
                "value": { "xsi:nil": "true" }
              },
              {
                "seq": "1",
                "id": "ARXELO-CARD-SEQ",
                "value": { "xsi:nil": "true" }
              },
              {
                "seq": "1",
                "id": "ARXELO-CARD-LOGO",
                "value": { "xsi:nil": "true" }
              },
              {
                "seq": "1",
                "id": "ARXELO-STATUS",
                "value": { "xsi:nil": "true" }
              },
              {
                "seq": "1",
                "id": "ARXELO-CARD-ORG",
                "value": { "xsi:nil": "true" }
              }
            ]
          },
          {
            "field": [
              {
                "seq": "1",
                "id": "ARXELO-CARD-NBR",
                "value": { "xsi:nil": "true" }
              },
              {
                "seq": "1",
                "id": "ARXELO-EMBOSSED-NAME-1",
                "value": { "xsi:nil": "true" }
              },
              {
                "seq": "1",
                "id": "ARXELO-CARDHOLDER-TYPE",
                "value": { "xsi:nil": "true" }
              },
              {
                "seq": "1",
                "id": "ARXELO-LB-BC-TITLE",
                "value": { "xsi:nil": "true" }
              },
              {
                "seq": "1",
                "id": "ARXELO-LB-BC-PRIORITY-X",
                "value": { "xsi:nil": "true" }
              },
              {
                "seq": "1",
                "id": "ARXELO-RSN-BLOCK-CODE",
                "value": { "xsi:nil": "true" }
              },
              {
                "seq": "1",
                "id": "ARXELO-PIN-SUPPRESSION",
                "value": { "xsi:nil": "true" }
              },
              {
                "seq": "1",
                "id": "ARXELO-CARD-EXPIRED-FLAG",
                "value": { "xsi:nil": "true" }
              },
              {
                "seq": "1",
                "id": "ARXELO-CARD-SEQ",
                "value": { "xsi:nil": "true" }
              },
              {
                "seq": "1",
                "id": "ARXELO-CARD-LOGO",
                "value": { "xsi:nil": "true" }
              },
              {
                "seq": "1",
                "id": "ARXELO-STATUS",
                "value": { "xsi:nil": "true" }
              },
              {
                "seq": "1",
                "id": "ARXELO-CARD-ORG",
                "value": { "xsi:nil": "true" }
              }
            ]
          },
          {
            "field": [
              {
                "seq": "1",
                "id": "ARXELO-CARD-NBR",
                "value": { "xsi:nil": "true" }
              },
              {
                "seq": "1",
                "id": "ARXELO-EMBOSSED-NAME-1",
                "value": { "xsi:nil": "true" }
              },
              {
                "seq": "1",
                "id": "ARXELO-CARDHOLDER-TYPE",
                "value": { "xsi:nil": "true" }
              },
              {
                "seq": "1",
                "id": "ARXELO-LB-BC-TITLE",
                "value": { "xsi:nil": "true" }
              },
              {
                "seq": "1",
                "id": "ARXELO-LB-BC-PRIORITY-X",
                "value": { "xsi:nil": "true" }
              },
              {
                "seq": "1",
                "id": "ARXELO-RSN-BLOCK-CODE",
                "value": { "xsi:nil": "true" }
              },
              {
                "seq": "1",
                "id": "ARXELO-PIN-SUPPRESSION",
                "value": { "xsi:nil": "true" }
              },
              {
                "seq": "1",
                "id": "ARXELO-CARD-EXPIRED-FLAG",
                "value": { "xsi:nil": "true" }
              },
              {
                "seq": "1",
                "id": "ARXELO-CARD-SEQ",
                "value": { "xsi:nil": "true" }
              },
              {
                "seq": "1",
                "id": "ARXELO-CARD-LOGO",
                "value": { "xsi:nil": "true" }
              },
              {
                "seq": "1",
                "id": "ARXELO-STATUS",
                "value": { "xsi:nil": "true" }
              },
              {
                "seq": "1",
                "id": "ARXELO-CARD-ORG",
                "value": { "xsi:nil": "true" }
              }
            ]
          },
          {
            "field": [
              {
                "seq": "1",
                "id": "ARXELO-CARD-NBR",
                "value": { "xsi:nil": "true" }
              },
              {
                "seq": "1",
                "id": "ARXELO-EMBOSSED-NAME-1",
                "value": { "xsi:nil": "true" }
              },
              {
                "seq": "1",
                "id": "ARXELO-CARDHOLDER-TYPE",
                "value": { "xsi:nil": "true" }
              },
              {
                "seq": "1",
                "id": "ARXELO-LB-BC-TITLE",
                "value": { "xsi:nil": "true" }
              },
              {
                "seq": "1",
                "id": "ARXELO-LB-BC-PRIORITY-X",
                "value": { "xsi:nil": "true" }
              },
              {
                "seq": "1",
                "id": "ARXELO-RSN-BLOCK-CODE",
                "value": { "xsi:nil": "true" }
              },
              {
                "seq": "1",
                "id": "ARXELO-PIN-SUPPRESSION",
                "value": { "xsi:nil": "true" }
              },
              {
                "seq": "1",
                "id": "ARXELO-CARD-EXPIRED-FLAG",
                "value": { "xsi:nil": "true" }
              },
              {
                "seq": "1",
                "id": "ARXELO-CARD-SEQ",
                "value": { "xsi:nil": "true" }
              },
              {
                "seq": "1",
                "id": "ARXELO-CARD-LOGO",
                "value": { "xsi:nil": "true" }
              },
              {
                "seq": "1",
                "id": "ARXELO-STATUS",
                "value": { "xsi:nil": "true" }
              },
              {
                "seq": "1",
                "id": "ARXELO-CARD-ORG",
                "value": { "xsi:nil": "true" }
              }
            ]
          },
          {
            "field": [
              {
                "seq": "1",
                "id": "ARXELO-CARD-NBR",
                "value": { "xsi:nil": "true" }
              },
              {
                "seq": "1",
                "id": "ARXELO-EMBOSSED-NAME-1",
                "value": { "xsi:nil": "true" }
              },
              {
                "seq": "1",
                "id": "ARXELO-CARDHOLDER-TYPE",
                "value": { "xsi:nil": "true" }
              },
              {
                "seq": "1",
                "id": "ARXELO-LB-BC-TITLE",
                "value": { "xsi:nil": "true" }
              },
              {
                "seq": "1",
                "id": "ARXELO-LB-BC-PRIORITY-X",
                "value": { "xsi:nil": "true" }
              },
              {
                "seq": "1",
                "id": "ARXELO-RSN-BLOCK-CODE",
                "value": { "xsi:nil": "true" }
              },
              {
                "seq": "1",
                "id": "ARXELO-PIN-SUPPRESSION",
                "value": { "xsi:nil": "true" }
              },
              {
                "seq": "1",
                "id": "ARXELO-CARD-EXPIRED-FLAG",
                "value": { "xsi:nil": "true" }
              },
              {
                "seq": "1",
                "id": "ARXELO-CARD-SEQ",
                "value": { "xsi:nil": "true" }
              },
              {
                "seq": "1",
                "id": "ARXELO-CARD-LOGO",
                "value": { "xsi:nil": "true" }
              },
              {
                "seq": "1",
                "id": "ARXELO-STATUS",
                "value": { "xsi:nil": "true" }
              },
              {
                "seq": "1",
                "id": "ARXELO-CARD-ORG",
                "value": { "xsi:nil": "true" }
              }
            ]
          },
          {
            "field": [
              {
                "seq": "1",
                "id": "ARXELO-CARD-NBR",
                "value": { "xsi:nil": "true" }
              },
              {
                "seq": "1",
                "id": "ARXELO-EMBOSSED-NAME-1",
                "value": { "xsi:nil": "true" }
              },
              {
                "seq": "1",
                "id": "ARXELO-CARDHOLDER-TYPE",
                "value": { "xsi:nil": "true" }
              },
              {
                "seq": "1",
                "id": "ARXELO-LB-BC-TITLE",
                "value": { "xsi:nil": "true" }
              },
              {
                "seq": "1",
                "id": "ARXELO-LB-BC-PRIORITY-X",
                "value": { "xsi:nil": "true" }
              },
              {
                "seq": "1",
                "id": "ARXELO-RSN-BLOCK-CODE",
                "value": { "xsi:nil": "true" }
              },
              {
                "seq": "1",
                "id": "ARXELO-PIN-SUPPRESSION",
                "value": { "xsi:nil": "true" }
              },
              {
                "seq": "1",
                "id": "ARXELO-CARD-EXPIRED-FLAG",
                "value": { "xsi:nil": "true" }
              },
              {
                "seq": "1",
                "id": "ARXELO-CARD-SEQ",
                "value": { "xsi:nil": "true" }
              },
              {
                "seq": "1",
                "id": "ARXELO-CARD-LOGO",
                "value": { "xsi:nil": "true" }
              },
              {
                "seq": "1",
                "id": "ARXELO-STATUS",
                "value": { "xsi:nil": "true" }
              },
              {
                "seq": "1",
                "id": "ARXELO-CARD-ORG",
                "value": { "xsi:nil": "true" }
              }
            ]
          },
          {
            "field": [
              {
                "seq": "1",
                "id": "ARXELO-CARD-NBR",
                "value": { "xsi:nil": "true" }
              },
              {
                "seq": "1",
                "id": "ARXELO-EMBOSSED-NAME-1",
                "value": { "xsi:nil": "true" }
              },
              {
                "seq": "1",
                "id": "ARXELO-CARDHOLDER-TYPE",
                "value": { "xsi:nil": "true" }
              },
              {
                "seq": "1",
                "id": "ARXELO-LB-BC-TITLE",
                "value": { "xsi:nil": "true" }
              },
              {
                "seq": "1",
                "id": "ARXELO-LB-BC-PRIORITY-X",
                "value": { "xsi:nil": "true" }
              },
              {
                "seq": "1",
                "id": "ARXELO-RSN-BLOCK-CODE",
                "value": { "xsi:nil": "true" }
              },
              {
                "seq": "1",
                "id": "ARXELO-PIN-SUPPRESSION",
                "value": { "xsi:nil": "true" }
              },
              {
                "seq": "1",
                "id": "ARXELO-CARD-EXPIRED-FLAG",
                "value": { "xsi:nil": "true" }
              },
              {
                "seq": "1",
                "id": "ARXELO-CARD-SEQ",
                "value": { "xsi:nil": "true" }
              },
              {
                "seq": "1",
                "id": "ARXELO-CARD-LOGO",
                "value": { "xsi:nil": "true" }
              },
              {
                "seq": "1",
                "id": "ARXELO-STATUS",
                "value": { "xsi:nil": "true" }
              },
              {
                "seq": "1",
                "id": "ARXELO-CARD-ORG",
                "value": { "xsi:nil": "true" }
              }
            ]
          },
          {
            "field": [
              {
                "seq": "1",
                "id": "ARXELO-CARD-NBR",
                "value": { "xsi:nil": "true" }
              },
              {
                "seq": "1",
                "id": "ARXELO-EMBOSSED-NAME-1",
                "value": { "xsi:nil": "true" }
              },
              {
                "seq": "1",
                "id": "ARXELO-CARDHOLDER-TYPE",
                "value": { "xsi:nil": "true" }
              },
              {
                "seq": "1",
                "id": "ARXELO-LB-BC-TITLE",
                "value": { "xsi:nil": "true" }
              },
              {
                "seq": "1",
                "id": "ARXELO-LB-BC-PRIORITY-X",
                "value": { "xsi:nil": "true" }
              },
              {
                "seq": "1",
                "id": "ARXELO-RSN-BLOCK-CODE",
                "value": { "xsi:nil": "true" }
              },
              {
                "seq": "1",
                "id": "ARXELO-PIN-SUPPRESSION",
                "value": { "xsi:nil": "true" }
              },
              {
                "seq": "1",
                "id": "ARXELO-CARD-EXPIRED-FLAG",
                "value": { "xsi:nil": "true" }
              },
              {
                "seq": "1",
                "id": "ARXELO-CARD-SEQ",
                "value": { "xsi:nil": "true" }
              },
              {
                "seq": "1",
                "id": "ARXELO-CARD-LOGO",
                "value": { "xsi:nil": "true" }
              },
              {
                "seq": "1",
                "id": "ARXELO-STATUS",
                "value": { "xsi:nil": "true" }
              },
              {
                "seq": "1",
                "id": "ARXELO-CARD-ORG",
                "value": { "xsi:nil": "true" }
              }
            ]
          },
          {
            "field": [
              {
                "seq": "1",
                "id": "ARXELO-CARD-NBR",
                "value": { "xsi:nil": "true" }
              },
              {
                "seq": "1",
                "id": "ARXELO-EMBOSSED-NAME-1",
                "value": { "xsi:nil": "true" }
              },
              {
                "seq": "1",
                "id": "ARXELO-CARDHOLDER-TYPE",
                "value": { "xsi:nil": "true" }
              },
              {
                "seq": "1",
                "id": "ARXELO-LB-BC-TITLE",
                "value": { "xsi:nil": "true" }
              },
              {
                "seq": "1",
                "id": "ARXELO-LB-BC-PRIORITY-X",
                "value": { "xsi:nil": "true" }
              },
              {
                "seq": "1",
                "id": "ARXELO-RSN-BLOCK-CODE",
                "value": { "xsi:nil": "true" }
              },
              {
                "seq": "1",
                "id": "ARXELO-PIN-SUPPRESSION",
                "value": { "xsi:nil": "true" }
              },
              {
                "seq": "1",
                "id": "ARXELO-CARD-EXPIRED-FLAG",
                "value": { "xsi:nil": "true" }
              },
              {
                "seq": "1",
                "id": "ARXELO-CARD-SEQ",
                "value": { "xsi:nil": "true" }
              },
              {
                "seq": "1",
                "id": "ARXELO-CARD-LOGO",
                "value": { "xsi:nil": "true" }
              },
              {
                "seq": "1",
                "id": "ARXELO-STATUS",
                "value": { "xsi:nil": "true" }
              },
              {
                "seq": "1",
                "id": "ARXELO-CARD-ORG",
                "value": { "xsi:nil": "true" }
              }
            ]
          },
          {
            "field": [
              {
                "seq": "1",
                "id": "ARXELO-CARD-NBR",
                "value": { "xsi:nil": "true" }
              },
              {
                "seq": "1",
                "id": "ARXELO-EMBOSSED-NAME-1",
                "value": { "xsi:nil": "true" }
              },
              {
                "seq": "1",
                "id": "ARXELO-CARDHOLDER-TYPE",
                "value": { "xsi:nil": "true" }
              },
              {
                "seq": "1",
                "id": "ARXELO-LB-BC-TITLE",
                "value": { "xsi:nil": "true" }
              },
              {
                "seq": "1",
                "id": "ARXELO-LB-BC-PRIORITY-X",
                "value": { "xsi:nil": "true" }
              },
              {
                "seq": "1",
                "id": "ARXELO-RSN-BLOCK-CODE",
                "value": { "xsi:nil": "true" }
              },
              {
                "seq": "1",
                "id": "ARXELO-PIN-SUPPRESSION",
                "value": { "xsi:nil": "true" }
              },
              {
                "seq": "1",
                "id": "ARXELO-CARD-EXPIRED-FLAG",
                "value": { "xsi:nil": "true" }
              },
              {
                "seq": "1",
                "id": "ARXELO-CARD-SEQ",
                "value": { "xsi:nil": "true" }
              },
              {
                "seq": "1",
                "id": "ARXELO-CARD-LOGO",
                "value": { "xsi:nil": "true" }
              },
              {
                "seq": "1",
                "id": "ARXELO-STATUS",
                "value": { "xsi:nil": "true" }
              },
              {
                "seq": "1",
                "id": "ARXELO-CARD-ORG",
                "value": { "xsi:nil": "true" }
              }
            ]
          },
          {
            "field": [
              {
                "seq": "1",
                "id": "ARXELO-CARD-NBR",
                "value": { "xsi:nil": "true" }
              },
              {
                "seq": "1",
                "id": "ARXELO-EMBOSSED-NAME-1",
                "value": { "xsi:nil": "true" }
              },
              {
                "seq": "1",
                "id": "ARXELO-CARDHOLDER-TYPE",
                "value": { "xsi:nil": "true" }
              },
              {
                "seq": "1",
                "id": "ARXELO-LB-BC-TITLE",
                "value": { "xsi:nil": "true" }
              },
              {
                "seq": "1",
                "id": "ARXELO-LB-BC-PRIORITY-X",
                "value": { "xsi:nil": "true" }
              },
              {
                "seq": "1",
                "id": "ARXELO-RSN-BLOCK-CODE",
                "value": { "xsi:nil": "true" }
              },
              {
                "seq": "1",
                "id": "ARXELO-PIN-SUPPRESSION",
                "value": { "xsi:nil": "true" }
              },
              {
                "seq": "1",
                "id": "ARXELO-CARD-EXPIRED-FLAG",
                "value": { "xsi:nil": "true" }
              },
              {
                "seq": "1",
                "id": "ARXELO-CARD-SEQ",
                "value": { "xsi:nil": "true" }
              },
              {
                "seq": "1",
                "id": "ARXELO-CARD-LOGO",
                "value": { "xsi:nil": "true" }
              },
              {
                "seq": "1",
                "id": "ARXELO-STATUS",
                "value": { "xsi:nil": "true" }
              },
              {
                "seq": "1",
                "id": "ARXELO-CARD-ORG",
                "value": { "xsi:nil": "true" }
              }
            ]
          },
          {
            "field": [
              {
                "seq": "1",
                "id": "ARXELO-CARD-NBR",
                "value": { "xsi:nil": "true" }
              },
              {
                "seq": "1",
                "id": "ARXELO-EMBOSSED-NAME-1",
                "value": { "xsi:nil": "true" }
              },
              {
                "seq": "1",
                "id": "ARXELO-CARDHOLDER-TYPE",
                "value": { "xsi:nil": "true" }
              },
              {
                "seq": "1",
                "id": "ARXELO-LB-BC-TITLE",
                "value": { "xsi:nil": "true" }
              },
              {
                "seq": "1",
                "id": "ARXELO-LB-BC-PRIORITY-X",
                "value": { "xsi:nil": "true" }
              },
              {
                "seq": "1",
                "id": "ARXELO-RSN-BLOCK-CODE",
                "value": { "xsi:nil": "true" }
              },
              {
                "seq": "1",
                "id": "ARXELO-PIN-SUPPRESSION",
                "value": { "xsi:nil": "true" }
              },
              {
                "seq": "1",
                "id": "ARXELO-CARD-EXPIRED-FLAG",
                "value": { "xsi:nil": "true" }
              },
              {
                "seq": "1",
                "id": "ARXELO-CARD-SEQ",
                "value": { "xsi:nil": "true" }
              },
              {
                "seq": "1",
                "id": "ARXELO-CARD-LOGO",
                "value": { "xsi:nil": "true" }
              },
              {
                "seq": "1",
                "id": "ARXELO-STATUS",
                "value": { "xsi:nil": "true" }
              },
              {
                "seq": "1",
                "id": "ARXELO-CARD-ORG",
                "value": { "xsi:nil": "true" }
              }
            ]
          }
        ]
      }
    }
  }
}