{
  "vxRoot": {
    "xmlns": "http://com/fd/firstvision/vx/root",
    "xmlns:xsi": "http://www.w3.org/2001/XMLSchema-instance",
    "targetNamespace": "http://visionx.firstdata.com/VISIONX/VISIONX.UI.RESPONSE.PAGE.V001",
    "header": {
      "process": {
        "id": "620",
        "name": "01030 Card Block Listing",
        "functionName": "Card Block Listing"
      },
      "page": {
        "id": "814",
        "name": "Apply Block D4",
        "lastPage": "false",
        "type": "DIRECTORY",
        "pageDisplayName": "Apply Block D4"
      },
      "sessiontoken": "f63de43c76c8105f29cb63efc4ef",
      "request": { "id": "005" },
      "currencyAttrib": {
        "currencyCode": { "text": "GBP" },
        "currencyNOD": { "text": "3" },
        "percentNOD": { "text": "7" },
        "peritemNOD": { "text": "3" },
        "currSymbol": { "text": "£" },
        "negativeFormat": { "text": "A" },
        "digitGroupSymbol": { "text": "," },
        "digitGroupNumber": { "text": "3" },
        "decimalSymbol": { "text": "." }
      }
    },
    "group": {
      "id": "1604",
      "name": "Apply Block D4",
      "rows": {
        "hasMore": "false",
        "row": [
          {
            "formattedValue": "0,NORMAL",
            "field": [
              {
                "seq": "1",
                "id": "ARXVBO-BC",
                "value": " "
              },
              {
                "seq": "1",
                "id": "ARXVBO-BC-PRIORITY",
                "value": "0"
              },
              {
                "seq": "1",
                "id": "ARXVBO-BC-TITLE",
                "value": "NORMAL         "
              }
            ]
          },
          {
            "formattedValue": "20,CLOSED",
            "field": [
              {
                "seq": "1",
                "id": "ARXVBO-BC",
                "value": "C"
              },
              {
                "seq": "1",
                "id": "ARXVBO-BC-PRIORITY",
                "value": "20"
              },
              {
                "seq": "1",
                "id": "ARXVBO-BC-TITLE",
                "value": "CLOSED         "
              }
            ]
          },
          {
            "formattedValue": "35,SUSPECTFRD",
            "field": [
              {
                "seq": "1",
                "id": "ARXVBO-BC",
                "value": "D"
              },
              {
                "seq": "1",
                "id": "ARXVBO-BC-PRIORITY",
                "value": "35"
              },
              {
                "seq": "1",
                "id": "ARXVBO-BC-TITLE",
                "value": "SUSPECTFRD     "
              }
            ]
          },
          {
            "formattedValue": "15,LOST",
            "field": [
              {
                "seq": "1",
                "id": "ARXVBO-BC",
                "value": "L"
              },
              {
                "seq": "1",
                "id": "ARXVBO-BC-PRIORITY",
                "value": "15"
              },
              {
                "seq": "1",
                "id": "ARXVBO-BC-TITLE",
                "value": "LOST           "
              }
            ]
          },
          {
            "field": [
              {
                "seq": "1",
                "id": "ARXVBO-BC",
                "value": { "xsi:nil": "true" }
              },
              {
                "seq": "1",
                "id": "ARXVBO-BC-PRIORITY",
                "value": { "xsi:nil": "true" }
              },
              {
                "seq": "1",
                "id": "ARXVBO-BC-TITLE",
                "value": { "xsi:nil": "true" }
              }
            ]
          },
          {
            "field": [
              {
                "seq": "1",
                "id": "ARXVBO-BC",
                "value": { "xsi:nil": "true" }
              },
              {
                "seq": "1",
                "id": "ARXVBO-BC-PRIORITY",
                "value": { "xsi:nil": "true" }
              },
              {
                "seq": "1",
                "id": "ARXVBO-BC-TITLE",
                "value": { "xsi:nil": "true" }
              }
            ]
          },
          {
            "field": [
              {
                "seq": "1",
                "id": "ARXVBO-BC",
                "value": { "xsi:nil": "true" }
              },
              {
                "seq": "1",
                "id": "ARXVBO-BC-PRIORITY",
                "value": { "xsi:nil": "true" }
              },
              {
                "seq": "1",
                "id": "ARXVBO-BC-TITLE",
                "value": { "xsi:nil": "true" }
              }
            ]
          },
          {
            "field": [
              {
                "seq": "1",
                "id": "ARXVBO-BC",
                "value": { "xsi:nil": "true" }
              },
              {
                "seq": "1",
                "id": "ARXVBO-BC-PRIORITY",
                "value": { "xsi:nil": "true" }
              },
              {
                "seq": "1",
                "id": "ARXVBO-BC-TITLE",
                "value": { "xsi:nil": "true" }
              }
            ]
          },
          {
            "field": [
              {
                "seq": "1",
                "id": "ARXVBO-BC",
                "value": { "xsi:nil": "true" }
              },
              {
                "seq": "1",
                "id": "ARXVBO-BC-PRIORITY",
                "value": { "xsi:nil": "true" }
              },
              {
                "seq": "1",
                "id": "ARXVBO-BC-TITLE",
                "value": { "xsi:nil": "true" }
              }
            ]
          },
          {
            "field": [
              {
                "seq": "1",
                "id": "ARXVBO-BC",
                "value": { "xsi:nil": "true" }
              },
              {
                "seq": "1",
                "id": "ARXVBO-BC-PRIORITY",
                "value": { "xsi:nil": "true" }
              },
              {
                "seq": "1",
                "id": "ARXVBO-BC-TITLE",
                "value": { "xsi:nil": "true" }
              }
            ]
          },
          {
            "field": [
              {
                "seq": "1",
                "id": "ARXVBO-BC",
                "value": { "xsi:nil": "true" }
              },
              {
                "seq": "1",
                "id": "ARXVBO-BC-PRIORITY",
                "value": { "xsi:nil": "true" }
              },
              {
                "seq": "1",
                "id": "ARXVBO-BC-TITLE",
                "value": { "xsi:nil": "true" }
              }
            ]
          },
          {
            "field": [
              {
                "seq": "1",
                "id": "ARXVBO-BC",
                "value": { "xsi:nil": "true" }
              },
              {
                "seq": "1",
                "id": "ARXVBO-BC-PRIORITY",
                "value": { "xsi:nil": "true" }
              },
              {
                "seq": "1",
                "id": "ARXVBO-BC-TITLE",
                "value": { "xsi:nil": "true" }
              }
            ]
          },
          {
            "field": [
              {
                "seq": "1",
                "id": "ARXVBO-BC",
                "value": { "xsi:nil": "true" }
              },
              {
                "seq": "1",
                "id": "ARXVBO-BC-PRIORITY",
                "value": { "xsi:nil": "true" }
              },
              {
                "seq": "1",
                "id": "ARXVBO-BC-TITLE",
                "value": { "xsi:nil": "true" }
              }
            ]
          },
          {
            "field": [
              {
                "seq": "1",
                "id": "ARXVBO-BC",
                "value": { "xsi:nil": "true" }
              },
              {
                "seq": "1",
                "id": "ARXVBO-BC-PRIORITY",
                "value": { "xsi:nil": "true" }
              },
              {
                "seq": "1",
                "id": "ARXVBO-BC-TITLE",
                "value": { "xsi:nil": "true" }
              }
            ]
          },
          {
            "field": [
              {
                "seq": "1",
                "id": "ARXVBO-BC",
                "value": { "xsi:nil": "true" }
              },
              {
                "seq": "1",
                "id": "ARXVBO-BC-PRIORITY",
                "value": { "xsi:nil": "true" }
              },
              {
                "seq": "1",
                "id": "ARXVBO-BC-TITLE",
                "value": { "xsi:nil": "true" }
              }
            ]
          },
          {
            "field": [
              {
                "seq": "1",
                "id": "ARXVBO-BC",
                "value": { "xsi:nil": "true" }
              },
              {
                "seq": "1",
                "id": "ARXVBO-BC-PRIORITY",
                "value": { "xsi:nil": "true" }
              },
              {
                "seq": "1",
                "id": "ARXVBO-BC-TITLE",
                "value": { "xsi:nil": "true" }
              }
            ]
          },
          {
            "field": [
              {
                "seq": "1",
                "id": "ARXVBO-BC",
                "value": { "xsi:nil": "true" }
              },
              {
                "seq": "1",
                "id": "ARXVBO-BC-PRIORITY",
                "value": { "xsi:nil": "true" }
              },
              {
                "seq": "1",
                "id": "ARXVBO-BC-TITLE",
                "value": { "xsi:nil": "true" }
              }
            ]
          },
          {
            "field": [
              {
                "seq": "1",
                "id": "ARXVBO-BC",
                "value": { "xsi:nil": "true" }
              },
              {
                "seq": "1",
                "id": "ARXVBO-BC-PRIORITY",
                "value": { "xsi:nil": "true" }
              },
              {
                "seq": "1",
                "id": "ARXVBO-BC-TITLE",
                "value": { "xsi:nil": "true" }
              }
            ]
          },
          {
            "field": [
              {
                "seq": "1",
                "id": "ARXVBO-BC",
                "value": { "xsi:nil": "true" }
              },
              {
                "seq": "1",
                "id": "ARXVBO-BC-PRIORITY",
                "value": { "xsi:nil": "true" }
              },
              {
                "seq": "1",
                "id": "ARXVBO-BC-TITLE",
                "value": { "xsi:nil": "true" }
              }
            ]
          },
          {
            "field": [
              {
                "seq": "1",
                "id": "ARXVBO-BC",
                "value": { "xsi:nil": "true" }
              },
              {
                "seq": "1",
                "id": "ARXVBO-BC-PRIORITY",
                "value": { "xsi:nil": "true" }
              },
              {
                "seq": "1",
                "id": "ARXVBO-BC-TITLE",
                "value": { "xsi:nil": "true" }
              }
            ]
          },
          {
            "field": [
              {
                "seq": "1",
                "id": "ARXVBO-BC",
                "value": { "xsi:nil": "true" }
              },
              {
                "seq": "1",
                "id": "ARXVBO-BC-PRIORITY",
                "value": { "xsi:nil": "true" }
              },
              {
                "seq": "1",
                "id": "ARXVBO-BC-TITLE",
                "value": { "xsi:nil": "true" }
              }
            ]
          },
          {
            "field": [
              {
                "seq": "1",
                "id": "ARXVBO-BC",
                "value": { "xsi:nil": "true" }
              },
              {
                "seq": "1",
                "id": "ARXVBO-BC-PRIORITY",
                "value": { "xsi:nil": "true" }
              },
              {
                "seq": "1",
                "id": "ARXVBO-BC-TITLE",
                "value": { "xsi:nil": "true" }
              }
            ]
          },
          {
            "field": [
              {
                "seq": "1",
                "id": "ARXVBO-BC",
                "value": { "xsi:nil": "true" }
              },
              {
                "seq": "1",
                "id": "ARXVBO-BC-PRIORITY",
                "value": { "xsi:nil": "true" }
              },
              {
                "seq": "1",
                "id": "ARXVBO-BC-TITLE",
                "value": { "xsi:nil": "true" }
              }
            ]
          },
          {
            "field": [
              {
                "seq": "1",
                "id": "ARXVBO-BC",
                "value": { "xsi:nil": "true" }
              },
              {
                "seq": "1",
                "id": "ARXVBO-BC-PRIORITY",
                "value": { "xsi:nil": "true" }
              },
              {
                "seq": "1",
                "id": "ARXVBO-BC-TITLE",
                "value": { "xsi:nil": "true" }
              }
            ]
          },
          {
            "field": [
              {
                "seq": "1",
                "id": "ARXVBO-BC",
                "value": { "xsi:nil": "true" }
              },
              {
                "seq": "1",
                "id": "ARXVBO-BC-PRIORITY",
                "value": { "xsi:nil": "true" }
              },
              {
                "seq": "1",
                "id": "ARXVBO-BC-TITLE",
                "value": { "xsi:nil": "true" }
              }
            ]
          },
          {
            "field": [
              {
                "seq": "1",
                "id": "ARXVBO-BC",
                "value": { "xsi:nil": "true" }
              },
              {
                "seq": "1",
                "id": "ARXVBO-BC-PRIORITY",
                "value": { "xsi:nil": "true" }
              },
              {
                "seq": "1",
                "id": "ARXVBO-BC-TITLE",
                "value": { "xsi:nil": "true" }
              }
            ]
          },
          {
            "field": [
              {
                "seq": "1",
                "id": "ARXVBO-BC",
                "value": { "xsi:nil": "true" }
              },
              {
                "seq": "1",
                "id": "ARXVBO-BC-PRIORITY",
                "value": { "xsi:nil": "true" }
              },
              {
                "seq": "1",
                "id": "ARXVBO-BC-TITLE",
                "value": { "xsi:nil": "true" }
              }
            ]
          }
        ]
      }
    }
  }
}