{
    "targetNamespace": "http://visionx.firstdata.com/VISIONX/VISIONX.UI.RESPONSE.PAGE.V001",
    "header": {
       "process": {
          "id": "663",
          "name": "Card Viewer Unblocked",
          "functionName": "Cards"
       },
       "page": {
          "id": "3408",
          "name": "Unblocked Cards",
          "lastPage": "false",
          "communicatorMsg": "",
          "pageDisplayName": "Card(s) for this Account:"
       },
       "sessiontoken": "0MBVxLWiE-beuNyFkI1dw0s0.CCTRAINING.W.01",
       "request": {
          "id": "005"
       },
       "status": null,
       "currencyAttrib": {
          "currencyCode": "EUR",
          "currencyNOD": "2",
          "percentNOD": "7",
          "peritemNOD": "3",
          "currSymbol": "€",
          "negativeFormat": "A",
          "digitGroupSymbol": ".",
          "digitGroupNumber": "3",
          "decimalSymbol": ","
       }
    },
    "group": [
       {
          "id": "5663",
          "name": "",
          "desc": "",
          "grouplink": "",
          "rows": {
             "hasMore": "false",
             "row": {
                "field": [
                   {
                      "seq": "1",
                      "id": "ARXELO-CARD-NBR",
                      "xrefField": "AMED-CARD-NBR",
                      "control": "GridLabel",
                      "reqIndicator": "false",
                      "maxChars": "19",
                      "value": "...9026",
                      "label": "Card",
                      "controlLabel": null
                   },
                   {
                      "seq": "1",
                      "id": "ARXELO-EMBOSSED-NAME-1",
                      "help": "functions/amed-embossed-name-1",
                      "control": "GridLabel",
                      "reqIndicator": "false",
                      "maxChars": "26",
                      "value": "DR SAHEER PALLATHODIYIL",
                      "label": "Cardholder",
                      "controlLabel": null
                   },
                   {
                      "seq": "1",
                      "id": "ARXELO-CARDHOLDER-TYPE",
                      "help": "account_folder/viewers/ARXELO-cardholder-type",
                      "control": "GridLabel",
                      "reqIndicator": "false",
                      "maxChars": "1",
                      "value": "1",
                      "valueDesc": "Primary cardholder",
                      "valueList": {
                         "item": [
                            {
                               "code": "8",
                               "#text": "Primary on account"
                            },
                            {
                               "code": "9",
                               "#text": "Temporary on account"
                            },
                            {
                               "code": "6",
                               "#text": "Associate on account"
                            },
                            {
                               "code": "7",
                               "#text": "Correspondent on account"
                            },
                            {
                               "code": "0",
                               "#text": "Additional cardholder"
                            },
                            {
                               "code": "1",
                               "#text": "Primary cardholder"
                            },
                            {
                               "code": "2",
                               "#text": "Additional cardholder 2"
                            },
                            {
                               "code": "3",
                               "#text": "Co-owner on account"
                            }
                         ]
                      },
                      "label": "Type",
                      "controlLabel": null
                   },
                   {
                      "seq": "1",
                      "id": "ARXELO-CURR-FIRST-USAGE-FLAG",
                      "help": "account_folder/viewers/ARXELO-curr-first-usage-flag",
                      "control": "GridLabel",
                      "reqIndicator": "false",
                      "maxChars": "1",
                      "value": "N",
                      "valueDesc": "Active",
                      "valueList": {
                         "item": [
                            {
                               "code": "Y",
                               "#text": "Inactive"
                            },
                            {
                               "code": "N",
                               "#text": "Active"
                            },
                            {
                               "code": "C",
                               "#text": "Pre-Activated"
                            }
                         ]
                      },
                      "label": "Status",
                      "controlLabel": null
                   },
                   {
                      "seq": "1",
                      "id": "ARXELO-CARD-ACTION",
                      "help": "account_folder/viewers/ARXELO-card-action",
                      "control": "GridLabel",
                      "reqIndicator": "false",
                      "maxChars": "1",
                      "value": "0",
                      "valueDesc": null,
                      "valueList": {
                         "item": [
                            {
                               "code": "0"
                            },
                            {
                               "code": "1",
                               "#text": "Issue New"
                            },
                            {
                               "code": "2",
                               "#text": "Issue Additional"
                            },
                            {
                               "code": "3",
                               "#text": "Issue Replacement"
                            },
                            {
                               "code": "4",
                               "#text": "Returned Cards"
                            },
                            {
                               "code": "5",
                               "#text": "PIN Mailer Requested"
                            },
                            {
                               "code": "6",
                               "#text": "Emergency Replacement"
                            },
                            {
                               "code": "7",
                               "#text": "Reissue Card"
                            },
                            {
                               "code": "8",
                               "#text": "Reissue Different Nbr Scheme"
                            },
                            {
                               "code": "9",
                               "#text": "Card Tech Reissue"
                            },
                            {
                               "code": "A",
                               "#text": "Issue New Existing Account"
                            },
                            {
                               "code": "R",
                               "#text": "Random PIN Mailer Request"
                            },
                            {
                               "code": "L",
                               "#text": "New Plastic for Lost/Stolen"
                            }
                         ]
                      },
                      "label": "Pending Action",
                      "controlLabel": null
                   },
                   {
                      "seq": "1",
                      "id": "ARXELO-LB-BC-TITLE",
                      "help": "functions/ARXELO-lb-bc-title",
                      "control": "GridLabel",
                      "reqIndicator": "false",
                      "maxChars": "15",
                      "value": "NORMAL",
                      "label": "Block Status",
                      "link": {
                         "action": "",
                         "process_id": "350",
                         "page_id": "3393",
                         "processName": "Card Viewer Details",
                         "pageName": "Details",
                         "functionName": "",
                         "param": [
                            {
                               "name": "AMED-ORG"
                            },
                            {
                               "name": "AMED-CARD-NBR"
                            },
                            {
                               "name": "AMED-CARD-SEQ"
                            }
                         ]
                      },
                      "controlLabel": null
                   },
                   {
                      "seq": "1",
                      "id": "ARXELO-DATE-EXPIRE",
                      "control": "GridLabel",
                      "reqIndicator": "false",
                      "maxChars": "7",
                      "value": "2018365",
                      "label": "Expiry Date",
                      "controlLabel": null
                   },
                   {
                      "seq": "1",
                      "id": "ARXELO-DATE-LST-PLASTIC-ISSUE",
                      "control": "GridLabel",
                      "reqIndicator": "false",
                      "maxChars": "7",
                      "value": "0",
                      "label": "Last Issued",
                      "controlLabel": null
                   },
                   {
                      "seq": "1",
                      "id": "ARXELO-CARD-ORG",
                      "xrefField": "AMED-ORG",
                      "control": "Hidden",
                      "reqIndicator": "false",
                      "maxChars": "3",
                      "max": "998",
                      "min": "001",
                      "value": "951",
                      "controlLabel": null
                   },
                   {
                      "seq": "1",
                      "id": "ARXELO-CARD-SEQ",
                      "xrefField": "AMED-CARD-SEQ",
                      "control": "Hidden",
                      "reqIndicator": "false",
                      "maxChars": "4",
                      "value": "1",
                      "controlLabel": null
                   },
                   {
                      "seq": "1",
                      "id": "ARXELO-CARD-TECHNOLOGY",
                      "control": "Hidden",
                      "reqIndicator": "false",
                      "maxChars": "1",
                      "value": "0",
                      "valueDesc": "Magnetic stripe cards are on issue",
                      "valueList": {
                         "item": [
                            {
                               "code": "2",
                               "#text": "Contactless Magnetic stripe cards are on issue"
                            },
                            {
                               "code": "3",
                               "#text": "Contactless Smart cards are on issue"
                            },
                            {
                               "code": "0",
                               "#text": "Magnetic stripe cards are on issue"
                            },
                            {
                               "code": "1",
                               "#text": "Smart cards are on issue"
                            }
                         ]
                      },
                      "controlLabel": null
                   },
                   {
                      "seq": "1",
                      "id": "ARXELO-EMBOSSED-NAME-2",
                      "control": "Hidden",
                      "reqIndicator": "false",
                      "maxChars": "26",
                      "value": null,
                      "controlLabel": null
                   },
                   {
                      "seq": "1",
                      "id": "ARXELO-EMBR-NAME-1",
                      "control": "Hidden",
                      "reqIndicator": "false",
                      "maxChars": "40",
                      "value": "DR SAHEER PALLATHODIYIL",
                      "controlLabel": null
                   },
                   {
                      "seq": "1",
                      "id": "ARXELO-EMBR-NAME-2",
                      "control": "Hidden",
                      "reqIndicator": "false",
                      "maxChars": "40",
                      "value": null,
                      "controlLabel": null
                   },
                   {
                      "seq": "1",
                      "id": "ARXELO-PMSA-NAME-LINE-1",
                      "control": "Hidden",
                      "reqIndicator": "false",
                      "maxChars": "40",
                      "value": "DR SAHEER PALLATHODIYIL",
                      "controlLabel": null
                   },
                   {
                      "seq": "1",
                      "id": "ARXELO-PMSA-NAME-LINE-2",
                      "control": "Hidden",
                      "reqIndicator": "false",
                      "maxChars": "40",
                      "value": null,
                      "controlLabel": null
                   },
                   {
                      "seq": "1",
                      "id": "ARXELO-PMSA-NAME-LINE-3",
                      "control": "Hidden",
                      "reqIndicator": "false",
                      "maxChars": "40",
                      "value": null,
                      "controlLabel": null
                   },
                   {
                      "seq": "1",
                      "id": "ARXELO-CMSA-NAME-LINE-1",
                      "control": "Hidden",
                      "reqIndicator": "false",
                      "maxChars": "40",
                      "value": "DR SAHEER PALLATHODIYIL",
                      "controlLabel": null
                   },
                   {
                      "seq": "1",
                      "id": "ARXELO-CMSA-NAME-LINE-2",
                      "control": "Hidden",
                      "reqIndicator": "false",
                      "maxChars": "40",
                      "value": null,
                      "controlLabel": null
                   },
                   {
                      "seq": "1",
                      "id": "ARXELO-CMSA-NAME-LINE-3",
                      "control": "Hidden",
                      "reqIndicator": "false",
                      "maxChars": "40",
                      "value": null,
                      "controlLabel": null
                   },
                   {
                      "seq": "1",
                      "id": "ARXELO-BLOCK-CODE",
                      "control": "Hidden",
                      "reqIndicator": "false",
                      "maxChars": "1",
                      "value": null,
                      "controlLabel": null
                   }
                ]
             }
          }
       },
       {
          "id": "5664",
          "name": "",
          "desc": "",
          "grouplink": "",
          "rows": {
             "hasMore": "false",
             "row": {
                "field": {
                   "seq": "1",
                   "id": "ARXELO-MORE-DATA-FLAG",
                   "control": "Hidden",
                   "reqIndicator": "false",
                   "maxChars": "1",
                   "value": "N",
                   "controlLabel": null
                }
             }
          }
       }
    ]
 }