{
    "targetNamespace": "http://visionx.firstdata.com/VISIONX/VISIONX.UI.RESPONSE.PAGE.V001",
    "header": {
        "process": {
            "id": "855",
            "name": "CMS Offer Code Master Listing",
            "functionName": ""
        },
        "page": {
            "id": "2158",
            "name": "CMS OFFER CODE D4",
            "lastPage": "false",
            "communicatorMsg": "",
            "pageDisplayName": "CMS OFFER CODE D4"
        },
        "sessiontoken": {
            "text": "P5I96MOiRAYFqmxvw0cF80eB.CCTRAINING.W.01"
        },
        "request": {
            "id": "005"
        },
        "status": null,
        "currencyAttrib": {
            "currencyCode": "EUR",
            "currencyNOD": "2",
            "percentNOD": "7",
            "peritemNOD": "3",
            "currSymbol": "€",
            "negativeFormat": "A",
            "digitGroupSymbol": ".",
            "digitGroupNumber": "3",
            "decimalSymbol": ","
        }
    },
    "group": {
        "id": "3685",
        "name": "CMS OFFER CODE MASTER D4",
        "desc": "CMS OFFER CODE MASTER D4",
        "grouplink": "",
        "rows": {
            "hasMore": "false",
            "row": [
                {
                    "formattedValue": "Please Select"
                },
                {
                    "formattedValue": "1234567890-BALANCE TRANSFER CP 3 MONTHS",
                    "field": [
                        {
                            "seq": "1",
                            "id": "ZMQT-OFFER-CODE",
                            "value": {
                                "text": "1234567890"
                            }
                        },
                        {
                            "seq": "1",
                            "id": "ZMQT-BT-DESCRIPTION",
                            "value": {
                                "text": "BALANCE TRANSFER CP 3 MONTHS"
                            }
                        },
                        {
                            "seq": "1",
                            "id": "ZMQT-OFFER-TYPE",
                            "value": {
                                "text": "3"
                            }
                        }
                    ]
                }
            ]
        }
    }
}