{
    "targetNamespace": "http://visionx.firstdata.com/VISIONX/VISIONX.UI.RESPONSE.PAGE.V001",
    "header": {
        "process": {
            "id": "974",
            "name": "Credit Plan Master Listing",
            "functionName": ""
        },
        "page": {
            "id": "3564",
            "name": "CREDIT PLAN D4",
            "lastPage": "false",
            "communicatorMsg": "",
            "pageDisplayName": "CREDIT PLAN D4"
        },
        "sessiontoken": {
            "text": "s+fiYctmq32+K8HR0JODtdxZ.CCTRAINING.W.01"
        },
        "request": {
            "id": "005"
        },
        "status": null,
        "currencyAttrib": {
            "currencyCode": "EUR",
            "currencyNOD": "2",
            "percentNOD": "7",
            "peritemNOD": "3",
            "currSymbol": "€",
            "negativeFormat": "A",
            "digitGroupSymbol": ".",
            "digitGroupNumber": "3",
            "decimalSymbol": ","
        }
    },
    "group": {
        "id": "5930",
        "name": "CREDIT PLAN MASTER D4",
        "desc": "CREDIT PLAN MASTER D4",
        "grouplink": "",
        "rows": {
            "hasMore": "false",
            "row": [
                {
                    "formattedValue": "Please Select"
                },
                {
                    "formattedValue": "10002-BASIC RETAIL",
                    "field": [
                        {
                            "seq": "1",
                            "id": "AMCP-PLAN",
                            "control": "Dropdown",
                            "reqIndicator": "false",
                            "maxChars": "5",
                            "max": "99998",
                            "min": "00001",
                            "value": {
                                "text": "10002"
                            },
                            "desc": {
                                "text": "Identification number of the Credit Plan Master record."
                            },
                            "label": {
                                "text": "Plan Number"
                            },
                            "controlLabel": null
                        },
                        {
                            "seq": "1",
                            "id": "AMCP-DESC",
                            "control": "Dropdown",
                            "reqIndicator": "false",
                            "maxChars": "30",
                            "value": {
                                "text": "BASIC RETAIL"
                            },
                            "desc": {
                                "text": "Description of the Credit Plan Master record."
                            },
                            "label": {
                                "text": "Description"
                            },
                            "controlLabel": null
                        }
                    ]
                },
                {
                    "formattedValue": "10003-BALANCE TRANSFER BASIC",
                    "field": [
                        {
                            "seq": "1",
                            "id": "AMCP-PLAN",
                            "control": "Dropdown",
                            "reqIndicator": "false",
                            "maxChars": "5",
                            "max": "99998",
                            "min": "00001",
                            "value": {
                                "text": "10003"
                            },
                            "desc": {
                                "text": "Identification number of the Credit Plan Master record."
                            },
                            "label": {
                                "text": "Plan Number"
                            },
                            "controlLabel": null
                        },
                        {
                            "seq": "1",
                            "id": "AMCP-DESC",
                            "control": "Dropdown",
                            "reqIndicator": "false",
                            "maxChars": "30",
                            "value": {
                                "text": "BALANCE TRANSFER BASIC"
                            },
                            "desc": {
                                "text": "Description of the Credit Plan Master record."
                            },
                            "label": {
                                "text": "Description"
                            },
                            "controlLabel": null
                        }
                    ]
                },
                {
                    "formattedValue": "10004-OTHER TRANSACTIONS",
                    "field": [
                        {
                            "seq": "1",
                            "id": "AMCP-PLAN",
                            "control": "Dropdown",
                            "reqIndicator": "false",
                            "maxChars": "5",
                            "max": "99998",
                            "min": "00001",
                            "value": {
                                "text": "10004"
                            },
                            "desc": {
                                "text": "Identification number of the Credit Plan Master record."
                            },
                            "label": {
                                "text": "Plan Number"
                            },
                            "controlLabel": null
                        },
                        {
                            "seq": "1",
                            "id": "AMCP-DESC",
                            "control": "Dropdown",
                            "reqIndicator": "false",
                            "maxChars": "30",
                            "value": {
                                "text": "OTHER TRANSACTIONS"
                            },
                            "desc": {
                                "text": "Description of the Credit Plan Master record."
                            },
                            "label": {
                                "text": "Description"
                            },
                            "controlLabel": null
                        }
                    ]
                },
                {
                    "formattedValue": "10011-RETAIL PURCHASE PLAN",
                    "field": [
                        {
                            "seq": "1",
                            "id": "AMCP-PLAN",
                            "control": "Dropdown",
                            "reqIndicator": "false",
                            "maxChars": "5",
                            "max": "99998",
                            "min": "00001",
                            "value": {
                                "text": "10011"
                            },
                            "desc": {
                                "text": "Identification number of the Credit Plan Master record."
                            },
                            "label": {
                                "text": "Plan Number"
                            },
                            "controlLabel": null
                        },
                        {
                            "seq": "1",
                            "id": "AMCP-DESC",
                            "control": "Dropdown",
                            "reqIndicator": "false",
                            "maxChars": "30",
                            "value": {
                                "text": "RETAIL PURCHASE PLAN"
                            },
                            "desc": {
                                "text": "Description of the Credit Plan Master record."
                            },
                            "label": {
                                "text": "Description"
                            },
                            "controlLabel": null
                        }
                    ]
                },
                {
                    "formattedValue": "10060-REGULAR RETAIL",
                    "field": [
                        {
                            "seq": "1",
                            "id": "AMCP-PLAN",
                            "control": "Dropdown",
                            "reqIndicator": "false",
                            "maxChars": "5",
                            "max": "99998",
                            "min": "00001",
                            "value": {
                                "text": "10060"
                            },
                            "desc": {
                                "text": "Identification number of the Credit Plan Master record."
                            },
                            "label": {
                                "text": "Plan Number"
                            },
                            "controlLabel": null
                        },
                        {
                            "seq": "1",
                            "id": "AMCP-DESC",
                            "control": "Dropdown",
                            "reqIndicator": "false",
                            "maxChars": "30",
                            "value": {
                                "text": "REGULAR RETAIL"
                            },
                            "desc": {
                                "text": "Description of the Credit Plan Master record."
                            },
                            "label": {
                                "text": "Description"
                            },
                            "controlLabel": null
                        }
                    ]
                },
                {
                    "formattedValue": "10098-SAV TRAINING RETAIL",
                    "field": [
                        {
                            "seq": "1",
                            "id": "AMCP-PLAN",
                            "control": "Dropdown",
                            "reqIndicator": "false",
                            "maxChars": "5",
                            "max": "99998",
                            "min": "00001",
                            "value": {
                                "text": "10098"
                            },
                            "desc": {
                                "text": "Identification number of the Credit Plan Master record."
                            },
                            "label": {
                                "text": "Plan Number"
                            },
                            "controlLabel": null
                        },
                        {
                            "seq": "1",
                            "id": "AMCP-DESC",
                            "control": "Dropdown",
                            "reqIndicator": "false",
                            "maxChars": "30",
                            "value": {
                                "text": "SAV TRAINING RETAIL"
                            },
                            "desc": {
                                "text": "Description of the Credit Plan Master record."
                            },
                            "label": {
                                "text": "Description"
                            },
                            "controlLabel": null
                        }
                    ]
                },
                {
                    "formattedValue": "10102-MERCHANT PREFERRED",
                    "field": [
                        {
                            "seq": "1",
                            "id": "AMCP-PLAN",
                            "control": "Dropdown",
                            "reqIndicator": "false",
                            "maxChars": "5",
                            "max": "99998",
                            "min": "00001",
                            "value": {
                                "text": "10102"
                            },
                            "desc": {
                                "text": "Identification number of the Credit Plan Master record."
                            },
                            "label": {
                                "text": "Plan Number"
                            },
                            "controlLabel": null
                        },
                        {
                            "seq": "1",
                            "id": "AMCP-DESC",
                            "control": "Dropdown",
                            "reqIndicator": "false",
                            "maxChars": "30",
                            "value": {
                                "text": "MERCHANT PREFERRED"
                            },
                            "desc": {
                                "text": "Description of the Credit Plan Master record."
                            },
                            "label": {
                                "text": "Description"
                            },
                            "controlLabel": null
                        }
                    ]
                },
                {
                    "formattedValue": "10902-STORE REVOLVING",
                    "field": [
                        {
                            "seq": "1",
                            "id": "AMCP-PLAN",
                            "control": "Dropdown",
                            "reqIndicator": "false",
                            "maxChars": "5",
                            "max": "99998",
                            "min": "00001",
                            "value": {
                                "text": "10902"
                            },
                            "desc": {
                                "text": "Identification number of the Credit Plan Master record."
                            },
                            "label": {
                                "text": "Plan Number"
                            },
                            "controlLabel": null
                        },
                        {
                            "seq": "1",
                            "id": "AMCP-DESC",
                            "control": "Dropdown",
                            "reqIndicator": "false",
                            "maxChars": "30",
                            "value": {
                                "text": "STORE REVOLVING"
                            },
                            "desc": {
                                "text": "Description of the Credit Plan Master record."
                            },
                            "label": {
                                "text": "Description"
                            },
                            "controlLabel": null
                        }
                    ]
                },
                {
                    "formattedValue": "11005-",
                    "field": [
                        {
                            "seq": "1",
                            "id": "AMCP-PLAN",
                            "control": "Dropdown",
                            "reqIndicator": "false",
                            "maxChars": "5",
                            "max": "99998",
                            "min": "00001",
                            "value": {
                                "text": "11005"
                            },
                            "desc": {
                                "text": "Identification number of the Credit Plan Master record."
                            },
                            "label": {
                                "text": "Plan Number"
                            },
                            "controlLabel": null
                        },
                        {
                            "seq": "1",
                            "id": "AMCP-DESC",
                            "control": "Dropdown",
                            "reqIndicator": "false",
                            "maxChars": "30",
                            "value": null,
                            "desc": {
                                "text": "Description of the Credit Plan Master record."
                            },
                            "label": {
                                "text": "Description"
                            },
                            "controlLabel": null
                        }
                    ]
                },
                {
                    "formattedValue": "12123-JONTY 100",
                    "field": [
                        {
                            "seq": "1",
                            "id": "AMCP-PLAN",
                            "control": "Dropdown",
                            "reqIndicator": "false",
                            "maxChars": "5",
                            "max": "99998",
                            "min": "00001",
                            "value": {
                                "text": "12123"
                            },
                            "desc": {
                                "text": "Identification number of the Credit Plan Master record."
                            },
                            "label": {
                                "text": "Plan Number"
                            },
                            "controlLabel": null
                        },
                        {
                            "seq": "1",
                            "id": "AMCP-DESC",
                            "control": "Dropdown",
                            "reqIndicator": "false",
                            "maxChars": "30",
                            "value": {
                                "text": "JONTY 100"
                            },
                            "desc": {
                                "text": "Description of the Credit Plan Master record."
                            },
                            "label": {
                                "text": "Description"
                            },
                            "controlLabel": null
                        }
                    ]
                },
                {
                    "formattedValue": "15040-",
                    "field": [
                        {
                            "seq": "1",
                            "id": "AMCP-PLAN",
                            "control": "Dropdown",
                            "reqIndicator": "false",
                            "maxChars": "5",
                            "max": "99998",
                            "min": "00001",
                            "value": {
                                "text": "15040"
                            },
                            "desc": {
                                "text": "Identification number of the Credit Plan Master record."
                            },
                            "label": {
                                "text": "Plan Number"
                            },
                            "controlLabel": null
                        },
                        {
                            "seq": "1",
                            "id": "AMCP-DESC",
                            "control": "Dropdown",
                            "reqIndicator": "false",
                            "maxChars": "30",
                            "value": null,
                            "desc": {
                                "text": "Description of the Credit Plan Master record."
                            },
                            "label": {
                                "text": "Description"
                            },
                            "controlLabel": null
                        }
                    ]
                },
                {
                    "formattedValue": "30002-RETAIL PLAN",
                    "field": [
                        {
                            "seq": "1",
                            "id": "AMCP-PLAN",
                            "control": "Dropdown",
                            "reqIndicator": "false",
                            "maxChars": "5",
                            "max": "99998",
                            "min": "00001",
                            "value": {
                                "text": "30002"
                            },
                            "desc": {
                                "text": "Identification number of the Credit Plan Master record."
                            },
                            "label": {
                                "text": "Plan Number"
                            },
                            "controlLabel": null
                        },
                        {
                            "seq": "1",
                            "id": "AMCP-DESC",
                            "control": "Dropdown",
                            "reqIndicator": "false",
                            "maxChars": "30",
                            "value": {
                                "text": "RETAIL PLAN"
                            },
                            "desc": {
                                "text": "Description of the Credit Plan Master record."
                            },
                            "label": {
                                "text": "Description"
                            },
                            "controlLabel": null
                        }
                    ]
                },
                {
                    "formattedValue": "54444-JONTY TEST",
                    "field": [
                        {
                            "seq": "1",
                            "id": "AMCP-PLAN",
                            "control": "Dropdown",
                            "reqIndicator": "false",
                            "maxChars": "5",
                            "max": "99998",
                            "min": "00001",
                            "value": {
                                "text": "54444"
                            },
                            "desc": {
                                "text": "Identification number of the Credit Plan Master record."
                            },
                            "label": {
                                "text": "Plan Number"
                            },
                            "controlLabel": null
                        },
                        {
                            "seq": "1",
                            "id": "AMCP-DESC",
                            "control": "Dropdown",
                            "reqIndicator": "false",
                            "maxChars": "30",
                            "value": {
                                "text": "JONTY TEST"
                            },
                            "desc": {
                                "text": "Description of the Credit Plan Master record."
                            },
                            "label": {
                                "text": "Description"
                            },
                            "controlLabel": null
                        }
                    ]
                },
                {
                    "formattedValue": "78787-",
                    "field": [
                        {
                            "seq": "1",
                            "id": "AMCP-PLAN",
                            "control": "Dropdown",
                            "reqIndicator": "false",
                            "maxChars": "5",
                            "max": "99998",
                            "min": "00001",
                            "value": {
                                "text": "78787"
                            },
                            "desc": {
                                "text": "Identification number of the Credit Plan Master record."
                            },
                            "label": {
                                "text": "Plan Number"
                            },
                            "controlLabel": null
                        },
                        {
                            "seq": "1",
                            "id": "AMCP-DESC",
                            "control": "Dropdown",
                            "reqIndicator": "false",
                            "maxChars": "30",
                            "value": null,
                            "desc": {
                                "text": "Description of the Credit Plan Master record."
                            },
                            "label": {
                                "text": "Description"
                            },
                            "controlLabel": null
                        }
                    ]
                },
                {
                    "formattedValue": "80001-RETAIL",
                    "field": [
                        {
                            "seq": "1",
                            "id": "AMCP-PLAN",
                            "control": "Dropdown",
                            "reqIndicator": "false",
                            "maxChars": "5",
                            "max": "99998",
                            "min": "00001",
                            "value": {
                                "text": "80001"
                            },
                            "desc": {
                                "text": "Identification number of the Credit Plan Master record."
                            },
                            "label": {
                                "text": "Plan Number"
                            },
                            "controlLabel": null
                        },
                        {
                            "seq": "1",
                            "id": "AMCP-DESC",
                            "control": "Dropdown",
                            "reqIndicator": "false",
                            "maxChars": "30",
                            "value": {
                                "text": "RETAIL"
                            },
                            "desc": {
                                "text": "Description of the Credit Plan Master record."
                            },
                            "label": {
                                "text": "Description"
                            },
                            "controlLabel": null
                        }
                    ]
                },
                {
                    "formattedValue": "98888-TEST RETAIL CREDIT PLAN",
                    "field": [
                        {
                            "seq": "1",
                            "id": "AMCP-PLAN",
                            "control": "Dropdown",
                            "reqIndicator": "false",
                            "maxChars": "5",
                            "max": "99998",
                            "min": "00001",
                            "value": {
                                "text": "98888"
                            },
                            "desc": {
                                "text": "Identification number of the Credit Plan Master record."
                            },
                            "label": {
                                "text": "Plan Number"
                            },
                            "controlLabel": null
                        },
                        {
                            "seq": "1",
                            "id": "AMCP-DESC",
                            "control": "Dropdown",
                            "reqIndicator": "false",
                            "maxChars": "30",
                            "value": {
                                "text": "TEST RETAIL CREDIT PLAN"
                            },
                            "desc": {
                                "text": "Description of the Credit Plan Master record."
                            },
                            "label": {
                                "text": "Description"
                            },
                            "controlLabel": null
                        }
                    ]
                }
            ]
        }
    }
}