{
  "vxRoot": {
    "xmlns": "http://com/fd/firstvision/vx/root",
    "targetNamespace": "http://visionx.firstdata.com/VISIONX/VISIONX.UI.RESPONSE.PAGE.V001",
    "header": {
      "process": {
        "id": "204",
        "name": "Reinstate Account Function",
        "functionName": "Reinstate Account"
      },
      "page": {
        "id": "217",
        "name": "Reinstate Account",
        "lastPage": "false",
        "type": "UPDATE",
        "communicatorMsg": "Please verify details and press 'Reinstate' to reopen this account.",
        "pageDisplayName": "Reinstate Account Details"
      },
      "sessiontoken": "SbGZ3OpUacIIkXccL48NUsiu.CCTRAINING.W.01",
      "request": { "id": "005" },
      "status": {
        "type": "Info",
        "error": {
          "code": "VPE5SRA50I",
          "message": { "text": "CANNOT REINSTATE DUE TO INELIGIBLE CLOSURE BLOCK CODE                          " }
        }
      },
      "currencyAttrib": {
        "currencyCode": { "text": "EUR" },
        "currencyNOD": { "text": "2" },
        "percentNOD": { "text": "7" },
        "peritemNOD": { "text": "3" },
        "currSymbol": { "text": "€" },
        "negativeFormat": { "text": "A" },
        "digitGroupSymbol": { "text": "." },
        "digitGroupNumber": { "text": "3" },
        "decimalSymbol": { "text": "," }
      }
    },
    "group": {
      "id": "646",
      "help": "functions/reinstate_account_fc",
      "desc": "Group",
      "field": [
        {
          "seq": "1",
          "id": "AMBS-CURR-BAL",
          "control": "Label",
          "type": "Currency- Sub Units",
          "reqIndicator": "false",
          "maxChars": "17",
          "value": "46000",
          "desc": "Current balance of the account.",
          "label": "Account Balance"
        },
        {
          "seq": "1",
          "id": "AMBS-DATE-CLOSED",
          "control": "Label",
          "type": "Date",
          "reqIndicator": "false",
          "maxChars": "7",
          "value": "0",
          "desc": "Date the account was closed. This field displays only when the screen is in maintenance mode or inquiry mode",
          "label": "Date Closed"
        },
        {
          "seq": "1",
          "id": "AZXRAO-BLOCK-1-DESC",
          "control": "Label",
          "type": "Alphanumeric",
          "reqIndicator": "false",
          "maxChars": "30",
          "value": "DELINQ 60, PRIORITY 30        ",
          "label": "Block Code 1"
        },
        {
          "seq": "1",
          "id": "AZXRAO-BLOCK-2-DESC",
          "control": "Label",
          "type": "Alphanumeric",
          "reqIndicator": "false",
          "maxChars": "30",
          "value": "NORMAL, PRIORITY 00           ",
          "label": "Block Code 2"
        },
        {
          "seq": "1",
          "id": "AMBS-USER-CODE-1",
          "help": "functions/ambs-user-code-1",
          "control": "Label",
          "type": "Standard Text",
          "reqIndicator": "false",
          "maxChars": "2",
          "value": "  ",
          "desc": "User-defined codes used for customized information about the account.  Field names are defined in the Product record.",
          "valueList": {
            "item": [
              {
                "code": "CA",
                "text": "Price - Annual fee"
              },
              {
                "code": "CB",
                "text": "Price - Better offer"
              },
              {
                "code": "CC",
                "text": "Price - Interest rate change"
              },
              {
                "code": "CD",
                "text": "Price - Fees general"
              },
              {
                "code": "CE",
                "text": "Price - Product/Terms change"
              },
              {
                "code": "CM",
                "text": "Other - Customer dispute w/partner"
              },
              {
                "code": "CN",
                "text": "Other - User defined reason"
              },
              {
                "code": "CO",
                "text": "Other- Change in lifestyle/circumstance"
              },
              {
                "code": "CF",
                "text": "Service - Complaint issue"
              },
              {
                "code": "CG",
                "text": "Service - Too many contacts"
              },
              {
                "code": "CH",
                "text": "Service - Loyalty/Redemption issue"
              },
              {
                "code": "CI",
                "text": "Service - Account/Processing issue"
              },
              {
                "code": "CJ",
                "text": "Other - Forced to open/Not required"
              },
              {
                "code": "CK",
                "text": "Other - Too many cards/Not used"
              },
              {
                "code": "CL",
                "text": "Other - Deceased"
              }
            ]
          },
          "label": "Reason Code"
        }
      ]
    }
  }
}