{
    "targetNamespace": "http://visionx.firstdata.com/VISIONX/VISIONX.UI.RESPONSE.PAGE.V001",
    "header": {
       "process": {
          "id": "69",
          "name": "List Of Activation Cards",
          "functionName": ""
       },
       "page": {
          "id": "2244",
          "name": "List Of Activation Cards",
          "lastPage": "false",
          "communicatorMsg": "",
          "pageDisplayName": "List Of Activation Cards"
       },
       "sessiontoken": "9Fx6oNWWscrFtS9LR4kuwFBw.CCTRAINING.W.01",
       "request": {
          "id": "005"
       },
       "status": null,
       "currencyAttrib": {
          "currencyCode": "EUR",
          "currencyNOD": "2",
          "percentNOD": "7",
          "peritemNOD": "3",
          "currSymbol": "€",
          "negativeFormat": "A",
          "digitGroupSymbol": ".",
          "digitGroupNumber": "3",
          "decimalSymbol": ","
       }
    },
    "group": {
       "id": "3847",
       "name": "",
       "desc": "",
       "grouplink": "",
       "rows": {
          "hasMore": "false",
          "row": [
             {
                "field": [
                   {
                      "seq": "1",
                      "id": "ARXELO-EMBOSSED-NAME-1",
                      "value": "DR SALEEM PADIKKATHODI"
                   },
                   {
                      "seq": "1",
                      "id": "ARXELO-CURR-FIRST-USAGE-FLAG",
                      "value": "N"
                   },
                   {
                      "seq": "1",
                      "id": "ARXELO-CARDHOLDER-TYPE",
                      "value": "1"
                   },
                   {
                      "seq": "1",
                      "id": "ARXELO-CARD-NBR",
                      "value": "...8895"
                   },
                   {
                      "seq": "1",
                      "id": "ARXELO-CARD-SEQ",
                      "value": "1"
                   },
                   {
                      "seq": "1",
                      "id": "ARXELO-STATUS",
                      "value": "0"
                   },
                   {
                      "seq": "1",
                      "id": "ARXELO-LB-BC-TITLE",
                      "value": "NORMAL"
                   },
                   {
                      "seq": "1",
                      "id": "ARXELO-BLOCK-CODE",
                      "value": null
                   }
                ]
             },
             {
                "field": [
                   {
                      "seq": "1",
                      "id": "ARXELO-EMBOSSED-NAME-1",
                      "value": {
                         "nil": "true"
                      }
                   },
                   {
                      "seq": "1",
                      "id": "ARXELO-CURR-FIRST-USAGE-FLAG",
                      "value": {
                         "nil": "true"
                      }
                   },
                   {
                      "seq": "1",
                      "id": "ARXELO-CARDHOLDER-TYPE",
                      "value": {
                         "nil": "true"
                      }
                   },
                   {
                      "seq": "1",
                      "id": "ARXELO-CARD-NBR",
                      "value": {
                         "nil": "true"
                      }
                   },
                   {
                      "seq": "1",
                      "id": "ARXELO-CARD-SEQ",
                      "value": {
                         "nil": "true"
                      }
                   },
                   {
                      "seq": "1",
                      "id": "ARXELO-STATUS",
                      "value": {
                         "nil": "true"
                      }
                   },
                   {
                      "seq": "1",
                      "id": "ARXELO-LB-BC-TITLE",
                      "value": {
                         "nil": "true"
                      }
                   },
                   {
                      "seq": "1",
                      "id": "ARXELO-BLOCK-CODE",
                      "value": {
                         "nil": "true"
                      }
                   }
                ]
             },
             {
                "field": [
                   {
                      "seq": "1",
                      "id": "ARXELO-EMBOSSED-NAME-1",
                      "value": {
                         "nil": "true"
                      }
                   },
                   {
                      "seq": "1",
                      "id": "ARXELO-CURR-FIRST-USAGE-FLAG",
                      "value": {
                         "nil": "true"
                      }
                   },
                   {
                      "seq": "1",
                      "id": "ARXELO-CARDHOLDER-TYPE",
                      "value": {
                         "nil": "true"
                      }
                   },
                   {
                      "seq": "1",
                      "id": "ARXELO-CARD-NBR",
                      "value": {
                         "nil": "true"
                      }
                   },
                   {
                      "seq": "1",
                      "id": "ARXELO-CARD-SEQ",
                      "value": {
                         "nil": "true"
                      }
                   },
                   {
                      "seq": "1",
                      "id": "ARXELO-STATUS",
                      "value": {
                         "nil": "true"
                      }
                   },
                   {
                      "seq": "1",
                      "id": "ARXELO-LB-BC-TITLE",
                      "value": {
                         "nil": "true"
                      }
                   },
                   {
                      "seq": "1",
                      "id": "ARXELO-BLOCK-CODE",
                      "value": {
                         "nil": "true"
                      }
                   }
                ]
             },
             {
                "field": [
                   {
                      "seq": "1",
                      "id": "ARXELO-EMBOSSED-NAME-1",
                      "value": {
                         "nil": "true"
                      }
                   },
                   {
                      "seq": "1",
                      "id": "ARXELO-CURR-FIRST-USAGE-FLAG",
                      "value": {
                         "nil": "true"
                      }
                   },
                   {
                      "seq": "1",
                      "id": "ARXELO-CARDHOLDER-TYPE",
                      "value": {
                         "nil": "true"
                      }
                   },
                   {
                      "seq": "1",
                      "id": "ARXELO-CARD-NBR",
                      "value": {
                         "nil": "true"
                      }
                   },
                   {
                      "seq": "1",
                      "id": "ARXELO-CARD-SEQ",
                      "value": {
                         "nil": "true"
                      }
                   },
                   {
                      "seq": "1",
                      "id": "ARXELO-STATUS",
                      "value": {
                         "nil": "true"
                      }
                   },
                   {
                      "seq": "1",
                      "id": "ARXELO-LB-BC-TITLE",
                      "value": {
                         "nil": "true"
                      }
                   },
                   {
                      "seq": "1",
                      "id": "ARXELO-BLOCK-CODE",
                      "value": {
                         "nil": "true"
                      }
                   }
                ]
             },
             {
                "field": [
                   {
                      "seq": "1",
                      "id": "ARXELO-EMBOSSED-NAME-1",
                      "value": {
                         "nil": "true"
                      }
                   },
                   {
                      "seq": "1",
                      "id": "ARXELO-CURR-FIRST-USAGE-FLAG",
                      "value": {
                         "nil": "true"
                      }
                   },
                   {
                      "seq": "1",
                      "id": "ARXELO-CARDHOLDER-TYPE",
                      "value": {
                         "nil": "true"
                      }
                   },
                   {
                      "seq": "1",
                      "id": "ARXELO-CARD-NBR",
                      "value": {
                         "nil": "true"
                      }
                   },
                   {
                      "seq": "1",
                      "id": "ARXELO-CARD-SEQ",
                      "value": {
                         "nil": "true"
                      }
                   },
                   {
                      "seq": "1",
                      "id": "ARXELO-STATUS",
                      "value": {
                         "nil": "true"
                      }
                   },
                   {
                      "seq": "1",
                      "id": "ARXELO-LB-BC-TITLE",
                      "value": {
                         "nil": "true"
                      }
                   },
                   {
                      "seq": "1",
                      "id": "ARXELO-BLOCK-CODE",
                      "value": {
                         "nil": "true"
                      }
                   }
                ]
             },
             {
                "field": [
                   {
                      "seq": "1",
                      "id": "ARXELO-EMBOSSED-NAME-1",
                      "value": {
                         "nil": "true"
                      }
                   },
                   {
                      "seq": "1",
                      "id": "ARXELO-CURR-FIRST-USAGE-FLAG",
                      "value": {
                         "nil": "true"
                      }
                   },
                   {
                      "seq": "1",
                      "id": "ARXELO-CARDHOLDER-TYPE",
                      "value": {
                         "nil": "true"
                      }
                   },
                   {
                      "seq": "1",
                      "id": "ARXELO-CARD-NBR",
                      "value": {
                         "nil": "true"
                      }
                   },
                   {
                      "seq": "1",
                      "id": "ARXELO-CARD-SEQ",
                      "value": {
                         "nil": "true"
                      }
                   },
                   {
                      "seq": "1",
                      "id": "ARXELO-STATUS",
                      "value": {
                         "nil": "true"
                      }
                   },
                   {
                      "seq": "1",
                      "id": "ARXELO-LB-BC-TITLE",
                      "value": {
                         "nil": "true"
                      }
                   },
                   {
                      "seq": "1",
                      "id": "ARXELO-BLOCK-CODE",
                      "value": {
                         "nil": "true"
                      }
                   }
                ]
             },
             {
                "field": [
                   {
                      "seq": "1",
                      "id": "ARXELO-EMBOSSED-NAME-1",
                      "value": {
                         "nil": "true"
                      }
                   },
                   {
                      "seq": "1",
                      "id": "ARXELO-CURR-FIRST-USAGE-FLAG",
                      "value": {
                         "nil": "true"
                      }
                   },
                   {
                      "seq": "1",
                      "id": "ARXELO-CARDHOLDER-TYPE",
                      "value": {
                         "nil": "true"
                      }
                   },
                   {
                      "seq": "1",
                      "id": "ARXELO-CARD-NBR",
                      "value": {
                         "nil": "true"
                      }
                   },
                   {
                      "seq": "1",
                      "id": "ARXELO-CARD-SEQ",
                      "value": {
                         "nil": "true"
                      }
                   },
                   {
                      "seq": "1",
                      "id": "ARXELO-STATUS",
                      "value": {
                         "nil": "true"
                      }
                   },
                   {
                      "seq": "1",
                      "id": "ARXELO-LB-BC-TITLE",
                      "value": {
                         "nil": "true"
                      }
                   },
                   {
                      "seq": "1",
                      "id": "ARXELO-BLOCK-CODE",
                      "value": {
                         "nil": "true"
                      }
                   }
                ]
             },
             {
                "field": [
                   {
                      "seq": "1",
                      "id": "ARXELO-EMBOSSED-NAME-1",
                      "value": {
                         "nil": "true"
                      }
                   },
                   {
                      "seq": "1",
                      "id": "ARXELO-CURR-FIRST-USAGE-FLAG",
                      "value": {
                         "nil": "true"
                      }
                   },
                   {
                      "seq": "1",
                      "id": "ARXELO-CARDHOLDER-TYPE",
                      "value": {
                         "nil": "true"
                      }
                   },
                   {
                      "seq": "1",
                      "id": "ARXELO-CARD-NBR",
                      "value": {
                         "nil": "true"
                      }
                   },
                   {
                      "seq": "1",
                      "id": "ARXELO-CARD-SEQ",
                      "value": {
                         "nil": "true"
                      }
                   },
                   {
                      "seq": "1",
                      "id": "ARXELO-STATUS",
                      "value": {
                         "nil": "true"
                      }
                   },
                   {
                      "seq": "1",
                      "id": "ARXELO-LB-BC-TITLE",
                      "value": {
                         "nil": "true"
                      }
                   },
                   {
                      "seq": "1",
                      "id": "ARXELO-BLOCK-CODE",
                      "value": {
                         "nil": "true"
                      }
                   }
                ]
             },
             {
                "field": [
                   {
                      "seq": "1",
                      "id": "ARXELO-EMBOSSED-NAME-1",
                      "value": {
                         "nil": "true"
                      }
                   },
                   {
                      "seq": "1",
                      "id": "ARXELO-CURR-FIRST-USAGE-FLAG",
                      "value": {
                         "nil": "true"
                      }
                   },
                   {
                      "seq": "1",
                      "id": "ARXELO-CARDHOLDER-TYPE",
                      "value": {
                         "nil": "true"
                      }
                   },
                   {
                      "seq": "1",
                      "id": "ARXELO-CARD-NBR",
                      "value": {
                         "nil": "true"
                      }
                   },
                   {
                      "seq": "1",
                      "id": "ARXELO-CARD-SEQ",
                      "value": {
                         "nil": "true"
                      }
                   },
                   {
                      "seq": "1",
                      "id": "ARXELO-STATUS",
                      "value": {
                         "nil": "true"
                      }
                   },
                   {
                      "seq": "1",
                      "id": "ARXELO-LB-BC-TITLE",
                      "value": {
                         "nil": "true"
                      }
                   },
                   {
                      "seq": "1",
                      "id": "ARXELO-BLOCK-CODE",
                      "value": {
                         "nil": "true"
                      }
                   }
                ]
             },
             {
                "field": [
                   {
                      "seq": "1",
                      "id": "ARXELO-EMBOSSED-NAME-1",
                      "value": {
                         "nil": "true"
                      }
                   },
                   {
                      "seq": "1",
                      "id": "ARXELO-CURR-FIRST-USAGE-FLAG",
                      "value": {
                         "nil": "true"
                      }
                   },
                   {
                      "seq": "1",
                      "id": "ARXELO-CARDHOLDER-TYPE",
                      "value": {
                         "nil": "true"
                      }
                   },
                   {
                      "seq": "1",
                      "id": "ARXELO-CARD-NBR",
                      "value": {
                         "nil": "true"
                      }
                   },
                   {
                      "seq": "1",
                      "id": "ARXELO-CARD-SEQ",
                      "value": {
                         "nil": "true"
                      }
                   },
                   {
                      "seq": "1",
                      "id": "ARXELO-STATUS",
                      "value": {
                         "nil": "true"
                      }
                   },
                   {
                      "seq": "1",
                      "id": "ARXELO-LB-BC-TITLE",
                      "value": {
                         "nil": "true"
                      }
                   },
                   {
                      "seq": "1",
                      "id": "ARXELO-BLOCK-CODE",
                      "value": {
                         "nil": "true"
                      }
                   }
                ]
             },
             {
                "field": [
                   {
                      "seq": "1",
                      "id": "ARXELO-EMBOSSED-NAME-1",
                      "value": {
                         "nil": "true"
                      }
                   },
                   {
                      "seq": "1",
                      "id": "ARXELO-CURR-FIRST-USAGE-FLAG",
                      "value": {
                         "nil": "true"
                      }
                   },
                   {
                      "seq": "1",
                      "id": "ARXELO-CARDHOLDER-TYPE",
                      "value": {
                         "nil": "true"
                      }
                   },
                   {
                      "seq": "1",
                      "id": "ARXELO-CARD-NBR",
                      "value": {
                         "nil": "true"
                      }
                   },
                   {
                      "seq": "1",
                      "id": "ARXELO-CARD-SEQ",
                      "value": {
                         "nil": "true"
                      }
                   },
                   {
                      "seq": "1",
                      "id": "ARXELO-STATUS",
                      "value": {
                         "nil": "true"
                      }
                   },
                   {
                      "seq": "1",
                      "id": "ARXELO-LB-BC-TITLE",
                      "value": {
                         "nil": "true"
                      }
                   },
                   {
                      "seq": "1",
                      "id": "ARXELO-BLOCK-CODE",
                      "value": {
                         "nil": "true"
                      }
                   }
                ]
             },
             {
                "field": [
                   {
                      "seq": "1",
                      "id": "ARXELO-EMBOSSED-NAME-1",
                      "value": {
                         "nil": "true"
                      }
                   },
                   {
                      "seq": "1",
                      "id": "ARXELO-CURR-FIRST-USAGE-FLAG",
                      "value": {
                         "nil": "true"
                      }
                   },
                   {
                      "seq": "1",
                      "id": "ARXELO-CARDHOLDER-TYPE",
                      "value": {
                         "nil": "true"
                      }
                   },
                   {
                      "seq": "1",
                      "id": "ARXELO-CARD-NBR",
                      "value": {
                         "nil": "true"
                      }
                   },
                   {
                      "seq": "1",
                      "id": "ARXELO-CARD-SEQ",
                      "value": {
                         "nil": "true"
                      }
                   },
                   {
                      "seq": "1",
                      "id": "ARXELO-STATUS",
                      "value": {
                         "nil": "true"
                      }
                   },
                   {
                      "seq": "1",
                      "id": "ARXELO-LB-BC-TITLE",
                      "value": {
                         "nil": "true"
                      }
                   },
                   {
                      "seq": "1",
                      "id": "ARXELO-BLOCK-CODE",
                      "value": {
                         "nil": "true"
                      }
                   }
                ]
             },
             {
                "field": [
                   {
                      "seq": "1",
                      "id": "ARXELO-EMBOSSED-NAME-1",
                      "value": {
                         "nil": "true"
                      }
                   },
                   {
                      "seq": "1",
                      "id": "ARXELO-CURR-FIRST-USAGE-FLAG",
                      "value": {
                         "nil": "true"
                      }
                   },
                   {
                      "seq": "1",
                      "id": "ARXELO-CARDHOLDER-TYPE",
                      "value": {
                         "nil": "true"
                      }
                   },
                   {
                      "seq": "1",
                      "id": "ARXELO-CARD-NBR",
                      "value": {
                         "nil": "true"
                      }
                   },
                   {
                      "seq": "1",
                      "id": "ARXELO-CARD-SEQ",
                      "value": {
                         "nil": "true"
                      }
                   },
                   {
                      "seq": "1",
                      "id": "ARXELO-STATUS",
                      "value": {
                         "nil": "true"
                      }
                   },
                   {
                      "seq": "1",
                      "id": "ARXELO-LB-BC-TITLE",
                      "value": {
                         "nil": "true"
                      }
                   },
                   {
                      "seq": "1",
                      "id": "ARXELO-BLOCK-CODE",
                      "value": {
                         "nil": "true"
                      }
                   }
                ]
             },
             {
                "field": [
                   {
                      "seq": "1",
                      "id": "ARXELO-EMBOSSED-NAME-1",
                      "value": {
                         "nil": "true"
                      }
                   },
                   {
                      "seq": "1",
                      "id": "ARXELO-CURR-FIRST-USAGE-FLAG",
                      "value": {
                         "nil": "true"
                      }
                   },
                   {
                      "seq": "1",
                      "id": "ARXELO-CARDHOLDER-TYPE",
                      "value": {
                         "nil": "true"
                      }
                   },
                   {
                      "seq": "1",
                      "id": "ARXELO-CARD-NBR",
                      "value": {
                         "nil": "true"
                      }
                   },
                   {
                      "seq": "1",
                      "id": "ARXELO-CARD-SEQ",
                      "value": {
                         "nil": "true"
                      }
                   },
                   {
                      "seq": "1",
                      "id": "ARXELO-STATUS",
                      "value": {
                         "nil": "true"
                      }
                   },
                   {
                      "seq": "1",
                      "id": "ARXELO-LB-BC-TITLE",
                      "value": {
                         "nil": "true"
                      }
                   },
                   {
                      "seq": "1",
                      "id": "ARXELO-BLOCK-CODE",
                      "value": {
                         "nil": "true"
                      }
                   }
                ]
             },
             {
                "field": [
                   {
                      "seq": "1",
                      "id": "ARXELO-EMBOSSED-NAME-1",
                      "value": {
                         "nil": "true"
                      }
                   },
                   {
                      "seq": "1",
                      "id": "ARXELO-CURR-FIRST-USAGE-FLAG",
                      "value": {
                         "nil": "true"
                      }
                   },
                   {
                      "seq": "1",
                      "id": "ARXELO-CARDHOLDER-TYPE",
                      "value": {
                         "nil": "true"
                      }
                   },
                   {
                      "seq": "1",
                      "id": "ARXELO-CARD-NBR",
                      "value": {
                         "nil": "true"
                      }
                   },
                   {
                      "seq": "1",
                      "id": "ARXELO-CARD-SEQ",
                      "value": {
                         "nil": "true"
                      }
                   },
                   {
                      "seq": "1",
                      "id": "ARXELO-STATUS",
                      "value": {
                         "nil": "true"
                      }
                   },
                   {
                      "seq": "1",
                      "id": "ARXELO-LB-BC-TITLE",
                      "value": {
                         "nil": "true"
                      }
                   },
                   {
                      "seq": "1",
                      "id": "ARXELO-BLOCK-CODE",
                      "value": {
                         "nil": "true"
                      }
                   }
                ]
             },
             {
                "field": [
                   {
                      "seq": "1",
                      "id": "ARXELO-EMBOSSED-NAME-1",
                      "value": {
                         "nil": "true"
                      }
                   },
                   {
                      "seq": "1",
                      "id": "ARXELO-CURR-FIRST-USAGE-FLAG",
                      "value": {
                         "nil": "true"
                      }
                   },
                   {
                      "seq": "1",
                      "id": "ARXELO-CARDHOLDER-TYPE",
                      "value": {
                         "nil": "true"
                      }
                   },
                   {
                      "seq": "1",
                      "id": "ARXELO-CARD-NBR",
                      "value": {
                         "nil": "true"
                      }
                   },
                   {
                      "seq": "1",
                      "id": "ARXELO-CARD-SEQ",
                      "value": {
                         "nil": "true"
                      }
                   },
                   {
                      "seq": "1",
                      "id": "ARXELO-STATUS",
                      "value": {
                         "nil": "true"
                      }
                   },
                   {
                      "seq": "1",
                      "id": "ARXELO-LB-BC-TITLE",
                      "value": {
                         "nil": "true"
                      }
                   },
                   {
                      "seq": "1",
                      "id": "ARXELO-BLOCK-CODE",
                      "value": {
                         "nil": "true"
                      }
                   }
                ]
             },
             {
                "field": [
                   {
                      "seq": "1",
                      "id": "ARXELO-EMBOSSED-NAME-1",
                      "value": {
                         "nil": "true"
                      }
                   },
                   {
                      "seq": "1",
                      "id": "ARXELO-CURR-FIRST-USAGE-FLAG",
                      "value": {
                         "nil": "true"
                      }
                   },
                   {
                      "seq": "1",
                      "id": "ARXELO-CARDHOLDER-TYPE",
                      "value": {
                         "nil": "true"
                      }
                   },
                   {
                      "seq": "1",
                      "id": "ARXELO-CARD-NBR",
                      "value": {
                         "nil": "true"
                      }
                   },
                   {
                      "seq": "1",
                      "id": "ARXELO-CARD-SEQ",
                      "value": {
                         "nil": "true"
                      }
                   },
                   {
                      "seq": "1",
                      "id": "ARXELO-STATUS",
                      "value": {
                         "nil": "true"
                      }
                   },
                   {
                      "seq": "1",
                      "id": "ARXELO-LB-BC-TITLE",
                      "value": {
                         "nil": "true"
                      }
                   },
                   {
                      "seq": "1",
                      "id": "ARXELO-BLOCK-CODE",
                      "value": {
                         "nil": "true"
                      }
                   }
                ]
             },
             {
                "field": [
                   {
                      "seq": "1",
                      "id": "ARXELO-EMBOSSED-NAME-1",
                      "value": {
                         "nil": "true"
                      }
                   },
                   {
                      "seq": "1",
                      "id": "ARXELO-CURR-FIRST-USAGE-FLAG",
                      "value": {
                         "nil": "true"
                      }
                   },
                   {
                      "seq": "1",
                      "id": "ARXELO-CARDHOLDER-TYPE",
                      "value": {
                         "nil": "true"
                      }
                   },
                   {
                      "seq": "1",
                      "id": "ARXELO-CARD-NBR",
                      "value": {
                         "nil": "true"
                      }
                   },
                   {
                      "seq": "1",
                      "id": "ARXELO-CARD-SEQ",
                      "value": {
                         "nil": "true"
                      }
                   },
                   {
                      "seq": "1",
                      "id": "ARXELO-STATUS",
                      "value": {
                         "nil": "true"
                      }
                   },
                   {
                      "seq": "1",
                      "id": "ARXELO-LB-BC-TITLE",
                      "value": {
                         "nil": "true"
                      }
                   },
                   {
                      "seq": "1",
                      "id": "ARXELO-BLOCK-CODE",
                      "value": {
                         "nil": "true"
                      }
                   }
                ]
             },
             {
                "field": [
                   {
                      "seq": "1",
                      "id": "ARXELO-EMBOSSED-NAME-1",
                      "value": {
                         "nil": "true"
                      }
                   },
                   {
                      "seq": "1",
                      "id": "ARXELO-CURR-FIRST-USAGE-FLAG",
                      "value": {
                         "nil": "true"
                      }
                   },
                   {
                      "seq": "1",
                      "id": "ARXELO-CARDHOLDER-TYPE",
                      "value": {
                         "nil": "true"
                      }
                   },
                   {
                      "seq": "1",
                      "id": "ARXELO-CARD-NBR",
                      "value": {
                         "nil": "true"
                      }
                   },
                   {
                      "seq": "1",
                      "id": "ARXELO-CARD-SEQ",
                      "value": {
                         "nil": "true"
                      }
                   },
                   {
                      "seq": "1",
                      "id": "ARXELO-STATUS",
                      "value": {
                         "nil": "true"
                      }
                   },
                   {
                      "seq": "1",
                      "id": "ARXELO-LB-BC-TITLE",
                      "value": {
                         "nil": "true"
                      }
                   },
                   {
                      "seq": "1",
                      "id": "ARXELO-BLOCK-CODE",
                      "value": {
                         "nil": "true"
                      }
                   }
                ]
             },
             {
                "field": [
                   {
                      "seq": "1",
                      "id": "ARXELO-EMBOSSED-NAME-1",
                      "value": {
                         "nil": "true"
                      }
                   },
                   {
                      "seq": "1",
                      "id": "ARXELO-CURR-FIRST-USAGE-FLAG",
                      "value": {
                         "nil": "true"
                      }
                   },
                   {
                      "seq": "1",
                      "id": "ARXELO-CARDHOLDER-TYPE",
                      "value": {
                         "nil": "true"
                      }
                   },
                   {
                      "seq": "1",
                      "id": "ARXELO-CARD-NBR",
                      "value": {
                         "nil": "true"
                      }
                   },
                   {
                      "seq": "1",
                      "id": "ARXELO-CARD-SEQ",
                      "value": {
                         "nil": "true"
                      }
                   },
                   {
                      "seq": "1",
                      "id": "ARXELO-STATUS",
                      "value": {
                         "nil": "true"
                      }
                   },
                   {
                      "seq": "1",
                      "id": "ARXELO-LB-BC-TITLE",
                      "value": {
                         "nil": "true"
                      }
                   },
                   {
                      "seq": "1",
                      "id": "ARXELO-BLOCK-CODE",
                      "value": {
                         "nil": "true"
                      }
                   }
                ]
             }
          ]
       }
    }
 }