{
    "targetNamespace": "http://visionx.firstdata.com/VISIONX/VISIONX.UI.RESPONSE.PAGE.V001",
    "header": {
       "process": {
          "id": "511",
          "name": "On Demand Direct Credit Function",
          "functionName": "Direct Credit"
       },
       "page": {
          "id": "2982",
          "name": "Ondemand Direct Credit Details",
          "lastPage": "false",
          "communicatorMsg": "Please enter details below.",
          "pageDisplayName": "Direct Credit Details",
          "help": "functions/direct_credit_fc"
       },
       "sessiontoken": "w5UWMGzLri1AS1izL9sZ0+x4.CCTRAINING.W.01",
       "request": {
          "id": "005"
       },
       "status": null,
       "currencyAttrib": {
          "currencyCode": "EUR",
          "currencyNOD": "2",
          "percentNOD": "7",
          "peritemNOD": "3",
          "currSymbol": "€",
          "negativeFormat": "A",
          "digitGroupSymbol": ".",
          "digitGroupNumber": "3",
          "decimalSymbol": ","
       }
    },
    "group": {
       "id": "4957",
       "name": "",
       "desc": "",
       "grouplink": "",
       "field": [
          {
             "seq": "1",
             "id": "ARXIDO-ON-DEMAND-ACH-DC-TYPE",
             "xrefField": "AZXDCI-PMT-DC-ACH-DB-TYPE",
             "control": "Dropdown",
             "reqIndicator": "false",
             "maxChars": "1",
             "value": "D",
             "valueDesc": "Current account",
             "valueList": {
                "item": [
                   {
                      "code": "D",
                      "text": "Current account"
                   },
                   {
                      "code": "S",
                      "text": "Savings account"
                   }
                ]
             },
             "label": "Account Type",
             "controlLabel": null
          },
          {
             "seq": "1",
             "id": "ARXIDO-ON-DEMAND-ACH-RT-NBR",
             "xrefField": "AZXDCI-DC-ACH-RT-NBR",
             "control": "TextInputField",
             "reqIndicator": "false",
             "maxChars": "10",
             "value": "0",
             "label": "R/T Bank ID",
             "controlLabel": null
          },
          {
             "seq": "1",
             "id": "ARXIDO-ON-DEMAND-ACH-DC-NBR",
             "xrefField": "AZXDCI-PMT-DC-ACH-DB-NBR",
             "control": "TextInputField",
             "reqIndicator": "false",
             "maxChars": "17",
             "value": null,
             "label": "Account Number",
             "controlLabel": null
          },
          {
             "seq": "1",
             "id": "AMCR-LB-IBAN",
             "control": "Hidden",
             "reqIndicator": "false",
             "maxChars": "1",
             "value": "0",
             "valueDesc": "IBAN is not required",
             "desc": "Indicates whether the DD IBAN and DC IBAN data is required. This provides information for international bank accounts associated with direct debit and direct credit processing.",
             "valueList": {
                "item": [
                   {
                      "code": "0",
                      "text": "IBAN is not required"
                   },
                   {
                      "code": "1",
                      "text": "IBAN is required"
                   },
                   {
                      "code": "2",
                      "text": "IBAN is required and aligned"
                   }
                ]
             },
             "label": "IBAN Required",
             "controlLabel": null,
             "defaultValue": "0",
             "subordinates": {
                "subordinate": [
                   {
                      "id": "AMCR-LB-IBAN"
                   },
                   {
                      "id": "ARXIDO-ON-DEMAND-DC-IBAN"
                   },
                   {
                      "id": "ARXIDO-ON-DEMAND-DC-BIC"
                   }
                ]
             }
          },
          {
             "seq": "1",
             "id": "ARXIDO-ON-DEMAND-DC-IBAN",
             "xrefField": "AZXDCI-ON-DEMAND-DC-IBAN",
             "control": "TextInputField",
             "reqIndicator": "true",
             "state": "INVISIBLE",
             "maxChars": "34",
             "value": null,
             "label": "Intnl Bank Acct Nbr",
             "controlLabel": null,
             "primaryFields": {
                "priField": "AMCR-LB-IBAN"
             }
          },
          {
             "seq": "1",
             "id": "ARXIDO-ON-DEMAND-DC-BIC",
             "xrefField": "AZXDCI-ON-DEMAND-DC-BIC",
             "control": "TextInputField",
             "reqIndicator": "true",
             "state": "INVISIBLE",
             "maxChars": "11",
             "value": null,
             "label": "Bank ID Code",
             "controlLabel": null,
             "primaryFields": {
                "priField": "AMCR-LB-IBAN"
             }
          },
          {
             "seq": "1",
             "id": "AMBS-SI-NBR",
             "control": "Hidden",
             "reqIndicator": "false",
             "maxChars": "9",
             "value": "999999998",
             "label": "Si Nbr",
             "controlLabel": null
          }
       ]
    }
 }