{
    "vxRoot": {
        "targetNamespace": "http://visionx.firstdata.com/VISIONX/VISIONX.UI.RESPONSE.PAGE.V001",
        "header": {
            "process": {
                "id": "61",
                "name": "Notes and History Inquiry",
                "functionName": ""
            },
            "page": {
                "id": "2221",
                "name": "Notes and History Inquiry",
                "lastPage": "false",
                "communicatorMsg": "",
                "pageDisplayName": "Notes and History Inquiry"
            },
            "sessiontoken": "e9830462cf01b06924dab869e0f9",
            "request": {
                "id": "005"
            },
            "status": null,
            "currencyAttrib": {
                "currencyCode": "GBP",
                "currencyNOD": "2",
                "percentNOD": "7",
                "peritemNOD": "3",
                "currSymbol": "£",
                "negativeFormat": "A",
                "digitGroupSymbol": ",",
                "digitGroupNumber": "3",
                "decimalSymbol": "."
            }
        },
        "group": [
            {
                "id": "3813",
                "name": "Group 1",
                "desc": "Group 1",
                "grouplink": "",
                "rows": {
                    "hasMore": "false",
                    "row": [
                        {
                            "field": [
                                {
                                    "seq": "1",
                                    "id": "ASXNHO-NOTE",
                                    "value": "done"
                                },
                                {
                                    "seq": "1",
                                    "id": "ASXNHO-ACTION-CODE-PRI",
                                    "value": "0"
                                },
                                {
                                    "seq": "1",
                                    "id": "ASXNHO-HIST-DATE",
                                    "value": "2018075"
                                },
                                {
                                    "seq": "1",
                                    "id": "ASXNHO-ACTION-DESC",
                                    "value": "PAYMENT"
                                },
                                {
                                    "seq": "1",
                                    "id": "ASXNHO-HIST-TIME",
                                    "value": "92612"
                                },
                                {
                                    "seq": "1",
                                    "id": "ASXNHO-ACTION-REP",
                                    "value": "P60"
                                },
                                {
                                    "seq": "1",
                                    "id": "ASXNHO-RECORD-TYPE",
                                    "value": "N"
                                },
                                {
                                    "seq": "1",
                                    "id": "ASXNHO-CTA-SEQ-NBR",
                                    "value": "0"
                                },
                                {
                                    "seq": "1",
                                    "id": "ASXNHO-ACTION-ASM-ORG",
                                    "value": "0"
                                },
                                {
                                    "seq": "1",
                                    "id": "ASXNHO-TRAN-AMT",
                                    "value": {
                                        "nil": "true"
                                    }
                                },
                                {
                                    "seq": "1",
                                    "id": "ASXNHO-STATUS",
                                    "value": "C"
                                },
                                {
                                    "seq": "1",
                                    "id": "ASXNHO-ACTION-CODE",
                                    "value": "PAYA"
                                }
                            ]
                        },
                        {
                            "field": [
                                {
                                    "seq": "1",
                                    "id": "ASXNHO-NOTE",
                                    "value": "Case Number :15241403594 BLOCK CODE CHANGED FROM '00,NORMAL' TO '15,LOST'\nSent Letter AG1-Age Decline"
                                },
                                {
                                    "seq": "1",
                                    "id": "ASXNHO-ACTION-CODE-PRI",
                                    "value": "0"
                                },
                                {
                                    "seq": "1",
                                    "id": "ASXNHO-HIST-DATE",
                                    "value": "2018074"
                                },
                                {
                                    "seq": "1",
                                    "id": "ASXNHO-ACTION-DESC",
                                    "value": "LOST/STOLEN MEMO"
                                },
                                {
                                    "seq": "1",
                                    "id": "ASXNHO-HIST-TIME",
                                    "value": "85334"
                                },
                                {
                                    "seq": "1",
                                    "id": "ASXNHO-ACTION-REP",
                                    "value": "P60"
                                },
                                {
                                    "seq": "1",
                                    "id": "ASXNHO-RECORD-TYPE",
                                    "value": "N"
                                },
                                {
                                    "seq": "1",
                                    "id": "ASXNHO-CTA-SEQ-NBR",
                                    "value": "0"
                                },
                                {
                                    "seq": "1",
                                    "id": "ASXNHO-ACTION-ASM-ORG",
                                    "value": "0"
                                },
                                {
                                    "seq": "1",
                                    "id": "ASXNHO-TRAN-AMT",
                                    "value": {
                                        "nil": "true"
                                    }
                                },
                                {
                                    "seq": "1",
                                    "id": "ASXNHO-STATUS",
                                    "value": "C"
                                },
                                {
                                    "seq": "1",
                                    "id": "ASXNHO-ACTION-CODE",
                                    "value": "LMEM"
                                }
                            ]
                        },
                        {
                            "field": [
                                {
                                    "seq": "1",
                                    "id": "ASXNHO-NOTE",
                                    "value": "Ended"
                                },
                                {
                                    "seq": "1",
                                    "id": "ASXNHO-ACTION-CODE-PRI",
                                    "value": "0"
                                },
                                {
                                    "seq": "1",
                                    "id": "ASXNHO-HIST-DATE",
                                    "value": "2018074"
                                },
                                {
                                    "seq": "1",
                                    "id": "ASXNHO-ACTION-DESC",
                                    "value": "AUTO MEMO GEN"
                                },
                                {
                                    "seq": "1",
                                    "id": "ASXNHO-HIST-TIME",
                                    "value": "61557"
                                },
                                {
                                    "seq": "1",
                                    "id": "ASXNHO-ACTION-REP",
                                    "value": "P60"
                                },
                                {
                                    "seq": "1",
                                    "id": "ASXNHO-RECORD-TYPE",
                                    "value": "N"
                                },
                                {
                                    "seq": "1",
                                    "id": "ASXNHO-CTA-SEQ-NBR",
                                    "value": "0"
                                },
                                {
                                    "seq": "1",
                                    "id": "ASXNHO-ACTION-ASM-ORG",
                                    "value": "0"
                                },
                                {
                                    "seq": "1",
                                    "id": "ASXNHO-TRAN-AMT",
                                    "value": {
                                        "nil": "true"
                                    }
                                },
                                {
                                    "seq": "1",
                                    "id": "ASXNHO-STATUS",
                                    "value": "C"
                                },
                                {
                                    "seq": "1",
                                    "id": "ASXNHO-ACTION-CODE",
                                    "value": "AUTO"
                                }
                            ]
                        },
                        {
                            "field": [
                                {
                                    "seq": "1",
                                    "id": "ASXNHO-NOTE",
                                    "value": "Case Number :15241824353"
                                },
                                {
                                    "seq": "1",
                                    "id": "ASXNHO-ACTION-CODE-PRI",
                                    "value": "0"
                                },
                                {
                                    "seq": "1",
                                    "id": "ASXNHO-HIST-DATE",
                                    "value": "2018073"
                                },
                                {
                                    "seq": "1",
                                    "id": "ASXNHO-ACTION-DESC",
                                    "value": "AUTO MEMO GEN"
                                },
                                {
                                    "seq": "1",
                                    "id": "ASXNHO-HIST-TIME",
                                    "value": "125554"
                                },
                                {
                                    "seq": "1",
                                    "id": "ASXNHO-ACTION-REP",
                                    "value": "P60"
                                },
                                {
                                    "seq": "1",
                                    "id": "ASXNHO-RECORD-TYPE",
                                    "value": "N"
                                },
                                {
                                    "seq": "1",
                                    "id": "ASXNHO-CTA-SEQ-NBR",
                                    "value": "0"
                                },
                                {
                                    "seq": "1",
                                    "id": "ASXNHO-ACTION-ASM-ORG",
                                    "value": "0"
                                },
                                {
                                    "seq": "1",
                                    "id": "ASXNHO-TRAN-AMT",
                                    "value": {
                                        "nil": "true"
                                    }
                                },
                                {
                                    "seq": "1",
                                    "id": "ASXNHO-STATUS",
                                    "value": "C"
                                },
                                {
                                    "seq": "1",
                                    "id": "ASXNHO-ACTION-CODE",
                                    "value": "AUTO"
                                }
                            ]
                        },
                        {
                            "field": [
                                {
                                    "seq": "1",
                                    "id": "ASXNHO-NOTE",
                                    "value": "sdf"
                                },
                                {
                                    "seq": "1",
                                    "id": "ASXNHO-ACTION-CODE-PRI",
                                    "value": "0"
                                },
                                {
                                    "seq": "1",
                                    "id": "ASXNHO-HIST-DATE",
                                    "value": "2018073"
                                },
                                {
                                    "seq": "1",
                                    "id": "ASXNHO-ACTION-DESC",
                                    "value": "AUTO MEMO GEN"
                                },
                                {
                                    "seq": "1",
                                    "id": "ASXNHO-HIST-TIME",
                                    "value": "120020"
                                },
                                {
                                    "seq": "1",
                                    "id": "ASXNHO-ACTION-REP",
                                    "value": "P60"
                                },
                                {
                                    "seq": "1",
                                    "id": "ASXNHO-RECORD-TYPE",
                                    "value": "N"
                                },
                                {
                                    "seq": "1",
                                    "id": "ASXNHO-CTA-SEQ-NBR",
                                    "value": "0"
                                },
                                {
                                    "seq": "1",
                                    "id": "ASXNHO-ACTION-ASM-ORG",
                                    "value": "0"
                                },
                                {
                                    "seq": "1",
                                    "id": "ASXNHO-TRAN-AMT",
                                    "value": {
                                        "nil": "true"
                                    }
                                },
                                {
                                    "seq": "1",
                                    "id": "ASXNHO-STATUS",
                                    "value": "C"
                                },
                                {
                                    "seq": "1",
                                    "id": "ASXNHO-ACTION-CODE",
                                    "value": "AUTO"
                                }
                            ]
                        },
                        {
                            "field": [
                                {
                                    "seq": "1",
                                    "id": "ASXNHO-NOTE",
                                    "value": "Case Number :15241724543 15,LOST applied to Block 1\nSent Letter AC1-Cancellation Letter"
                                },
                                {
                                    "seq": "1",
                                    "id": "ASXNHO-ACTION-CODE-PRI",
                                    "value": "0"
                                },
                                {
                                    "seq": "1",
                                    "id": "ASXNHO-HIST-DATE",
                                    "value": "2018073"
                                },
                                {
                                    "seq": "1",
                                    "id": "ASXNHO-ACTION-DESC",
                                    "value": "CLOSE CUSTOMER RQST"
                                },
                                {
                                    "seq": "1",
                                    "id": "ASXNHO-HIST-TIME",
                                    "value": "115743"
                                },
                                {
                                    "seq": "1",
                                    "id": "ASXNHO-ACTION-REP",
                                    "value": "P60"
                                },
                                {
                                    "seq": "1",
                                    "id": "ASXNHO-RECORD-TYPE",
                                    "value": "N"
                                },
                                {
                                    "seq": "1",
                                    "id": "ASXNHO-CTA-SEQ-NBR",
                                    "value": "0"
                                },
                                {
                                    "seq": "1",
                                    "id": "ASXNHO-ACTION-ASM-ORG",
                                    "value": "0"
                                },
                                {
                                    "seq": "1",
                                    "id": "ASXNHO-TRAN-AMT",
                                    "value": {
                                        "nil": "true"
                                    }
                                },
                                {
                                    "seq": "1",
                                    "id": "ASXNHO-STATUS",
                                    "value": "C"
                                },
                                {
                                    "seq": "1",
                                    "id": "ASXNHO-ACTION-CODE",
                                    "value": "CA1B"
                                }
                            ]
                        },
                        {
                            "field": [
                                {
                                    "seq": "1",
                                    "id": "ASXNHO-NOTE",
                                    "value": "t"
                                },
                                {
                                    "seq": "1",
                                    "id": "ASXNHO-ACTION-CODE-PRI",
                                    "value": "0"
                                },
                                {
                                    "seq": "1",
                                    "id": "ASXNHO-HIST-DATE",
                                    "value": "2018073"
                                },
                                {
                                    "seq": "1",
                                    "id": "ASXNHO-ACTION-DESC",
                                    "value": "AUTO MEMO GEN"
                                },
                                {
                                    "seq": "1",
                                    "id": "ASXNHO-HIST-TIME",
                                    "value": "114149"
                                },
                                {
                                    "seq": "1",
                                    "id": "ASXNHO-ACTION-REP",
                                    "value": "P60"
                                },
                                {
                                    "seq": "1",
                                    "id": "ASXNHO-RECORD-TYPE",
                                    "value": "N"
                                },
                                {
                                    "seq": "1",
                                    "id": "ASXNHO-CTA-SEQ-NBR",
                                    "value": "0"
                                },
                                {
                                    "seq": "1",
                                    "id": "ASXNHO-ACTION-ASM-ORG",
                                    "value": "0"
                                },
                                {
                                    "seq": "1",
                                    "id": "ASXNHO-TRAN-AMT",
                                    "value": {
                                        "nil": "true"
                                    }
                                },
                                {
                                    "seq": "1",
                                    "id": "ASXNHO-STATUS",
                                    "value": "C"
                                },
                                {
                                    "seq": "1",
                                    "id": "ASXNHO-ACTION-CODE",
                                    "value": "AUTO"
                                }
                            ]
                        },
                        {
                            "field": [
                                {
                                    "seq": "1",
                                    "id": "ASXNHO-NOTE",
                                    "value": "Done"
                                },
                                {
                                    "seq": "1",
                                    "id": "ASXNHO-ACTION-CODE-PRI",
                                    "value": "0"
                                },
                                {
                                    "seq": "1",
                                    "id": "ASXNHO-HIST-DATE",
                                    "value": "2018073"
                                },
                                {
                                    "seq": "1",
                                    "id": "ASXNHO-ACTION-DESC",
                                    "value": "AUTO MEMO GEN"
                                },
                                {
                                    "seq": "1",
                                    "id": "ASXNHO-HIST-TIME",
                                    "value": "113534"
                                },
                                {
                                    "seq": "1",
                                    "id": "ASXNHO-ACTION-REP",
                                    "value": "P60"
                                },
                                {
                                    "seq": "1",
                                    "id": "ASXNHO-RECORD-TYPE",
                                    "value": "N"
                                },
                                {
                                    "seq": "1",
                                    "id": "ASXNHO-CTA-SEQ-NBR",
                                    "value": "0"
                                },
                                {
                                    "seq": "1",
                                    "id": "ASXNHO-ACTION-ASM-ORG",
                                    "value": "0"
                                },
                                {
                                    "seq": "1",
                                    "id": "ASXNHO-TRAN-AMT",
                                    "value": {
                                        "nil": "true"
                                    }
                                },
                                {
                                    "seq": "1",
                                    "id": "ASXNHO-STATUS",
                                    "value": "C"
                                },
                                {
                                    "seq": "1",
                                    "id": "ASXNHO-ACTION-CODE",
                                    "value": "AUTO"
                                }
                            ]
                        },
                        {
                            "field": [
                                {
                                    "seq": "1",
                                    "id": "ASXNHO-NOTE",
                                    "value": "sdhs"
                                },
                                {
                                    "seq": "1",
                                    "id": "ASXNHO-ACTION-CODE-PRI",
                                    "value": "0"
                                },
                                {
                                    "seq": "1",
                                    "id": "ASXNHO-HIST-DATE",
                                    "value": "2018073"
                                },
                                {
                                    "seq": "1",
                                    "id": "ASXNHO-ACTION-DESC",
                                    "value": "AUTO MEMO GEN"
                                },
                                {
                                    "seq": "1",
                                    "id": "ASXNHO-HIST-TIME",
                                    "value": "95133"
                                },
                                {
                                    "seq": "1",
                                    "id": "ASXNHO-ACTION-REP",
                                    "value": "P60"
                                },
                                {
                                    "seq": "1",
                                    "id": "ASXNHO-RECORD-TYPE",
                                    "value": "N"
                                },
                                {
                                    "seq": "1",
                                    "id": "ASXNHO-CTA-SEQ-NBR",
                                    "value": "0"
                                },
                                {
                                    "seq": "1",
                                    "id": "ASXNHO-ACTION-ASM-ORG",
                                    "value": "0"
                                },
                                {
                                    "seq": "1",
                                    "id": "ASXNHO-TRAN-AMT",
                                    "value": {
                                        "nil": "true"
                                    }
                                },
                                {
                                    "seq": "1",
                                    "id": "ASXNHO-STATUS",
                                    "value": "C"
                                },
                                {
                                    "seq": "1",
                                    "id": "ASXNHO-ACTION-CODE",
                                    "value": "AUTO"
                                }
                            ]
                        },
                        {
                            "field": [
                                {
                                    "seq": "1",
                                    "id": "ASXNHO-NOTE",
                                    "value": "Case Number :15241409233"
                                },
                                {
                                    "seq": "1",
                                    "id": "ASXNHO-ACTION-CODE-PRI",
                                    "value": "0"
                                },
                                {
                                    "seq": "1",
                                    "id": "ASXNHO-HIST-DATE",
                                    "value": "2018073"
                                },
                                {
                                    "seq": "1",
                                    "id": "ASXNHO-ACTION-DESC",
                                    "value": "AUTO MEMO GEN"
                                },
                                {
                                    "seq": "1",
                                    "id": "ASXNHO-HIST-TIME",
                                    "value": "83935"
                                },
                                {
                                    "seq": "1",
                                    "id": "ASXNHO-ACTION-REP",
                                    "value": "P60"
                                },
                                {
                                    "seq": "1",
                                    "id": "ASXNHO-RECORD-TYPE",
                                    "value": "N"
                                },
                                {
                                    "seq": "1",
                                    "id": "ASXNHO-CTA-SEQ-NBR",
                                    "value": "0"
                                },
                                {
                                    "seq": "1",
                                    "id": "ASXNHO-ACTION-ASM-ORG",
                                    "value": "0"
                                },
                                {
                                    "seq": "1",
                                    "id": "ASXNHO-TRAN-AMT",
                                    "value": {
                                        "nil": "true"
                                    }
                                },
                                {
                                    "seq": "1",
                                    "id": "ASXNHO-STATUS",
                                    "value": "C"
                                },
                                {
                                    "seq": "1",
                                    "id": "ASXNHO-ACTION-CODE",
                                    "value": "AUTO"
                                }
                            ]
                        },
                        {
                            "field": [
                                {
                                    "seq": "1",
                                    "id": "ASXNHO-NOTE",
                                    "value": "Case Number :15241404063"
                                },
                                {
                                    "seq": "1",
                                    "id": "ASXNHO-ACTION-CODE-PRI",
                                    "value": "0"
                                },
                                {
                                    "seq": "1",
                                    "id": "ASXNHO-HIST-DATE",
                                    "value": "2018073"
                                },
                                {
                                    "seq": "1",
                                    "id": "ASXNHO-ACTION-DESC",
                                    "value": "PERM CS MEMO"
                                },
                                {
                                    "seq": "1",
                                    "id": "ASXNHO-HIST-TIME",
                                    "value": "83635"
                                },
                                {
                                    "seq": "1",
                                    "id": "ASXNHO-ACTION-REP",
                                    "value": "P60"
                                },
                                {
                                    "seq": "1",
                                    "id": "ASXNHO-RECORD-TYPE",
                                    "value": "N"
                                },
                                {
                                    "seq": "1",
                                    "id": "ASXNHO-CTA-SEQ-NBR",
                                    "value": "0"
                                },
                                {
                                    "seq": "1",
                                    "id": "ASXNHO-ACTION-ASM-ORG",
                                    "value": "0"
                                },
                                {
                                    "seq": "1",
                                    "id": "ASXNHO-TRAN-AMT",
                                    "value": {
                                        "nil": "true"
                                    }
                                },
                                {
                                    "seq": "1",
                                    "id": "ASXNHO-STATUS",
                                    "value": "C"
                                },
                                {
                                    "seq": "1",
                                    "id": "ASXNHO-ACTION-CODE",
                                    "value": "CSPO"
                                }
                            ]
                        },
                        {
                            "field": [
                                {
                                    "seq": "1",
                                    "id": "ASXNHO-NOTE",
                                    "value": "Case Number :15241231043"
                                },
                                {
                                    "seq": "1",
                                    "id": "ASXNHO-ACTION-CODE-PRI",
                                    "value": "0"
                                },
                                {
                                    "seq": "1",
                                    "id": "ASXNHO-HIST-DATE",
                                    "value": "2018073"
                                },
                                {
                                    "seq": "1",
                                    "id": "ASXNHO-ACTION-DESC",
                                    "value": "AUTO MEMO GEN"
                                },
                                {
                                    "seq": "1",
                                    "id": "ASXNHO-HIST-TIME",
                                    "value": "70137"
                                },
                                {
                                    "seq": "1",
                                    "id": "ASXNHO-ACTION-REP",
                                    "value": "P60"
                                },
                                {
                                    "seq": "1",
                                    "id": "ASXNHO-RECORD-TYPE",
                                    "value": "N"
                                },
                                {
                                    "seq": "1",
                                    "id": "ASXNHO-CTA-SEQ-NBR",
                                    "value": "0"
                                },
                                {
                                    "seq": "1",
                                    "id": "ASXNHO-ACTION-ASM-ORG",
                                    "value": "0"
                                },
                                {
                                    "seq": "1",
                                    "id": "ASXNHO-TRAN-AMT",
                                    "value": {
                                        "nil": "true"
                                    }
                                },
                                {
                                    "seq": "1",
                                    "id": "ASXNHO-STATUS",
                                    "value": "C"
                                },
                                {
                                    "seq": "1",
                                    "id": "ASXNHO-ACTION-CODE",
                                    "value": "AUTO"
                                }
                            ]
                        },
                        {
                            "field": [
                                {
                                    "seq": "1",
                                    "id": "ASXNHO-NOTE",
                                    "value": "test"
                                },
                                {
                                    "seq": "1",
                                    "id": "ASXNHO-ACTION-CODE-PRI",
                                    "value": "0"
                                },
                                {
                                    "seq": "1",
                                    "id": "ASXNHO-HIST-DATE",
                                    "value": "2018073"
                                },
                                {
                                    "seq": "1",
                                    "id": "ASXNHO-ACTION-DESC",
                                    "value": "PERM CS MEMO"
                                },
                                {
                                    "seq": "1",
                                    "id": "ASXNHO-HIST-TIME",
                                    "value": "64030"
                                },
                                {
                                    "seq": "1",
                                    "id": "ASXNHO-ACTION-REP",
                                    "value": "P60"
                                },
                                {
                                    "seq": "1",
                                    "id": "ASXNHO-RECORD-TYPE",
                                    "value": "N"
                                },
                                {
                                    "seq": "1",
                                    "id": "ASXNHO-CTA-SEQ-NBR",
                                    "value": "0"
                                },
                                {
                                    "seq": "1",
                                    "id": "ASXNHO-ACTION-ASM-ORG",
                                    "value": "0"
                                },
                                {
                                    "seq": "1",
                                    "id": "ASXNHO-TRAN-AMT",
                                    "value": {
                                        "nil": "true"
                                    }
                                },
                                {
                                    "seq": "1",
                                    "id": "ASXNHO-STATUS",
                                    "value": "C"
                                },
                                {
                                    "seq": "1",
                                    "id": "ASXNHO-ACTION-CODE",
                                    "value": "CSPO"
                                }
                            ]
                        },
                        {
                            "field": [
                                {
                                    "seq": "1",
                                    "id": "ASXNHO-NOTE",
                                    "value": "test"
                                },
                                {
                                    "seq": "1",
                                    "id": "ASXNHO-ACTION-CODE-PRI",
                                    "value": "0"
                                },
                                {
                                    "seq": "1",
                                    "id": "ASXNHO-HIST-DATE",
                                    "value": "2018044"
                                },
                                {
                                    "seq": "1",
                                    "id": "ASXNHO-ACTION-DESC",
                                    "value": "AUTO MEMO GEN"
                                },
                                {
                                    "seq": "1",
                                    "id": "ASXNHO-HIST-TIME",
                                    "value": "101325"
                                },
                                {
                                    "seq": "1",
                                    "id": "ASXNHO-ACTION-REP",
                                    "value": "P60"
                                },
                                {
                                    "seq": "1",
                                    "id": "ASXNHO-RECORD-TYPE",
                                    "value": "N"
                                },
                                {
                                    "seq": "1",
                                    "id": "ASXNHO-CTA-SEQ-NBR",
                                    "value": "0"
                                },
                                {
                                    "seq": "1",
                                    "id": "ASXNHO-ACTION-ASM-ORG",
                                    "value": "0"
                                },
                                {
                                    "seq": "1",
                                    "id": "ASXNHO-TRAN-AMT",
                                    "value": {
                                        "nil": "true"
                                    }
                                },
                                {
                                    "seq": "1",
                                    "id": "ASXNHO-STATUS",
                                    "value": "C"
                                },
                                {
                                    "seq": "1",
                                    "id": "ASXNHO-ACTION-CODE",
                                    "value": "AUTO"
                                }
                            ]
                        },
                        {
                            "field": [
                                {
                                    "seq": "1",
                                    "id": "ASXNHO-NOTE",
                                    "value": "Case Number :15241546545"
                                },
                                {
                                    "seq": "1",
                                    "id": "ASXNHO-ACTION-CODE-PRI",
                                    "value": "0"
                                },
                                {
                                    "seq": "1",
                                    "id": "ASXNHO-HIST-DATE",
                                    "value": "2018040"
                                },
                                {
                                    "seq": "1",
                                    "id": "ASXNHO-ACTION-DESC",
                                    "value": "AUTO MEMO GEN"
                                },
                                {
                                    "seq": "1",
                                    "id": "ASXNHO-HIST-TIME",
                                    "value": "101708"
                                },
                                {
                                    "seq": "1",
                                    "id": "ASXNHO-ACTION-REP",
                                    "value": "P60"
                                },
                                {
                                    "seq": "1",
                                    "id": "ASXNHO-RECORD-TYPE",
                                    "value": "N"
                                },
                                {
                                    "seq": "1",
                                    "id": "ASXNHO-CTA-SEQ-NBR",
                                    "value": "0"
                                },
                                {
                                    "seq": "1",
                                    "id": "ASXNHO-ACTION-ASM-ORG",
                                    "value": "0"
                                },
                                {
                                    "seq": "1",
                                    "id": "ASXNHO-TRAN-AMT",
                                    "value": {
                                        "nil": "true"
                                    }
                                },
                                {
                                    "seq": "1",
                                    "id": "ASXNHO-STATUS",
                                    "value": "C"
                                },
                                {
                                    "seq": "1",
                                    "id": "ASXNHO-ACTION-CODE",
                                    "value": "AUTO"
                                }
                            ]
                        },
                        {
                            "field": [
                                {
                                    "seq": "1",
                                    "id": "ASXNHO-NOTE",
                                    "value": "test"
                                },
                                {
                                    "seq": "1",
                                    "id": "ASXNHO-ACTION-CODE-PRI",
                                    "value": "0"
                                },
                                {
                                    "seq": "1",
                                    "id": "ASXNHO-HIST-DATE",
                                    "value": "2018040"
                                },
                                {
                                    "seq": "1",
                                    "id": "ASXNHO-ACTION-DESC",
                                    "value": "AUTO MEMO GEN"
                                },
                                {
                                    "seq": "1",
                                    "id": "ASXNHO-HIST-TIME",
                                    "value": "94243"
                                },
                                {
                                    "seq": "1",
                                    "id": "ASXNHO-ACTION-REP",
                                    "value": "P60"
                                },
                                {
                                    "seq": "1",
                                    "id": "ASXNHO-RECORD-TYPE",
                                    "value": "N"
                                },
                                {
                                    "seq": "1",
                                    "id": "ASXNHO-CTA-SEQ-NBR",
                                    "value": "0"
                                },
                                {
                                    "seq": "1",
                                    "id": "ASXNHO-ACTION-ASM-ORG",
                                    "value": "0"
                                },
                                {
                                    "seq": "1",
                                    "id": "ASXNHO-TRAN-AMT",
                                    "value": {
                                        "nil": "true"
                                    }
                                },
                                {
                                    "seq": "1",
                                    "id": "ASXNHO-STATUS",
                                    "value": "C"
                                },
                                {
                                    "seq": "1",
                                    "id": "ASXNHO-ACTION-CODE",
                                    "value": "AUTO"
                                }
                            ]
                        },
                        {
                            "field": [
                                {
                                    "seq": "1",
                                    "id": "ASXNHO-NOTE",
                                    "value": "test"
                                },
                                {
                                    "seq": "1",
                                    "id": "ASXNHO-ACTION-CODE-PRI",
                                    "value": "0"
                                },
                                {
                                    "seq": "1",
                                    "id": "ASXNHO-HIST-DATE",
                                    "value": "2018039"
                                },
                                {
                                    "seq": "1",
                                    "id": "ASXNHO-ACTION-DESC",
                                    "value": "AUTO MEMO GEN"
                                },
                                {
                                    "seq": "1",
                                    "id": "ASXNHO-HIST-TIME",
                                    "value": "64704"
                                },
                                {
                                    "seq": "1",
                                    "id": "ASXNHO-ACTION-REP",
                                    "value": "P60"
                                },
                                {
                                    "seq": "1",
                                    "id": "ASXNHO-RECORD-TYPE",
                                    "value": "N"
                                },
                                {
                                    "seq": "1",
                                    "id": "ASXNHO-CTA-SEQ-NBR",
                                    "value": "0"
                                },
                                {
                                    "seq": "1",
                                    "id": "ASXNHO-ACTION-ASM-ORG",
                                    "value": "0"
                                },
                                {
                                    "seq": "1",
                                    "id": "ASXNHO-TRAN-AMT",
                                    "value": {
                                        "nil": "true"
                                    }
                                },
                                {
                                    "seq": "1",
                                    "id": "ASXNHO-STATUS",
                                    "value": "C"
                                },
                                {
                                    "seq": "1",
                                    "id": "ASXNHO-ACTION-CODE",
                                    "value": "AUTO"
                                }
                            ]
                        },
                        {
                            "field": [
                                {
                                    "seq": "1",
                                    "id": "ASXNHO-NOTE",
                                    "value": "Case Number :15241628292  test"
                                },
                                {
                                    "seq": "1",
                                    "id": "ASXNHO-ACTION-CODE-PRI",
                                    "value": "0"
                                },
                                {
                                    "seq": "1",
                                    "id": "ASXNHO-HIST-DATE",
                                    "value": "2018037"
                                },
                                {
                                    "seq": "1",
                                    "id": "ASXNHO-ACTION-DESC",
                                    "value": "AUTO MEMO GEN"
                                },
                                {
                                    "seq": "1",
                                    "id": "ASXNHO-HIST-TIME",
                                    "value": "105846"
                                },
                                {
                                    "seq": "1",
                                    "id": "ASXNHO-ACTION-REP",
                                    "value": "P60"
                                },
                                {
                                    "seq": "1",
                                    "id": "ASXNHO-RECORD-TYPE",
                                    "value": "N"
                                },
                                {
                                    "seq": "1",
                                    "id": "ASXNHO-CTA-SEQ-NBR",
                                    "value": "0"
                                },
                                {
                                    "seq": "1",
                                    "id": "ASXNHO-ACTION-ASM-ORG",
                                    "value": "0"
                                },
                                {
                                    "seq": "1",
                                    "id": "ASXNHO-TRAN-AMT",
                                    "value": {
                                        "nil": "true"
                                    }
                                },
                                {
                                    "seq": "1",
                                    "id": "ASXNHO-STATUS",
                                    "value": "C"
                                },
                                {
                                    "seq": "1",
                                    "id": "ASXNHO-ACTION-CODE",
                                    "value": "AUTO"
                                }
                            ]
                        },
                        {
                            "field": [
                                {
                                    "seq": "1",
                                    "id": "ASXNHO-NOTE",
                                    "value": "test"
                                },
                                {
                                    "seq": "1",
                                    "id": "ASXNHO-ACTION-CODE-PRI",
                                    "value": "0"
                                },
                                {
                                    "seq": "1",
                                    "id": "ASXNHO-HIST-DATE",
                                    "value": "2018037"
                                },
                                {
                                    "seq": "1",
                                    "id": "ASXNHO-ACTION-DESC",
                                    "value": "AUTO MEMO GEN"
                                },
                                {
                                    "seq": "1",
                                    "id": "ASXNHO-HIST-TIME",
                                    "value": "83439"
                                },
                                {
                                    "seq": "1",
                                    "id": "ASXNHO-ACTION-REP",
                                    "value": "P60"
                                },
                                {
                                    "seq": "1",
                                    "id": "ASXNHO-RECORD-TYPE",
                                    "value": "N"
                                },
                                {
                                    "seq": "1",
                                    "id": "ASXNHO-CTA-SEQ-NBR",
                                    "value": "0"
                                },
                                {
                                    "seq": "1",
                                    "id": "ASXNHO-ACTION-ASM-ORG",
                                    "value": "0"
                                },
                                {
                                    "seq": "1",
                                    "id": "ASXNHO-TRAN-AMT",
                                    "value": {
                                        "nil": "true"
                                    }
                                },
                                {
                                    "seq": "1",
                                    "id": "ASXNHO-STATUS",
                                    "value": "C"
                                },
                                {
                                    "seq": "1",
                                    "id": "ASXNHO-ACTION-CODE",
                                    "value": "AUTO"
                                }
                            ]
                        },
                        {
                            "field": [
                                {
                                    "seq": "1",
                                    "id": "ASXNHO-NOTE",
                                    "value": "test"
                                },
                                {
                                    "seq": "1",
                                    "id": "ASXNHO-ACTION-CODE-PRI",
                                    "value": "0"
                                },
                                {
                                    "seq": "1",
                                    "id": "ASXNHO-HIST-DATE",
                                    "value": "2018025"
                                },
                                {
                                    "seq": "1",
                                    "id": "ASXNHO-ACTION-DESC",
                                    "value": "AUTO MEMO GEN"
                                },
                                {
                                    "seq": "1",
                                    "id": "ASXNHO-HIST-TIME",
                                    "value": "41520"
                                },
                                {
                                    "seq": "1",
                                    "id": "ASXNHO-ACTION-REP",
                                    "value": "P60"
                                },
                                {
                                    "seq": "1",
                                    "id": "ASXNHO-RECORD-TYPE",
                                    "value": "N"
                                },
                                {
                                    "seq": "1",
                                    "id": "ASXNHO-CTA-SEQ-NBR",
                                    "value": "0"
                                },
                                {
                                    "seq": "1",
                                    "id": "ASXNHO-ACTION-ASM-ORG",
                                    "value": "0"
                                },
                                {
                                    "seq": "1",
                                    "id": "ASXNHO-TRAN-AMT",
                                    "value": {
                                        "nil": "true"
                                    }
                                },
                                {
                                    "seq": "1",
                                    "id": "ASXNHO-STATUS",
                                    "value": "C"
                                },
                                {
                                    "seq": "1",
                                    "id": "ASXNHO-ACTION-CODE",
                                    "value": "AUTO"
                                }
                            ]
                        },
                        {
                            "field": [
                                {
                                    "seq": "1",
                                    "id": "ASXNHO-NOTE",
                                    "value": "test"
                                },
                                {
                                    "seq": "1",
                                    "id": "ASXNHO-ACTION-CODE-PRI",
                                    "value": "0"
                                },
                                {
                                    "seq": "1",
                                    "id": "ASXNHO-HIST-DATE",
                                    "value": "2018024"
                                },
                                {
                                    "seq": "1",
                                    "id": "ASXNHO-ACTION-DESC",
                                    "value": "AUTO MEMO GEN"
                                },
                                {
                                    "seq": "1",
                                    "id": "ASXNHO-HIST-TIME",
                                    "value": "61316"
                                },
                                {
                                    "seq": "1",
                                    "id": "ASXNHO-ACTION-REP",
                                    "value": "P60"
                                },
                                {
                                    "seq": "1",
                                    "id": "ASXNHO-RECORD-TYPE",
                                    "value": "N"
                                },
                                {
                                    "seq": "1",
                                    "id": "ASXNHO-CTA-SEQ-NBR",
                                    "value": "0"
                                },
                                {
                                    "seq": "1",
                                    "id": "ASXNHO-ACTION-ASM-ORG",
                                    "value": "0"
                                },
                                {
                                    "seq": "1",
                                    "id": "ASXNHO-TRAN-AMT",
                                    "value": {
                                        "nil": "true"
                                    }
                                },
                                {
                                    "seq": "1",
                                    "id": "ASXNHO-STATUS",
                                    "value": "C"
                                },
                                {
                                    "seq": "1",
                                    "id": "ASXNHO-ACTION-CODE",
                                    "value": "AUTO"
                                }
                            ]
                        },
                        {
                            "field": [
                                {
                                    "seq": "1",
                                    "id": "ASXNHO-NOTE",
                                    "value": "test"
                                },
                                {
                                    "seq": "1",
                                    "id": "ASXNHO-ACTION-CODE-PRI",
                                    "value": "0"
                                },
                                {
                                    "seq": "1",
                                    "id": "ASXNHO-HIST-DATE",
                                    "value": "2018023"
                                },
                                {
                                    "seq": "1",
                                    "id": "ASXNHO-ACTION-DESC",
                                    "value": "AUTO MEMO GEN"
                                },
                                {
                                    "seq": "1",
                                    "id": "ASXNHO-HIST-TIME",
                                    "value": "82709"
                                },
                                {
                                    "seq": "1",
                                    "id": "ASXNHO-ACTION-REP",
                                    "value": "P60"
                                },
                                {
                                    "seq": "1",
                                    "id": "ASXNHO-RECORD-TYPE",
                                    "value": "N"
                                },
                                {
                                    "seq": "1",
                                    "id": "ASXNHO-CTA-SEQ-NBR",
                                    "value": "0"
                                },
                                {
                                    "seq": "1",
                                    "id": "ASXNHO-ACTION-ASM-ORG",
                                    "value": "0"
                                },
                                {
                                    "seq": "1",
                                    "id": "ASXNHO-TRAN-AMT",
                                    "value": {
                                        "nil": "true"
                                    }
                                },
                                {
                                    "seq": "1",
                                    "id": "ASXNHO-STATUS",
                                    "value": "C"
                                },
                                {
                                    "seq": "1",
                                    "id": "ASXNHO-ACTION-CODE",
                                    "value": "AUTO"
                                }
                            ]
                        },
                        {
                            "field": [
                                {
                                    "seq": "1",
                                    "id": "ASXNHO-NOTE",
                                    "value": "test"
                                },
                                {
                                    "seq": "1",
                                    "id": "ASXNHO-ACTION-CODE-PRI",
                                    "value": "0"
                                },
                                {
                                    "seq": "1",
                                    "id": "ASXNHO-HIST-DATE",
                                    "value": "2018023"
                                },
                                {
                                    "seq": "1",
                                    "id": "ASXNHO-ACTION-DESC",
                                    "value": "AUTO MEMO GEN"
                                },
                                {
                                    "seq": "1",
                                    "id": "ASXNHO-HIST-TIME",
                                    "value": "82452"
                                },
                                {
                                    "seq": "1",
                                    "id": "ASXNHO-ACTION-REP",
                                    "value": "P60"
                                },
                                {
                                    "seq": "1",
                                    "id": "ASXNHO-RECORD-TYPE",
                                    "value": "N"
                                },
                                {
                                    "seq": "1",
                                    "id": "ASXNHO-CTA-SEQ-NBR",
                                    "value": "0"
                                },
                                {
                                    "seq": "1",
                                    "id": "ASXNHO-ACTION-ASM-ORG",
                                    "value": "0"
                                },
                                {
                                    "seq": "1",
                                    "id": "ASXNHO-TRAN-AMT",
                                    "value": {
                                        "nil": "true"
                                    }
                                },
                                {
                                    "seq": "1",
                                    "id": "ASXNHO-STATUS",
                                    "value": "C"
                                },
                                {
                                    "seq": "1",
                                    "id": "ASXNHO-ACTION-CODE",
                                    "value": "AUTO"
                                }
                            ]
                        },
                        {
                            "field": [
                                {
                                    "seq": "1",
                                    "id": "ASXNHO-NOTE",
                                    "value": "Case Number :15241733361 Pay Now Function"
                                },
                                {
                                    "seq": "1",
                                    "id": "ASXNHO-ACTION-CODE-PRI",
                                    "value": "0"
                                },
                                {
                                    "seq": "1",
                                    "id": "ASXNHO-HIST-DATE",
                                    "value": "2018008"
                                },
                                {
                                    "seq": "1",
                                    "id": "ASXNHO-ACTION-DESC",
                                    "value": "PAY NOW DECLINE MEMO"
                                },
                                {
                                    "seq": "1",
                                    "id": "ASXNHO-HIST-TIME",
                                    "value": "121313"
                                },
                                {
                                    "seq": "1",
                                    "id": "ASXNHO-ACTION-REP",
                                    "value": "P60"
                                },
                                {
                                    "seq": "1",
                                    "id": "ASXNHO-RECORD-TYPE",
                                    "value": "N"
                                },
                                {
                                    "seq": "1",
                                    "id": "ASXNHO-CTA-SEQ-NBR",
                                    "value": "0"
                                },
                                {
                                    "seq": "1",
                                    "id": "ASXNHO-ACTION-ASM-ORG",
                                    "value": "0"
                                },
                                {
                                    "seq": "1",
                                    "id": "ASXNHO-TRAN-AMT",
                                    "value": {
                                        "nil": "true"
                                    }
                                },
                                {
                                    "seq": "1",
                                    "id": "ASXNHO-STATUS",
                                    "value": "C"
                                },
                                {
                                    "seq": "1",
                                    "id": "ASXNHO-ACTION-CODE",
                                    "value": "PNDC"
                                }
                            ]
                        },
                        {
                            "field": [
                                {
                                    "seq": "1",
                                    "id": "ASXNHO-NOTE",
                                    "value": "Case Number :15241733361 Pay Now Function  Declined"
                                },
                                {
                                    "seq": "1",
                                    "id": "ASXNHO-ACTION-CODE-PRI",
                                    "value": "0"
                                },
                                {
                                    "seq": "1",
                                    "id": "ASXNHO-HIST-DATE",
                                    "value": "2018008"
                                },
                                {
                                    "seq": "1",
                                    "id": "ASXNHO-ACTION-DESC",
                                    "value": "PAY NOW DECLINE MEMO"
                                },
                                {
                                    "seq": "1",
                                    "id": "ASXNHO-HIST-TIME",
                                    "value": "120407"
                                },
                                {
                                    "seq": "1",
                                    "id": "ASXNHO-ACTION-REP",
                                    "value": "P60"
                                },
                                {
                                    "seq": "1",
                                    "id": "ASXNHO-RECORD-TYPE",
                                    "value": "N"
                                },
                                {
                                    "seq": "1",
                                    "id": "ASXNHO-CTA-SEQ-NBR",
                                    "value": "0"
                                },
                                {
                                    "seq": "1",
                                    "id": "ASXNHO-ACTION-ASM-ORG",
                                    "value": "0"
                                },
                                {
                                    "seq": "1",
                                    "id": "ASXNHO-TRAN-AMT",
                                    "value": {
                                        "nil": "true"
                                    }
                                },
                                {
                                    "seq": "1",
                                    "id": "ASXNHO-STATUS",
                                    "value": "C"
                                },
                                {
                                    "seq": "1",
                                    "id": "ASXNHO-ACTION-CODE",
                                    "value": "PNDC"
                                }
                            ]
                        }
                    ]
                }
            },
            {
                "id": "3814",
                "name": "Group 2",
                "desc": "Group 2",
                "grouplink": "",
                "rows": {
                    "hasMore": "false",
                    "row": {
                        "field": [
                            {
                                "seq": "1",
                                "id": "ASXNHO-PRIORITY-INDICATOR",
                                "value": "0"
                            },
                            {
                                "seq": "1",
                                "id": "ASXNHO-MORE-DATA-FLAG",
                                "value": "1"
                            }
                        ]
                    }
                }
            }
        ]
    }
}