{
    "targetNamespace": "http://visionx.firstdata.com/VISIONX/VISIONX.UI.RESPONSE.PAGE.V001",
    "header": {
       "process": {
          "id": "641",
          "name": "Account Overview Credit Statement Summary",
          "functionName": "Account Overview Credit Statement Summary"
       },
       "page": {
          "id": "3333",
          "name": "Statement Summary",
          "lastPage": "false",
          "communicatorMsg": "",
          "pageDisplayName": "Statement Summary"
       },
       "sessiontoken": "NfRc1OuvRBWtMti2iQ7DQlTZ.CCTRAINING.W.01",
       "request": {
          "id": "005"
       },
       "status": {
          "error": {
             "code": "VPL5SAO16W",
             "message": "ALERT| ACCOUNT IS DELINQUENT"
          }
       },
       "currencyAttrib": {
          "currencyCode": "EUR",
          "currencyNOD": "2",
          "percentNOD": "7",
          "peritemNOD": "3",
          "currSymbol": "€",
          "negativeFormat": "A",
          "digitGroupSymbol": ".",
          "digitGroupNumber": "3",
          "decimalSymbol": ","
       }
    },
    "group": {
       "id": "5517",
       "name": "",
       "desc": "",
       "grouplink": "",
       "field": [
          {
             "seq": "1",
             "id": "ARXAOO-BILLING-CYCLE",
             "help": "account_folder/overview_tab/arxaoo-billing-cycle",
             "control": "Label",
             "reqIndicator": "false",
             "maxChars": "2",
             "value": "13",
             "label": "Billing Cycle",
             "controlLabel": null
          },
          {
             "seq": "1",
             "id": "ARXAOO-DATE-LAST-STMT",
             "help": "account_folder/overview_tab/arxaoo-date-last-stmt",
             "control": "LinkLabel",
             "reqIndicator": "false",
             "maxChars": "7",
             "value": "2012348",
             "label": "Last Statement Date",
             "link": {
                "action": "",
                "process_id": "370",
                "page_id": "1282",
                "processName": "Statement Dates Directory",
                "pageName": "Statement Dates Directory",
                "functionName": "Statement Viewer",
                "param": [
                   {
                      "name": "ARXSII-ACCT"
                   },
                   {
                      "name": "ARXSII-ORG"
                   },
                   {
                      "name": "ARXSII-SIGNON-NAME"
                   },
                   {
                      "name": "ARXSII-CONTEXT"
                   }
                ]
             },
             "controlLabel": null
          },
          {
             "seq": "1",
             "id": "ARXSDO-TOT-END-BAL",
             "control": "Label",
             "reqIndicator": "false",
             "maxChars": "17",
             "value": "30512",
             "label": "Last Statement Balance",
             "controlLabel": null
          },
          {
             "seq": "1",
             "id": "ARXSDO-TOT-INT-THIS-STMT",
             "control": "Label",
             "reqIndicator": "false",
             "maxChars": "17",
             "value": "277",
             "label": "Last Statement Interest",
             "controlLabel": null
          },
          {
             "seq": "1",
             "id": "ARXAOO-DATE-LST-ANNUAL-STMT",
             "help": "account_folder/overview_tab/ambs-date-lst-annual-stmt",
             "control": "LinkLabel",
             "reqIndicator": "false",
             "maxChars": "7",
             "value": "0",
             "label": "Annual Statement Date",
             "link": {
                "action": "",
                "process_id": "598",
                "page_id": "3119",
                "processName": "Account Level Totals Summary",
                "pageName": "Account Level Summary",
                "functionName": "Annual Statement Date Viewer",
                "param": [
                   {
                      "name": "ARXYSI-ACCT"
                   },
                   {
                      "name": "ARXYSI-ORG"
                   },
                   {
                      "name": "ARXYSI-SIGNON-NAME"
                   },
                   {
                      "name": "ARXYSI-CONTEXT"
                   },
                   {
                      "name": "ARXYSI-FOREIGN-USE"
                   }
                ]
             },
             "controlLabel": null
          },
          {
             "seq": "1",
             "id": "ARXAOO-DATE-PMT-DUE",
             "control": "Label",
             "reqIndicator": "false",
             "maxChars": "7",
             "value": "2013002",
             "label": "Payment Due Date",
             "controlLabel": null
          },
          {
             "seq": "1",
             "id": "ARXAOO-PMT-CURR-DUE",
             "help": "account_folder/overview_tab/ambs-pmt-curr-due",
             "control": "Label",
             "reqIndicator": "false",
             "maxChars": "17",
             "value": "277",
             "label": "Current Payment Due",
             "controlLabel": null
          },
          {
             "seq": "1",
             "id": "ARXAOO-PMT-TOT-PAST-DUE",
             "control": "Label",
             "reqIndicator": "false",
             "maxChars": "17",
             "value": "30235",
             "label": "Past Due Amount",
             "controlLabel": null
          },
          {
             "seq": "1",
             "id": "ARXAOO-PMT-TOT-AMT-DUE",
             "help": "account_folder/overview_tab/arxaoo-pmt-tot-amt-due",
             "control": "Label",
             "reqIndicator": "false",
             "maxChars": "17",
             "value": "30512",
             "label": "Total Amount Due",
             "controlLabel": null
          },
          {
             "seq": "1",
             "id": "ARXAOO-PROJ-ACH-PMT",
             "help": "account_folder/overview_tab/ambs-proj-ach-pmt",
             "control": "Label",
             "reqIndicator": "false",
             "maxChars": "17",
             "value": "0",
             "label": "Projected Direct Debit",
             "controlLabel": null
          },
          {
             "seq": "1",
             "id": "ARXAOO-DATE-NEXT-STMT",
             "control": "Label",
             "reqIndicator": "false",
             "maxChars": "7",
             "value": "2013013",
             "desc": "Date on which the next statement is due to be generated for the account. This date is system-generated.",
             "label": "Date Next Statement",
             "controlLabel": null
          }
       ]
    }
 }