{
    "targetNamespace": "http://visionx.firstdata.com/VISIONX/VISIONX.UI.RESPONSE.PAGE.V001",
    "header": {
        "process": {
            "id": "36",
            "name": "Statement Header",
            "functionName": "Statement Header"
        },
        "page": {
            "id": "1840",
            "name": "Statement Header",
            "lastPage": "false",
            "communicatorMsg": "",
            "pageDisplayName": "Statement Header"
        },
        "sessiontoken": "XMABred8jgM8gT1NY5SKID1o.CCTRAINING.W.01",
        "request": {
            "id": "005"
        },
        "status": null,
        "currencyAttrib": {
            "currencyCode": "EUR",
            "currencyNOD": "2",
            "percentNOD": "7",
            "peritemNOD": "3",
            "currSymbol": "€",
            "negativeFormat": "A",
            "digitGroupSymbol": ".",
            "digitGroupNumber": "3",
            "decimalSymbol": ","
        }
    },
    "group": [
        {
            "id": "3171",
            "name": "",
            "desc": "",
            "grouplink": "",
            "field": [
                {
                    "seq": "1",
                    "id": "ARXSDO-CREDIT-LIMIT",
                    "control": "Label",
                    "reqIndicator": "false",
                    "maxChars": "17",
                    "value": "450000",
                    "label": "Credit Limit",
                    "controlLabel": null
                },
                {
                    "seq": "1",
                    "id": "ARXSDO-OPEN-TO-BUY",
                    "control": "Label",
                    "reqIndicator": "false",
                    "maxChars": "17",
                    "value": "414000",
                    "label": "Available Credit",
                    "controlLabel": null
                },
                {
                    "seq": "1",
                    "id": "ARXSDO-CASH-CRLIM",
                    "control": "Label",
                    "reqIndicator": "false",
                    "maxChars": "17",
                    "value": "50000",
                    "label": "Cash Credit Limit",
                    "controlLabel": null
                },
                {
                    "seq": "1",
                    "id": "ARXSDO-CASH-AVAIL-CREDIT",
                    "control": "Label",
                    "reqIndicator": "false",
                    "maxChars": "17",
                    "value": "50000",
                    "label": "Cash Available Credit",
                    "controlLabel": null
                }
            ]
        },
        {
            "id": "3172",
            "name": "",
            "desc": "",
            "grouplink": "",
            "field": [
                {
                    "seq": "1",
                    "id": "ARXSDO-TOT-BEG-BAL",
                    "control": "Label",
                    "reqIndicator": "false",
                    "maxChars": "17",
                    "value": "36000",
                    "label": "Beginning Balance",
                    "controlLabel": null
                },
                {
                    "seq": "1",
                    "id": "ARXSDO-TOT-AMT-DB",
                    "control": "Label",
                    "reqIndicator": "false",
                    "maxChars": "17",
                    "value": "0",
                    "label": "Debits",
                    "controlLabel": null
                },
                {
                    "seq": "1",
                    "id": "ARXSDO-TOT-AMT-CR",
                    "control": "Label",
                    "reqIndicator": "false",
                    "maxChars": "17",
                    "value": "0",
                    "label": "Credits",
                    "controlLabel": null
                },
                {
                    "seq": "1",
                    "id": "ARXSDO-TOT-END-BAL",
                    "control": "Label",
                    "reqIndicator": "false",
                    "maxChars": "17",
                    "value": "36000",
                    "label": "Ending Balance",
                    "controlLabel": null
                }
            ]
        },
        {
            "id": "3173",
            "name": "",
            "desc": "",
            "grouplink": "",
            "field": [
                {
                    "seq": "1",
                    "id": "ARXSDO-PMT-DUE-DATE",
                    "control": "Label",
                    "reqIndicator": "false",
                    "maxChars": "7",
                    "value": "2013004",
                    "label": "Payment Due Date",
                    "controlLabel": null
                },
                {
                    "seq": "1",
                    "id": "ARXSDO-PMT-CURR-DUE",
                    "control": "Label",
                    "reqIndicator": "false",
                    "maxChars": "17",
                    "value": "0",
                    "label": "Current Payment Due",
                    "controlLabel": null
                },
                {
                    "seq": "1",
                    "id": "ARXSDO-PMT-TOT-PAST-DUE",
                    "control": "Label",
                    "reqIndicator": "false",
                    "maxChars": "17",
                    "value": "36000",
                    "label": "Past Due",
                    "controlLabel": null
                },
                {
                    "seq": "1",
                    "id": "ARXSDO-TOT-AMT-DUE",
                    "help": "account_folder/viewers/arxpvo-tot-due",
                    "control": "Label",
                    "reqIndicator": "false",
                    "maxChars": "17",
                    "value": "36000",
                    "label": "Total Due",
                    "controlLabel": null
                },
                {
                    "seq": "1",
                    "id": "ARXSDO-PROJ-ACH-PMT",
                    "control": "Label",
                    "reqIndicator": "false",
                    "maxChars": "17",
                    "value": "0",
                    "label": "Projected Direct Debit",
                    "controlLabel": null
                }
            ]
        },
        {
            "id": "3174",
            "name": "",
            "desc": "",
            "grouplink": "",
            "field": [
                {
                    "seq": "1",
                    "id": "ARXSDO-GRACE-DAYS-EXPIR",
                    "control": "Label",
                    "reqIndicator": "false",
                    "maxChars": "7",
                    "value": "2012350",
                    "label": "Grace Expiration Date",
                    "controlLabel": null
                },
                {
                    "seq": "1",
                    "id": "ARXSDO-TOT-INT-THIS-STMT",
                    "control": "Label",
                    "reqIndicator": "false",
                    "maxChars": "17",
                    "value": "0",
                    "label": "Interest This Statement",
                    "controlLabel": null
                },
                {
                    "seq": "1",
                    "id": "ARXSDO-DATE-LAST-STMT",
                    "control": "Label",
                    "reqIndicator": "false",
                    "maxChars": "7",
                    "value": "2012320",
                    "label": "Date Last Statement",
                    "controlLabel": null
                },
                {
                    "seq": "1",
                    "id": "ARXSDO-EST-INT",
                    "control": "Label",
                    "reqIndicator": "false",
                    "maxChars": "17",
                    "value": "0",
                    "label": "Estimated Interest",
                    "controlLabel": null
                }
            ]
        }
    ]
}