{
   "targetNamespace": "http://visionx.firstdata.com/VISIONX/VISIONX.UI.RESPONSE.PAGE.V001",
   "header": {
      "process": {
         "id": "962",
         "name": "Suppress Letters Function",
         "functionName": "Suppress Letters"
      },
      "page": {
         "id": "3021",
         "name": "Suppress Letters",
         "lastPage": "false",
         "communicatorMsg": "Use the option below to add or remove letter suppression from an account",
         "pageDisplayName": "Suppress Letter"
      },
      "sessiontoken": "DL5K0D1rtydKC+KPDpEXkjOa.CCB3.W.01",
      "request": {
         "id": "005"
      },
      "status": null,
      "currencyAttrib": {
         "currencyCode": "GBP",
         "currencyNOD": "2",
         "percentNOD": "7",
         "peritemNOD": "3",
         "currSymbol": "£",
         "negativeFormat": "A",
         "digitGroupSymbol": ",",
         "digitGroupNumber": "3",
         "decimalSymbol": "."
      }
   },
   "group": {
      "id": "5026",
      "name": "Suppress Letter",
      "desc": "Suppress Letter",
      "grouplink": "",
      "field": {
         "seq": "1",
         "id": "AMBS-SUPP-LTR",
         "xrefField": "AZXGBI6-SUPP-LTR",
         "control": "checkBox",
         "reqIndicator": "false",
         "maxChars": "1",
         "value": "0",
         "valueDesc": "Do not suppress letters",
         "desc": "Indicates whether to suppress all letters for the account.",
         "valueList": {
            "item": [
               {
                  "code": "0",
                  "text": "Do not suppress letters"
               },
               {
                  "code": "1",
                  "text": "Suppress all letters"
               }
            ]
         },
         "label": "Suppress Letters?",
         "controlLabel": null
      }
   }
}