{
   "targetNamespace": "http://visionx.firstdata.com/VISIONX/VISIONX.UI.RESPONSE.PAGE.V001",
   "header": {
      "process": {
         "id": "959",
         "name": "Suppress Card Fees Function",
         "functionName": "Suppress Interest Fees"
      },
      "page": {
         "id": "3640",
         "name": "Fee Suppression",
         "lastPage": "false",
         "communicatorMsg": "Use the following options to suppress each of the different types of Card Fees.",
         "pageDisplayName": "Fee Suppression"
      },
      "sessiontoken": "2m8eR5sH2cVLJ2hHf2ksnUIm.CCTRAINING.W.01",
      "request": {
         "id": "005"
      },
      "status": null,
      "currencyAttrib": {
         "currencyCode": "EUR",
         "currencyNOD": "2",
         "percentNOD": "7",
         "peritemNOD": "3",
         "currSymbol": "€",
         "negativeFormat": "A",
         "digitGroupSymbol": ".",
         "digitGroupNumber": "3",
         "decimalSymbol": ","
      }
   },
   "group": {
      "id": "6046",
      "name": "",
      "desc": "",
      "grouplink": "",
      "field": [
         {
            "seq": "1",
            "id": "AMBS-WAIVE-CARD-FEE-IND",
            "xrefField": "ARXWFI4Z-WAIVE-CARD-FEE-IND",
            "control": "Dropdown",
            "reqIndicator": "false",
            "maxChars": "1",
            "value": "1",
            "valueDesc": "Waive",
            "desc": "Indicates whether to waive card issuance fees whenever cards are issued on the account.",
            "valueList": {
               "item": [
                  {
                     "code": "0",
                     "text": "Don't waive"
                  },
                  {
                     "code": "1",
                     "text": "Waive"
                  },
                  {
                     "code": "4",
                     "text": "Waive for one cycle"
                  },
                  {
                     "code": "5",
                     "text": "Waive for two cycles"
                  },
                  {
                     "code": "6",
                     "text": "Waive for three cycles"
                  }
               ]
            },
            "label": "Card Insurance Fee",
            "controlLabel": null,
            "defaultValue": "0"
         },
         {
            "seq": "1",
            "id": "AMBS-WAIVE-SUPP-MEM-FEE",
            "xrefField": "ARXWFI4Z-WAIVE-SUPP-MEM-FEE",
            "control": "Dropdown",
            "reqIndicator": "false",
            "maxChars": "1",
            "value": "0",
            "valueDesc": "Do not waive supplemental card fees",
            "valueList": {
               "item": [
                  {
                     "code": "0",
                     "text": "Do not waive supplemental card fees"
                  },
                  {
                     "code": "1",
                     "text": "Waive supplemental card fees."
                  }
               ]
            },
            "label": "Supplemental Card Fee",
            "controlLabel": null
         }
      ]
   }
}