{
   "targetNamespace": "http://visionx.firstdata.com/VISIONX/VISIONX.UI.RESPONSE.PAGE.V001",
   "header": {
      "process": {
         "id": "966",
         "name": "Suppress Usage Fees Function",
         "functionName": "Suppress Interest Fees"
      },
      "page": {
         "id": "3668",
         "name": "Fee Suppression",
         "lastPage": "false",
         "communicatorMsg": "Use the following options to suppress each of the different types of Usage Fees.",
         "pageDisplayName": "Fee Suppression"
      },
      "sessiontoken": "2m8eR5sH2cVLJ2hHf2ksnUIm.CCTRAINING.W.01",
      "request": {
         "id": "005"
      },
      "status": null,
      "currencyAttrib": {
         "currencyCode": "EUR",
         "currencyNOD": "2",
         "percentNOD": "7",
         "peritemNOD": "3",
         "currSymbol": "€",
         "negativeFormat": "A",
         "digitGroupSymbol": ".",
         "digitGroupNumber": "3",
         "decimalSymbol": ","
      }
   },
   "group": {
      "id": "6082",
      "name": "",
      "desc": "",
      "grouplink": "",
      "field": [
         {
            "seq": "1",
            "id": "AMBS-WAIVE-FEE-CHG",
            "xrefField": "ARXWFI4Z-WAIVE-FEE-CHG",
            "control": "Dropdown",
            "reqIndicator": "false",
            "maxChars": "1",
            "value": "0",
            "valueDesc": "Do not waive",
            "desc": "Indicates whether to waive the membership fee for the account.",
            "valueList": {
               "item": [
                  {
                     "code": "6",
                     "text": "Waive for three cyles"
                  },
                  {
                     "code": "2",
                     "text": "Waive only the initial membership fee"
                  },
                  {
                     "code": "3",
                     "text": "Waive only the renewal membership fee"
                  },
                  {
                     "code": "0",
                     "text": "Do not waive"
                  },
                  {
                     "code": "1",
                     "text": "Waive initial and renewal fees"
                  },
                  {
                     "code": "4",
                     "text": "Waive for one cycle"
                  },
                  {
                     "code": "5",
                     "text": "Waive for two cycles"
                  }
               ]
            },
            "label": "Annual/Membership Fee",
            "controlLabel": null
         },
         {
            "seq": "1",
            "id": "AMBS-MEMB-METH",
            "xrefField": "ARXWFI4Z-MEMB-METH",
            "control": "Dropdown",
            "reqIndicator": "false",
            "maxChars": "1",
            "value": null,
            "valueDesc": null,
            "valueList": {
               "item": [
                  {
                     "code": ""
                  },
                  {
                     "code": "W",
                     "text": "Waive"
                  },
                  {
                     "code": "R",
                     "text": "Refund"
                  }
               ]
            },
            "label": "Suppress/Refund",
            "controlLabel": null
         },
         {
            "seq": "1",
            "id": "AMBS-FOREX-FEE",
            "xrefField": "ARXWFI4Z-FOREX-FEE",
            "control": "Dropdown",
            "reqIndicator": "false",
            "maxChars": "2",
            "value": "0",
            "valueDesc": "Don't waive in A/R; waive in P/L",
            "valueList": {
               "item": [
                  {
                     "code": "0",
                     "text": "Don't waive in A/R; waive in P/L"
                  },
                  {
                     "code": "1",
                     "text": "Waive in A/R and P/L"
                  },
                  {
                     "code": "2",
                     "text": "Don't waive in A/R and P/L"
                  },
                  {
                     "code": "3",
                     "text": "Waive in A/R; don't waive in P/L"
                  },
                  {
                     "code": "4",
                     "text": "Waive for current cycle"
                  },
                  {
                     "code": "5",
                     "text": "Waive for current cycle and next cycle"
                  },
                  {
                     "code": "6",
                     "text": "Waive for current cycle and next two cycles"
                  },
                  {
                     "code": "7",
                     "text": "Waive for current cycle and next three cycles"
                  },
                  {
                     "code": "8",
                     "text": "Waive for current cycle and next four cycles"
                  },
                  {
                     "code": "9",
                     "text": "Waive for current cycle and next five cycles"
                  },
                  {
                     "code": "10",
                     "text": "Waive for current cycle and next six cycles"
                  },
                  {
                     "code": "11",
                     "text": "Waive for current cycle and next seven cycles"
                  },
                  {
                     "code": "12",
                     "text": "Waive for current cycle and next eight cycles"
                  },
                  {
                     "code": "13",
                     "text": "Waive for current cycle and next nine cycles"
                  },
                  {
                     "code": "14",
                     "text": "Waive for current cycle and next ten cycles"
                  },
                  {
                     "code": "15",
                     "text": "Waive for current cycle and next eleven cycles"
                  },
                  {
                     "code": "16",
                     "text": "Waive for current cycle and next twelve cycles"
                  },
                  {
                     "code": "17",
                     "text": "Waive for current cycle and next thirteen cycles"
                  },
                  {
                     "code": "18",
                     "text": "Waive for current cycle and next fourteen cycles"
                  },
                  {
                     "code": "19",
                     "text": "Waive for current cycle and next fifteen cycles"
                  },
                  {
                     "code": "20",
                     "text": "Waive for current cycle and next sixteen cycles"
                  },
                  {
                     "code": "21",
                     "text": "Waive for current cycle and next seventeen cycles"
                  },
                  {
                     "code": "22",
                     "text": "Waive for current cycle and next eighteen cycles"
                  },
                  {
                     "code": "23",
                     "text": "Waive for current cycle and next nineteen cycles"
                  },
                  {
                     "code": "24",
                     "text": "Waive for current cycle and next twenty cycles"
                  },
                  {
                     "code": "25",
                     "text": "Waive for current cycle and next twenty one cycles"
                  },
                  {
                     "code": "26",
                     "text": "Waive for current cycle and next twenty two cycles"
                  },
                  {
                     "code": "27",
                     "text": "Waive for current cycle and next twenty three cycles"
                  },
                  {
                     "code": "28",
                     "text": "Waive for current cycle and next twenty four cycles"
                  },
                  {
                     "code": "29",
                     "text": "Waive for current cycle and next twenty five cycles"
                  },
                  {
                     "code": "30",
                     "text": "Waive for current cycle and next twenty six cycles"
                  },
                  {
                     "code": "31",
                     "text": "Waive for current cycle and next twenty seven cycles"
                  },
                  {
                     "code": "32",
                     "text": "Waive for current cycle and next twenty eight cycles"
                  },
                  {
                     "code": "33",
                     "text": "Waive for current cycle and next twenty nine cycles"
                  },
                  {
                     "code": "34",
                     "text": "Waive for current cycle and next thirty cycles"
                  },
                  {
                     "code": "35",
                     "text": "Waive for current cycle and next thirty one cycles"
                  },
                  {
                     "code": "36",
                     "text": "Waive for current cycle and next thirty two cycles"
                  },
                  {
                     "code": "37",
                     "text": "Waive for current cycle and next thirty three cycles"
                  },
                  {
                     "code": "38",
                     "text": "Waive for current cycle and next thirty four cycles"
                  },
                  {
                     "code": "39",
                     "text": "Waive for current cycle and next thirty five cycles"
                  },
                  {
                     "code": "40",
                     "text": "Waive for current cycle and next thirty six cycles"
                  },
                  {
                     "code": "41",
                     "text": "Waive for current cycle and next thirty seven cycles"
                  },
                  {
                     "code": "42",
                     "text": "Waive for current cycle and next thirty eight cycles"
                  },
                  {
                     "code": "43",
                     "text": "Waive for current cycle and next thirty nine cycles"
                  },
                  {
                     "code": "44",
                     "text": "Waive for current cycle and next forty cycles"
                  },
                  {
                     "code": "45",
                     "text": "Waive for current cycle and next forty one cycles"
                  },
                  {
                     "code": "46",
                     "text": "Waive for current cycle and next forty two cycles"
                  },
                  {
                     "code": "47",
                     "text": "Waive for current cycle and next forty three cycles"
                  },
                  {
                     "code": "48",
                     "text": "Waive for current cycle and next forty four cycles"
                  },
                  {
                     "code": "49",
                     "text": "Waive for current cycle and next forty five cycles"
                  },
                  {
                     "code": "50",
                     "text": "Waive for current cycle and next forty six cycles"
                  },
                  {
                     "code": "51",
                     "text": "Waive for current cycle and next forty seven cycles"
                  },
                  {
                     "code": "52",
                     "text": "Waive for current cycle and next forty eight cycles"
                  },
                  {
                     "code": "53",
                     "text": "Waive for current cycle and next forty nine cycles"
                  },
                  {
                     "code": "54",
                     "text": "Waive for current cycle and next fifty cycles"
                  },
                  {
                     "code": "55",
                     "text": "Waive for current cycle and next fifty one cycles"
                  },
                  {
                     "code": "56",
                     "text": "Waive for current cycle and next fifty two cycles"
                  },
                  {
                     "code": "57",
                     "text": "Waive for current cycle and next fifty three cycles"
                  },
                  {
                     "code": "58",
                     "text": "Waive for current cycle and next fifty four cycles"
                  },
                  {
                     "code": "59",
                     "text": "Waive for current cycle and next fifty five cycles"
                  },
                  {
                     "code": "60",
                     "text": "Waive for current cycle and next fifty six cycles"
                  },
                  {
                     "code": "61",
                     "text": "Waive for current cycle and next fifty seven cycles"
                  },
                  {
                     "code": "62",
                     "text": "Waive for current cycle and next fifty eight cycles"
                  },
                  {
                     "code": "63",
                     "text": "Waive for current cycle and next fifty nine cycles"
                  },
                  {
                     "code": "64",
                     "text": "Waive for current cycle and next sixty cycles"
                  },
                  {
                     "code": "65",
                     "text": "Waive for current cycle and next sixty one cycles"
                  },
                  {
                     "code": "66",
                     "text": "Waive for current cycle and next sixty two cycles"
                  },
                  {
                     "code": "67",
                     "text": "Waive for current cycle and next sixty three cycles"
                  },
                  {
                     "code": "68",
                     "text": "Waive for current cycle and next sixty four cycles"
                  },
                  {
                     "code": "69",
                     "text": "Waive for current cycle and next sixty five cycles"
                  },
                  {
                     "code": "70",
                     "text": "Waive for current cycle and next sixty six cycles"
                  },
                  {
                     "code": "71",
                     "text": "Waive for current cycle and next sixty seven cycles"
                  },
                  {
                     "code": "72",
                     "text": "Waive for current cycle and next sixty eight cycles"
                  },
                  {
                     "code": "73",
                     "text": "Waive for current cycle and next sixty nine cycles"
                  },
                  {
                     "code": "74",
                     "text": "Waive for current cycle and next seventy cycles"
                  },
                  {
                     "code": "75",
                     "text": "Waive for current cycle and next seventy one cycles"
                  },
                  {
                     "code": "76",
                     "text": "Waive for current cycle and next seventy two cycles"
                  },
                  {
                     "code": "77",
                     "text": "Waive for current cycle and next seventy three cycles"
                  },
                  {
                     "code": "78",
                     "text": "Waive for current cycle and next seventy four cycles"
                  },
                  {
                     "code": "79",
                     "text": "Waive for current cycle and next seventy five cycles"
                  },
                  {
                     "code": "80",
                     "text": "Waive for current cycle and next seventy six cycles"
                  },
                  {
                     "code": "81",
                     "text": "Waive for current cycle and next seventy seven cycles"
                  },
                  {
                     "code": "82",
                     "text": "Waive for current cycle and next seventy eight cycles"
                  },
                  {
                     "code": "83",
                     "text": "Waive for current cycle and next seventy nine cycles"
                  },
                  {
                     "code": "84",
                     "text": "Waive for current cycle and next eighty cycles"
                  },
                  {
                     "code": "85",
                     "text": "Waive for current cycle and next eighty one cycles"
                  },
                  {
                     "code": "86",
                     "text": "Waive for current cycle and next eighty two cycles"
                  },
                  {
                     "code": "87",
                     "text": "Waive for current cycle and next eighty three cycles"
                  },
                  {
                     "code": "88",
                     "text": "Waive for current cycle and next eighty four cycles"
                  },
                  {
                     "code": "89",
                     "text": "Waive for current cycle and next eighty five cycles"
                  },
                  {
                     "code": "90",
                     "text": "Waive for current cycle and next eighty six cycles"
                  },
                  {
                     "code": "91",
                     "text": "Waive for current cycle and next eighty seven cycles"
                  },
                  {
                     "code": "92",
                     "text": "Waive for current cycle and next eighty eight cycles"
                  },
                  {
                     "code": "93",
                     "text": "Waive for current cycle and next eighty nine cycles"
                  },
                  {
                     "code": "94",
                     "text": "Waive for current cycle and next ninety cycles"
                  },
                  {
                     "code": "95",
                     "text": "Waive for current cycle and next ninety one cycles"
                  },
                  {
                     "code": "96",
                     "text": "Waive for current cycle and next ninety two cycles"
                  },
                  {
                     "code": "97",
                     "text": "Waive for current cycle and next ninety three cycles"
                  },
                  {
                     "code": "98",
                     "text": "Waive for current cycle and next ninety four cycles"
                  }
               ]
            },
            "label": "Foreign Exchange Fee",
            "controlLabel": null
         },
         {
            "seq": "1",
            "id": "AMBS-WAIVE-CYCLE-SPEND-FEE",
            "xrefField": "ARXWFI4Z-WAIVE-CYCLE-SPEND-FEE",
            "control": "Dropdown",
            "reqIndicator": "false",
            "maxChars": "1",
            "value": "0",
            "valueDesc": "Do not waive",
            "desc": "Code that indicates whether the cycle spend fee is waived for this account.",
            "valueList": {
               "item": [
                  {
                     "code": "0",
                     "text": "Do not waive"
                  },
                  {
                     "code": "1",
                     "text": "Waive Fees"
                  }
               ]
            },
            "label": "Cycle Spend Fee",
            "controlLabel": null
         },
         {
            "seq": "1",
            "id": "AMBS-WAIVE-CASH-ADV-FEE(1)",
            "xrefField": "ARXWFI4Z-WAIVE-CASH-ADV-FEE(1)",
            "control": "Dropdown",
            "reqIndicator": "false",
            "maxChars": "1",
            "value": "0",
            "valueDesc": "Don't waive in A/R; waive in P/L",
            "desc": "Indicates whether to waive cash advance fees for the account.",
            "valueList": {
               "item": [
                  {
                     "code": "0",
                     "text": "Don't waive in A/R; waive in P/L"
                  },
                  {
                     "code": "1",
                     "text": "Waive in A/R and P/L"
                  },
                  {
                     "code": "2",
                     "text": "Don't waive in A/R and P/L"
                  },
                  {
                     "code": "3",
                     "text": "Waive in A/R; don't waive in P/L"
                  },
                  {
                     "code": "4",
                     "text": "Waive for one cycle"
                  },
                  {
                     "code": "5",
                     "text": "Waive for two cycles"
                  },
                  {
                     "code": "6",
                     "text": "Waive for three cycles"
                  }
               ]
            },
            "label": "Cash Advance Fee 1",
            "controlLabel": null,
            "defaultValue": "0"
         },
         {
            "seq": "1",
            "id": "AMBS-WAIVE-CASH-ADV-FEE(2)",
            "xrefField": "ARXWFI4Z-WAIVE-CASH-ADV-FEE(2)",
            "control": "Dropdown",
            "reqIndicator": "false",
            "maxChars": "1",
            "value": "0",
            "valueDesc": "Don't waive in A/R; waive in P/L",
            "desc": "Indicates whether to waive cash advance fees for the account.",
            "valueList": {
               "item": [
                  {
                     "code": "0",
                     "text": "Don't waive in A/R; waive in P/L"
                  },
                  {
                     "code": "1",
                     "text": "Waive in A/R and P/L"
                  },
                  {
                     "code": "2",
                     "text": "Don't waive in A/R and P/L"
                  },
                  {
                     "code": "3",
                     "text": "Waive in A/R; don't waive in P/L"
                  },
                  {
                     "code": "4",
                     "text": "Waive for one cycle"
                  },
                  {
                     "code": "5",
                     "text": "Waive for two cycles"
                  },
                  {
                     "code": "6",
                     "text": "Waive for three cycles"
                  }
               ]
            },
            "label": "Cash Advance Fee 2",
            "controlLabel": null,
            "defaultValue": "0"
         },
         {
            "seq": "1",
            "id": "AMBS-WAIVE-CASH-ADV-FEE(3)",
            "xrefField": "ARXWFI4Z-WAIVE-CASH-ADV-FEE(3)",
            "control": "Dropdown",
            "reqIndicator": "false",
            "maxChars": "1",
            "value": "0",
            "valueDesc": "Don't waive in A/R; waive in P/L",
            "desc": "Indicates whether to waive cash advance fees for the account.",
            "valueList": {
               "item": [
                  {
                     "code": "0",
                     "text": "Don't waive in A/R; waive in P/L"
                  },
                  {
                     "code": "1",
                     "text": "Waive in A/R and P/L"
                  },
                  {
                     "code": "2",
                     "text": "Don't waive in A/R and P/L"
                  },
                  {
                     "code": "3",
                     "text": "Waive in A/R; don't waive in P/L"
                  },
                  {
                     "code": "4",
                     "text": "Waive for one cycle"
                  },
                  {
                     "code": "5",
                     "text": "Waive for two cycles"
                  },
                  {
                     "code": "6",
                     "text": "Waive for three cycles"
                  }
               ]
            },
            "label": "Cash Advance Fee 3",
            "controlLabel": null,
            "defaultValue": "0"
         },
         {
            "seq": "1",
            "id": "AMBS-WAIVE-CASH-ADV-FEE(4)",
            "xrefField": "ARXWFI4Z-WAIVE-CASH-ADV-FEE(4)",
            "control": "Dropdown",
            "reqIndicator": "false",
            "maxChars": "1",
            "value": "0",
            "valueDesc": "Don't waive in A/R; waive in P/L",
            "desc": "Indicates whether to waive cash advance fees for the account.",
            "valueList": {
               "item": [
                  {
                     "code": "0",
                     "text": "Don't waive in A/R; waive in P/L"
                  },
                  {
                     "code": "1",
                     "text": "Waive in A/R and P/L"
                  },
                  {
                     "code": "2",
                     "text": "Don't waive in A/R and P/L"
                  },
                  {
                     "code": "3",
                     "text": "Waive in A/R; don't waive in P/L"
                  },
                  {
                     "code": "4",
                     "text": "Waive for one cycle"
                  },
                  {
                     "code": "5",
                     "text": "Waive for two cycles"
                  },
                  {
                     "code": "6",
                     "text": "Waive for three cycles"
                  }
               ]
            },
            "label": "Cash Advance Fee 4",
            "controlLabel": null,
            "defaultValue": "0"
         },
         {
            "seq": "1",
            "id": "AMBS-WAIVE-CASH-ADV-FEE(5)",
            "xrefField": "ARXWFI4Z-WAIVE-CASH-ADV-FEE(5)",
            "control": "Dropdown",
            "reqIndicator": "false",
            "maxChars": "1",
            "value": "0",
            "valueDesc": "Don't waive in A/R; waive in P/L",
            "desc": "Indicates whether to waive cash advance fees for the account.",
            "valueList": {
               "item": [
                  {
                     "code": "0",
                     "text": "Don't waive in A/R; waive in P/L"
                  },
                  {
                     "code": "1",
                     "text": "Waive in A/R and P/L"
                  },
                  {
                     "code": "2",
                     "text": "Don't waive in A/R and P/L"
                  },
                  {
                     "code": "3",
                     "text": "Waive in A/R; don't waive in P/L"
                  },
                  {
                     "code": "4",
                     "text": "Waive for one cycle"
                  },
                  {
                     "code": "5",
                     "text": "Waive for two cycles"
                  },
                  {
                     "code": "6",
                     "text": "Waive for three cycles"
                  }
               ]
            },
            "label": "Cash Advance Fee 5",
            "controlLabel": null,
            "defaultValue": "0"
         },
         {
            "seq": "1",
            "id": "AMBS-WAIVE-CASH-ADV-FEE(6)",
            "xrefField": "ARXWFI4Z-WAIVE-CASH-ADV-FEE(6)",
            "control": "Dropdown",
            "reqIndicator": "false",
            "maxChars": "1",
            "value": "0",
            "valueDesc": "Don't waive in A/R; waive in P/L",
            "desc": "Indicates whether to waive cash advance fees for the account.",
            "valueList": {
               "item": [
                  {
                     "code": "0",
                     "text": "Don't waive in A/R; waive in P/L"
                  },
                  {
                     "code": "1",
                     "text": "Waive in A/R and P/L"
                  },
                  {
                     "code": "2",
                     "text": "Don't waive in A/R and P/L"
                  },
                  {
                     "code": "3",
                     "text": "Waive in A/R; don't waive in P/L"
                  },
                  {
                     "code": "4",
                     "text": "Waive for one cycle"
                  },
                  {
                     "code": "5",
                     "text": "Waive for two cycles"
                  },
                  {
                     "code": "6",
                     "text": "Waive for three cycles"
                  }
               ]
            },
            "label": "Cash Advance Fee 6",
            "controlLabel": null,
            "defaultValue": "0"
         },
         {
            "seq": "1",
            "id": "AMBS-WAIVE-CASH-ADV-FEE(7)",
            "xrefField": "ARXWFI4Z-WAIVE-CASH-ADV-FEE(7)",
            "control": "Dropdown",
            "reqIndicator": "false",
            "maxChars": "1",
            "value": "0",
            "valueDesc": "Don't waive in A/R; waive in P/L",
            "desc": "Indicates whether to waive cash advance fees for the account.",
            "valueList": {
               "item": [
                  {
                     "code": "0",
                     "text": "Don't waive in A/R; waive in P/L"
                  },
                  {
                     "code": "1",
                     "text": "Waive in A/R and P/L"
                  },
                  {
                     "code": "2",
                     "text": "Don't waive in A/R and P/L"
                  },
                  {
                     "code": "3",
                     "text": "Waive in A/R; don't waive in P/L"
                  },
                  {
                     "code": "4",
                     "text": "Waive for one cycle"
                  },
                  {
                     "code": "5",
                     "text": "Waive for two cycles"
                  },
                  {
                     "code": "6",
                     "text": "Waive for three cycles"
                  }
               ]
            },
            "label": "Cash Advance Fee 7",
            "controlLabel": null,
            "defaultValue": "0"
         },
         {
            "seq": "1",
            "id": "AMBS-WAIVE-CASH-ADV-FEE(8)",
            "xrefField": "ARXWFI4Z-WAIVE-CASH-ADV-FEE(8)",
            "control": "Dropdown",
            "reqIndicator": "false",
            "maxChars": "1",
            "value": "0",
            "valueDesc": "Don't waive in A/R; waive in P/L",
            "desc": "Indicates whether to waive cash advance fees for the account.",
            "valueList": {
               "item": [
                  {
                     "code": "0",
                     "text": "Don't waive in A/R; waive in P/L"
                  },
                  {
                     "code": "1",
                     "text": "Waive in A/R and P/L"
                  },
                  {
                     "code": "2",
                     "text": "Don't waive in A/R and P/L"
                  },
                  {
                     "code": "3",
                     "text": "Waive in A/R; don't waive in P/L"
                  },
                  {
                     "code": "4",
                     "text": "Waive for one cycle"
                  },
                  {
                     "code": "5",
                     "text": "Waive for two cycles"
                  },
                  {
                     "code": "6",
                     "text": "Waive for three cycles"
                  }
               ]
            },
            "label": "Cash Advance Fee 8",
            "controlLabel": null,
            "defaultValue": "0"
         },
         {
            "seq": "1",
            "id": "AMBS-WAIVE-CASH-ADV-FEE(9)",
            "xrefField": "ARXWFI4Z-WAIVE-CASH-ADV-FEE(9)",
            "control": "Dropdown",
            "reqIndicator": "false",
            "maxChars": "1",
            "value": "0",
            "valueDesc": "Don't waive in A/R; waive in P/L",
            "desc": "Indicates whether to waive cash advance fees for the account.",
            "valueList": {
               "item": [
                  {
                     "code": "0",
                     "text": "Don't waive in A/R; waive in P/L"
                  },
                  {
                     "code": "1",
                     "text": "Waive in A/R and P/L"
                  },
                  {
                     "code": "2",
                     "text": "Don't waive in A/R and P/L"
                  },
                  {
                     "code": "3",
                     "text": "Waive in A/R; don't waive in P/L"
                  },
                  {
                     "code": "4",
                     "text": "Waive for one cycle"
                  },
                  {
                     "code": "5",
                     "text": "Waive for two cycles"
                  },
                  {
                     "code": "6",
                     "text": "Waive for three cycles"
                  }
               ]
            },
            "label": "Cash Advance Fee 9",
            "controlLabel": null,
            "defaultValue": "0"
         },
         {
            "seq": "1",
            "id": "AMBS-WAIVE-CASH-ADV-FEE(10)",
            "xrefField": "ARXWFI4Z-WAIVE-CASH-ADV-FEE(10)",
            "control": "Dropdown",
            "reqIndicator": "false",
            "maxChars": "1",
            "value": "0",
            "valueDesc": "Don't waive in A/R; waive in P/L",
            "desc": "Indicates whether to waive cash advance fees for the account.",
            "valueList": {
               "item": [
                  {
                     "code": "0",
                     "text": "Don't waive in A/R; waive in P/L"
                  },
                  {
                     "code": "1",
                     "text": "Waive in A/R and P/L"
                  },
                  {
                     "code": "2",
                     "text": "Don't waive in A/R and P/L"
                  },
                  {
                     "code": "3",
                     "text": "Waive in A/R; don't waive in P/L"
                  },
                  {
                     "code": "4",
                     "text": "Waive for one cycle"
                  },
                  {
                     "code": "5",
                     "text": "Waive for two cycles"
                  },
                  {
                     "code": "6",
                     "text": "Waive for three cycles"
                  }
               ]
            },
            "label": "Cash Advance Fee 10",
            "controlLabel": null,
            "defaultValue": "0"
         }
      ]
   }
}