{
   "targetNamespace": "http://visionx.firstdata.com/VISIONX/VISIONX.UI.RESPONSE.PAGE.V001",
   "header": {
      "process": {
         "id": "960",
         "name": "Suppress Default Fees Function",
         "functionName": "Suppress Interest Fees"
      },
      "page": {
         "id": "3019",
         "name": "Fee Suppression",
         "lastPage": "false",
         "communicatorMsg": "Use the following options to suppress each of the different types of Default Fees.",
         "pageDisplayName": "Fee Suppression"
      },
      "sessiontoken": "2m8eR5sH2cVLJ2hHf2ksnUIm.CCTRAINING.W.01",
      "request": {
         "id": "005"
      },
      "status": null,
      "currencyAttrib": {
         "currencyCode": "EUR",
         "currencyNOD": "2",
         "percentNOD": "7",
         "peritemNOD": "3",
         "currSymbol": "€",
         "negativeFormat": "A",
         "digitGroupSymbol": ".",
         "digitGroupNumber": "3",
         "decimalSymbol": ","
      }
   },
   "group": {
      "id": "5024",
      "name": "",
      "desc": "",
      "grouplink": "",
      "field": [
         {
            "seq": "1",
            "id": "AMBS-WAIVE-LATE-CHG",
            "xrefField": "ARXWFI4Z-WAIVE-LATE-CHG",
            "control": "Dropdown",
            "reqIndicator": "false",
            "maxChars": "1",
            "value": "0",
            "valueDesc": "Do not waive late charges",
            "desc": "Indicates whether to waive late charges for the account.",
            "valueList": {
               "item": [
                  {
                     "code": "0",
                     "text": "Do not waive late charges"
                  },
                  {
                     "code": "1",
                     "text": "Waive late charges"
                  },
                  {
                     "code": "4",
                     "text": "Waive late charges for current cycle"
                  },
                  {
                     "code": "5",
                     "text": "Waive late charges current cycle and next cycle"
                  },
                  {
                     "code": "6",
                     "text": "Waive late charges for current cycle and next two cycles"
                  }
               ]
            },
            "label": "Late Fee",
            "controlLabel": null
         },
         {
            "seq": "1",
            "id": "AMBS-WAIVE-OVLM",
            "xrefField": "ARXWFI4Z-WAIVE-OVLM",
            "control": "Dropdown",
            "reqIndicator": "false",
            "maxChars": "1",
            "value": "0",
            "valueDesc": "Do not waive overlimit charges",
            "desc": "Indicates whether to waive the overlimit fee for the account.",
            "valueList": {
               "item": [
                  {
                     "code": "0",
                     "text": "Do not waive overlimit charges"
                  },
                  {
                     "code": "1",
                     "text": "Waive overlimit charges"
                  },
                  {
                     "code": "4",
                     "text": "Waive overlimit charges for current cycle"
                  },
                  {
                     "code": "5",
                     "text": "Waive overlimit charges for current cycle and next cycle"
                  },
                  {
                     "code": "6",
                     "text": "Waive overlimit charges for current cycle and next two cycles"
                  }
               ]
            },
            "label": "Overlimit Fee",
            "controlLabel": null,
            "defaultValue": "0"
         },
         {
            "seq": "1",
            "id": "AMBS-WAIVE-NSF-FEE-IND",
            "xrefField": "ARXWFI4Z-WAIVE-NSF-FEE-IND",
            "control": "Dropdown",
            "reqIndicator": "false",
            "maxChars": "1",
            "value": "0",
            "valueDesc": "Do not waive Returned Payment Fee fees if in A/R and waive if in P/L",
            "desc": "Indicates whether to waive nonsufficient funds (NSF) fees for returned checks.",
            "valueList": {
               "item": [
                  {
                     "code": "0",
                     "text": "Do not waive Returned Payment Fee fees if in A/R and waive if in P/L"
                  },
                  {
                     "code": "1",
                     "text": "Waive Returned Payment Fee fees in A/R and P/L"
                  },
                  {
                     "code": "2",
                     "text": "Do not waive Returned Payment Fee fees in A/R and P/L"
                  },
                  {
                     "code": "3",
                     "text": "Waive Returned Payment Fee fees in A/R but do not waive in P/L"
                  },
                  {
                     "code": "4",
                     "text": "Waive Returned Payment Fees in A/R and P/L for current cycle"
                  },
                  {
                     "code": "5",
                     "text": "Waive Returned Payment Fees in A/R and P/L for current cycle and next cycle"
                  },
                  {
                     "code": "6",
                     "text": "Waive Returned Payment Fees in A/R and P/L for current cycle and next two cycles"
                  }
               ]
            },
            "label": "Returned Payment Fee",
            "controlLabel": null,
            "defaultValue": "0"
         }
      ]
   }
}