{
  "vxRoot": {
    "xmlns": "http://com/fd/firstvision/vx/root",
    "targetNamespace": "http://visionx.firstdata.com/VISIONX/VISIONX.UI.RESPONSE.PAGE.V001",
    "header": {
      "process": {
        "id": "961",
        "name": "Suppress Interest",
        "functionName": "Suppress Interest Fees"
      },
      "page": {
        "id": "3020",
        "name": "Interest",
        "lastPage": "false",
        "type": "UPDATE",
        "pageDisplayName": "Interest"
      },
      "sessiontoken": "fzvRKwKdAM0ZYSz99CIB0BRf.CCTRAINING.W.01",
      "request": { "id": "005" },
      "currencyAttrib": {
        "currencyCode": { "text": "EUR" },
        "currencyNOD": { "text": "2" },
        "percentNOD": { "text": "7" },
        "peritemNOD": { "text": "3" },
        "currSymbol": { "text": "€" },
        "negativeFormat": { "text": "A" },
        "digitGroupSymbol": { "text": "." },
        "digitGroupNumber": { "text": "3" },
        "decimalSymbol": { "text": "," }
      }
    },
    "group": {
      "id": "5025",
      "field": {
        "seq": "1",
        "id": "AMBS-WAIVE-INTR-CHG",
        "xrefField": "ARXWFI4Z-WAIVE-INTR-CHG",
        "control": "Dropdown",
        "type": "Standard Text",
        "reqIndicator": "false",
        "maxChars": "1",
        "value": "0",
        "valueDesc": "Assess interest",
        "desc": "Indicates whether to waive interest for the account.",
        "valueList": {
          "item": [
            {
              "code": "0",
              "text": "Assess interest"
            },
            {
              "code": "1",
              "text": "Waive all interest"
            },
            {
              "code": "4",
              "text": "Waive interest for current cycle"
            },
            {
              "code": "5",
              "text": "Waive interest for current cycle and next cycle"
            },
            {
              "code": "6",
              "text": "Waive interest for current cycle and next two cycles"
            }
          ]
        },
        "label": "Waive Interest",
        "defaultValue": "0"
      }
    }
  }
}