{
   "targetNamespace": "http://visionx.firstdata.com/VISIONX/VISIONX.UI.RESPONSE.PAGE.V001",
   "header": {
      "process": {
         "id": "963",
         "name": "Suppress Misc Fees Function",
         "functionName": "Suppress Interest Fees"
      },
      "page": {
         "id": "3022",
         "name": "Fee Suppression",
         "lastPage": "false",
         "communicatorMsg": "Use the following options to suppress each of the different types of Misc Fees.",
         "pageDisplayName": "Fee Suppression"
      },
      "sessiontoken": "2m8eR5sH2cVLJ2hHf2ksnUIm.CCTRAINING.W.01",
      "request": {
         "id": "005"
      },
      "status": null,
      "currencyAttrib": {
         "currencyCode": "EUR",
         "currencyNOD": "2",
         "percentNOD": "7",
         "peritemNOD": "3",
         "currSymbol": "€",
         "negativeFormat": "A",
         "digitGroupSymbol": ".",
         "digitGroupNumber": "3",
         "decimalSymbol": ","
      }
   },
   "group": {
      "id": "5027",
      "name": "",
      "desc": "",
      "grouplink": "",
      "field": [
         {
            "seq": "1",
            "id": "AMBS-WAIVE-USER-FEE-1",
            "xrefField": "ARXWFI4Z-WAIVE-USER-FEE-1",
            "control": "checkBox",
            "reqIndicator": "false",
            "maxChars": "1",
            "value": "0",
            "valueDesc": "Don't waive",
            "desc": "Indicates whether to waive user fees 1 for the account.",
            "valueList": {
               "item": [
                  {
                     "code": "0",
                     "text": "Don't waive"
                  },
                  {
                     "code": "1",
                     "text": "Waive"
                  },
                  {
                     "code": "4",
                     "text": "Waive for one cycle"
                  },
                  {
                     "code": "5",
                     "text": "Waive for two cycles"
                  },
                  {
                     "code": "6",
                     "text": "Waive for three cycles"
                  }
               ]
            },
            "label": "User Fee 1",
            "controlLabel": null,
            "defaultValue": "0"
         },
         {
            "seq": "1",
            "id": "AMBS-WAIVE-USER-FEE-2",
            "xrefField": "ARXWFI4Z-WAIVE-USER-FEE-2",
            "control": "checkBox",
            "reqIndicator": "false",
            "maxChars": "1",
            "value": "0",
            "valueDesc": "Don't waive",
            "desc": "Indicates whether to waive user fees 2 for the account.",
            "valueList": {
               "item": [
                  {
                     "code": "0",
                     "text": "Don't waive"
                  },
                  {
                     "code": "1",
                     "text": "Waive"
                  },
                  {
                     "code": "4",
                     "text": "Waive for one cycle"
                  },
                  {
                     "code": "5",
                     "text": "Waive for two cycles"
                  },
                  {
                     "code": "6",
                     "text": "Waive for three cycles"
                  }
               ]
            },
            "label": "User Fee 2",
            "controlLabel": null,
            "defaultValue": "0"
         },
         {
            "seq": "1",
            "id": "AMBS-WAIVE-USER-FEE-3",
            "xrefField": "ARXWFI4Z-WAIVE-USER-FEE-3",
            "control": "checkBox",
            "reqIndicator": "false",
            "maxChars": "1",
            "value": "0",
            "valueDesc": "Don't waive",
            "desc": "Indicates whether to waive user fees 3 for the account.",
            "valueList": {
               "item": [
                  {
                     "code": "0",
                     "text": "Don't waive"
                  },
                  {
                     "code": "1",
                     "text": "Waive"
                  },
                  {
                     "code": "4",
                     "text": "Waive for one cycle"
                  },
                  {
                     "code": "5",
                     "text": "Waive for two cycles"
                  },
                  {
                     "code": "6",
                     "text": "Waive for three cycles"
                  }
               ]
            },
            "label": "User Fee 3",
            "controlLabel": null,
            "defaultValue": "0"
         },
         {
            "seq": "1",
            "id": "AMBS-WAIVE-USER-FEE-4",
            "xrefField": "ARXWFI4Z-WAIVE-USER-FEE-4",
            "control": "checkBox",
            "reqIndicator": "false",
            "maxChars": "1",
            "value": "0",
            "valueDesc": "Don't waive",
            "desc": "Indicates whether to waive user fees 4 for the account.",
            "valueList": {
               "item": [
                  {
                     "code": "0",
                     "text": "Don't waive"
                  },
                  {
                     "code": "1",
                     "text": "Waive"
                  },
                  {
                     "code": "4",
                     "text": "Waive for one cycle"
                  },
                  {
                     "code": "5",
                     "text": "Waive for two cycles"
                  },
                  {
                     "code": "6",
                     "text": "Waive for three cycles"
                  }
               ]
            },
            "label": "User Fee 4",
            "controlLabel": null,
            "defaultValue": "0"
         },
         {
            "seq": "1",
            "id": "AMBS-WAIVE-USER-FEE-5",
            "xrefField": "ARXWFI4Z-WAIVE-USER-FEE-5",
            "control": "checkBox",
            "reqIndicator": "false",
            "maxChars": "1",
            "value": "0",
            "valueDesc": "Don't waive",
            "desc": "Indicates whether to waive user fees 5 for the account.",
            "valueList": {
               "item": [
                  {
                     "code": "0",
                     "text": "Don't waive"
                  },
                  {
                     "code": "1",
                     "text": "Waive"
                  },
                  {
                     "code": "4",
                     "text": "Waive for one cycle"
                  },
                  {
                     "code": "5",
                     "text": "Waive for two cycles"
                  },
                  {
                     "code": "6",
                     "text": "Waive for three cycles"
                  }
               ]
            },
            "label": "User Fee 5",
            "controlLabel": null,
            "defaultValue": "0"
         },
         {
            "seq": "1",
            "id": "AMBS-WAIVE-USER-FEE-6",
            "xrefField": "ARXWFI4Z-WAIVE-USER-FEE-6",
            "control": "checkBox",
            "reqIndicator": "false",
            "maxChars": "1",
            "value": "0",
            "valueDesc": "Don't waive",
            "desc": "Indicates whether to waive user fees 6 for the account.",
            "valueList": {
               "item": [
                  {
                     "code": "0",
                     "text": "Don't waive"
                  },
                  {
                     "code": "1",
                     "text": "Waive"
                  },
                  {
                     "code": "4",
                     "text": "Waive for one cycle"
                  },
                  {
                     "code": "5",
                     "text": "Waive for two cycles"
                  },
                  {
                     "code": "6",
                     "text": "Waive for three cycles"
                  }
               ]
            },
            "label": "User Fee 6",
            "controlLabel": null,
            "defaultValue": "0"
         },
         {
            "seq": "1",
            "id": "AMBS-WAIVE-TAX-CALC",
            "xrefField": "ARXWFI4Z-WAIVE-TAX-CALC",
            "control": "checkBox",
            "reqIndicator": "false",
            "maxChars": "1",
            "value": "0",
            "desc": "This field waives tax calculations.",
            "label": "Tax",
            "controlLabel": null
         },
         {
            "seq": "1",
            "id": "AMBS-WAIVE-LTR-CHG",
            "xrefField": "ARXWFI4Z-WAIVE-LTR-CHG",
            "control": "Dropdown",
            "reqIndicator": "false",
            "maxChars": "1",
            "value": "0",
            "valueDesc": "Do not waive letter fees",
            "desc": "Indicates whether to waive the letter fee for the account",
            "valueList": {
               "item": [
                  {
                     "code": "0",
                     "text": "Do not waive letter fees"
                  },
                  {
                     "code": "1",
                     "text": "Waive letter fees"
                  },
                  {
                     "code": "4",
                     "text": "Waive letter fees for current cycle"
                  },
                  {
                     "code": "5",
                     "text": "Waive letter fees for current cycle and next cycle"
                  },
                  {
                     "code": "6",
                     "text": "Waive letter fees for current cycle and next two cycles"
                  }
               ]
            },
            "label": "Letter Fees",
            "controlLabel": null,
            "defaultValue": "0"
         }
      ]
   }
}