{
   "targetNamespace": "http://visionx.firstdata.com/VISIONX/VISIONX.UI.RESPONSE.PAGE.V001",
   "header": {
      "process": {
         "id": "965",
         "name": "Suppress Service Charges Function",
         "functionName": "Suppress Interest Fees"
      },
      "page": {
         "id": "3024",
         "name": "Fee Suppression",
         "lastPage": "false",
         "communicatorMsg": "Use the following options to suppress each of the different types of Service Charge Fees.",
         "pageDisplayName": "Fee Suppression"
      },
      "sessiontoken": "2m8eR5sH2cVLJ2hHf2ksnUIm.CCTRAINING.W.01",
      "request": {
         "id": "005"
      },
      "status": null,
      "currencyAttrib": {
         "currencyCode": "EUR",
         "currencyNOD": "2",
         "percentNOD": "7",
         "peritemNOD": "3",
         "currSymbol": "€",
         "negativeFormat": "A",
         "digitGroupSymbol": ".",
         "digitGroupNumber": "3",
         "decimalSymbol": ","
      }
   },
   "group": {
      "id": "5029",
      "name": "",
      "desc": "",
      "grouplink": "",
      "field": [
         {
            "seq": "1",
            "id": "AMBS-WAIVE-SVC-CHG(1)",
            "xrefField": "ARXWFI4Z-WAIVE-SVC-CHG(1)",
            "control": "Dropdown",
            "reqIndicator": "false",
            "maxChars": "1",
            "value": "0",
            "valueDesc": "Do not waive Service Charge (waive if in profit/loss)",
            "desc": "Indicates whether to waive service charges 1 to 10 for the account.",
            "valueList": {
               "item": [
                  {
                     "code": "0",
                     "text": "Do not waive Service Charge (waive if in profit/loss)"
                  },
                  {
                     "code": "1",
                     "text": "Waive Service Charge"
                  },
                  {
                     "code": "2",
                     "text": "Do not waive Service Charge (do not waive if in profit/loss)"
                  },
                  {
                     "code": "3",
                     "text": "Waive Service Charge (do not waive if in profit/loss)"
                  }
               ]
            },
            "label": "Service Charge 1",
            "controlLabel": null,
            "defaultValue": "0"
         },
         {
            "seq": "1",
            "id": "AMBS-WAIVE-SVC-CHG(2)",
            "xrefField": "ARXWFI4Z-WAIVE-SVC-CHG(2)",
            "control": "Dropdown",
            "reqIndicator": "false",
            "maxChars": "1",
            "value": "0",
            "valueDesc": "Do not waive Service Charge (waive if in profit/loss)",
            "desc": "Indicates whether to waive service charges 1 to 10 for the account.",
            "valueList": {
               "item": [
                  {
                     "code": "0",
                     "text": "Do not waive Service Charge (waive if in profit/loss)"
                  },
                  {
                     "code": "1",
                     "text": "Waive Service Charge"
                  },
                  {
                     "code": "2",
                     "text": "Do not waive Service Charge (do not waive if in profit/loss)"
                  },
                  {
                     "code": "3",
                     "text": "Waive Service Charge (do not waive if in profit/loss)"
                  }
               ]
            },
            "label": "Service Charge 2",
            "controlLabel": null,
            "defaultValue": "0"
         },
         {
            "seq": "1",
            "id": "AMBS-WAIVE-SVC-CHG(3)",
            "xrefField": "ARXWFI4Z-WAIVE-SVC-CHG(3)",
            "control": "Dropdown",
            "reqIndicator": "false",
            "maxChars": "1",
            "value": "0",
            "valueDesc": "Do not waive Service Charge (waive if in profit/loss)",
            "desc": "Indicates whether to waive service charges 1 to 10 for the account.",
            "valueList": {
               "item": [
                  {
                     "code": "0",
                     "text": "Do not waive Service Charge (waive if in profit/loss)"
                  },
                  {
                     "code": "1",
                     "text": "Waive Service Charge"
                  },
                  {
                     "code": "2",
                     "text": "Do not waive Service Charge (do not waive if in profit/loss)"
                  },
                  {
                     "code": "3",
                     "text": "Waive Service Charge (do not waive if in profit/loss)"
                  }
               ]
            },
            "label": "Service Charge 3",
            "controlLabel": null,
            "defaultValue": "0"
         },
         {
            "seq": "1",
            "id": "AMBS-WAIVE-SVC-CHG(4)",
            "xrefField": "ARXWFI4Z-WAIVE-SVC-CHG(4)",
            "control": "Dropdown",
            "reqIndicator": "false",
            "maxChars": "1",
            "value": "0",
            "valueDesc": "Do not waive Service Charge (waive if in profit/loss)",
            "desc": "Indicates whether to waive service charges 1 to 10 for the account.",
            "valueList": {
               "item": [
                  {
                     "code": "0",
                     "text": "Do not waive Service Charge (waive if in profit/loss)"
                  },
                  {
                     "code": "1",
                     "text": "Waive Service Charge"
                  },
                  {
                     "code": "2",
                     "text": "Do not waive Service Charge (do not waive if in profit/loss)"
                  },
                  {
                     "code": "3",
                     "text": "Waive Service Charge (do not waive if in profit/loss)"
                  }
               ]
            },
            "label": "Service Charge 4",
            "controlLabel": null,
            "defaultValue": "0"
         },
         {
            "seq": "1",
            "id": "AMBS-WAIVE-SVC-CHG(5)",
            "xrefField": "ARXWFI4Z-WAIVE-SVC-CHG(5)",
            "control": "Dropdown",
            "reqIndicator": "false",
            "maxChars": "1",
            "value": "0",
            "valueDesc": "Do not waive Service Charge (waive if in profit/loss)",
            "desc": "Indicates whether to waive service charges 1 to 10 for the account.",
            "valueList": {
               "item": [
                  {
                     "code": "0",
                     "text": "Do not waive Service Charge (waive if in profit/loss)"
                  },
                  {
                     "code": "1",
                     "text": "Waive Service Charge"
                  },
                  {
                     "code": "2",
                     "text": "Do not waive Service Charge (do not waive if in profit/loss)"
                  },
                  {
                     "code": "3",
                     "text": "Waive Service Charge (do not waive if in profit/loss)"
                  }
               ]
            },
            "label": "Service Charge 5",
            "controlLabel": null,
            "defaultValue": "0"
         },
         {
            "seq": "1",
            "id": "AMBS-WAIVE-SVC-CHG(6)",
            "xrefField": "ARXWFI4Z-WAIVE-SVC-CHG(6)",
            "control": "Dropdown",
            "reqIndicator": "false",
            "maxChars": "1",
            "value": "0",
            "valueDesc": "Do not waive Service Charge (waive if in profit/loss)",
            "desc": "Indicates whether to waive service charges 1 to 10 for the account.",
            "valueList": {
               "item": [
                  {
                     "code": "0",
                     "text": "Do not waive Service Charge (waive if in profit/loss)"
                  },
                  {
                     "code": "1",
                     "text": "Waive Service Charge"
                  },
                  {
                     "code": "2",
                     "text": "Do not waive Service Charge (do not waive if in profit/loss)"
                  },
                  {
                     "code": "3",
                     "text": "Waive Service Charge (do not waive if in profit/loss)"
                  }
               ]
            },
            "label": "Service Charge 6",
            "controlLabel": null,
            "defaultValue": "0"
         },
         {
            "seq": "1",
            "id": "AMBS-WAIVE-SVC-CHG(7)",
            "xrefField": "ARXWFI4Z-WAIVE-SVC-CHG(7)",
            "control": "Dropdown",
            "reqIndicator": "false",
            "maxChars": "1",
            "value": "0",
            "valueDesc": "Do not waive Service Charge (waive if in profit/loss)",
            "desc": "Indicates whether to waive service charges 1 to 10 for the account.",
            "valueList": {
               "item": [
                  {
                     "code": "0",
                     "text": "Do not waive Service Charge (waive if in profit/loss)"
                  },
                  {
                     "code": "1",
                     "text": "Waive Service Charge"
                  },
                  {
                     "code": "2",
                     "text": "Do not waive Service Charge (do not waive if in profit/loss)"
                  },
                  {
                     "code": "3",
                     "text": "Waive Service Charge (do not waive if in profit/loss)"
                  }
               ]
            },
            "label": "Service Charge 7",
            "controlLabel": null,
            "defaultValue": "0"
         },
         {
            "seq": "1",
            "id": "AMBS-WAIVE-SVC-CHG(8)",
            "xrefField": "ARXWFI4Z-WAIVE-SVC-CHG(8)",
            "control": "Dropdown",
            "reqIndicator": "false",
            "maxChars": "1",
            "value": "0",
            "valueDesc": "Do not waive Service Charge (waive if in profit/loss)",
            "desc": "Indicates whether to waive service charges 1 to 10 for the account.",
            "valueList": {
               "item": [
                  {
                     "code": "0",
                     "text": "Do not waive Service Charge (waive if in profit/loss)"
                  },
                  {
                     "code": "1",
                     "text": "Waive Service Charge"
                  },
                  {
                     "code": "2",
                     "text": "Do not waive Service Charge (do not waive if in profit/loss)"
                  },
                  {
                     "code": "3",
                     "text": "Waive Service Charge (do not waive if in profit/loss)"
                  }
               ]
            },
            "label": "Service Charge 8",
            "controlLabel": null,
            "defaultValue": "0"
         },
         {
            "seq": "1",
            "id": "AMBS-WAIVE-SVC-CHG(9)",
            "xrefField": "ARXWFI4Z-WAIVE-SVC-CHG(9)",
            "control": "Dropdown",
            "reqIndicator": "false",
            "maxChars": "1",
            "value": "0",
            "valueDesc": "Do not waive Service Charge (waive if in profit/loss)",
            "desc": "Indicates whether to waive service charges 1 to 10 for the account.",
            "valueList": {
               "item": [
                  {
                     "code": "0",
                     "text": "Do not waive Service Charge (waive if in profit/loss)"
                  },
                  {
                     "code": "1",
                     "text": "Waive Service Charge"
                  },
                  {
                     "code": "2",
                     "text": "Do not waive Service Charge (do not waive if in profit/loss)"
                  },
                  {
                     "code": "3",
                     "text": "Waive Service Charge (do not waive if in profit/loss)"
                  }
               ]
            },
            "label": "Service Charge 9",
            "controlLabel": null,
            "defaultValue": "0"
         },
         {
            "seq": "1",
            "id": "AMBS-WAIVE-SVC-CHG(10)",
            "xrefField": "ARXWFI4Z-WAIVE-SVC-CHG(10)",
            "control": "Dropdown",
            "reqIndicator": "false",
            "maxChars": "1",
            "value": "0",
            "valueDesc": "Do not waive Service Charge (waive if in profit/loss)",
            "desc": "Indicates whether to waive service charges 1 to 10 for the account.",
            "valueList": {
               "item": [
                  {
                     "code": "0",
                     "text": "Do not waive Service Charge (waive if in profit/loss)"
                  },
                  {
                     "code": "1",
                     "text": "Waive Service Charge"
                  },
                  {
                     "code": "2",
                     "text": "Do not waive Service Charge (do not waive if in profit/loss)"
                  },
                  {
                     "code": "3",
                     "text": "Waive Service Charge (do not waive if in profit/loss)"
                  }
               ]
            },
            "label": "Service Charge 10",
            "controlLabel": null,
            "defaultValue": "0"
         },
         {
            "seq": "1",
            "id": "AMBS-WAIVE-SVC-CHG(11)",
            "xrefField": "ARXWFI4Z-WAIVE-SVC-CHG(11)",
            "control": "Dropdown",
            "reqIndicator": "false",
            "maxChars": "1",
            "value": "0",
            "valueDesc": "Do not waive Service Charge (waive if in profit/loss)",
            "desc": "Indicates whether to waive service charges 1 to 10 for the account.",
            "valueList": {
               "item": [
                  {
                     "code": "0",
                     "text": "Do not waive Service Charge (waive if in profit/loss)"
                  },
                  {
                     "code": "1",
                     "text": "Waive Service Charge"
                  },
                  {
                     "code": "2",
                     "text": "Do not waive Service Charge (do not waive if in profit/loss)"
                  },
                  {
                     "code": "3",
                     "text": "Waive Service Charge (do not waive if in profit/loss)"
                  }
               ]
            },
            "label": "Service Charge 11",
            "controlLabel": null,
            "defaultValue": "0"
         },
         {
            "seq": "1",
            "id": "AMBS-WAIVE-SVC-CHG(12)",
            "xrefField": "ARXWFI4Z-WAIVE-SVC-CHG(12)",
            "control": "Dropdown",
            "reqIndicator": "false",
            "maxChars": "1",
            "value": "0",
            "valueDesc": "Do not waive Service Charge (waive if in profit/loss)",
            "desc": "Indicates whether to waive service charges 1 to 10 for the account.",
            "valueList": {
               "item": [
                  {
                     "code": "0",
                     "text": "Do not waive Service Charge (waive if in profit/loss)"
                  },
                  {
                     "code": "1",
                     "text": "Waive Service Charge"
                  },
                  {
                     "code": "2",
                     "text": "Do not waive Service Charge (do not waive if in profit/loss)"
                  },
                  {
                     "code": "3",
                     "text": "Waive Service Charge (do not waive if in profit/loss)"
                  }
               ]
            },
            "label": "Service Charge 12",
            "controlLabel": null,
            "defaultValue": "0"
         },
         {
            "seq": "1",
            "id": "AMBS-WAIVE-SVC-CHG(13)",
            "xrefField": "ARXWFI4Z-WAIVE-SVC-CHG(13)",
            "control": "Dropdown",
            "reqIndicator": "false",
            "maxChars": "1",
            "value": "0",
            "valueDesc": "Do not waive Service Charge (waive if in profit/loss)",
            "desc": "Indicates whether to waive service charges 1 to 10 for the account.",
            "valueList": {
               "item": [
                  {
                     "code": "0",
                     "text": "Do not waive Service Charge (waive if in profit/loss)"
                  },
                  {
                     "code": "1",
                     "text": "Waive Service Charge"
                  },
                  {
                     "code": "2",
                     "text": "Do not waive Service Charge (do not waive if in profit/loss)"
                  },
                  {
                     "code": "3",
                     "text": "Waive Service Charge (do not waive if in profit/loss)"
                  }
               ]
            },
            "label": "Service Charge 13",
            "controlLabel": null,
            "defaultValue": "0"
         },
         {
            "seq": "1",
            "id": "AMBS-WAIVE-SVC-CHG(14)",
            "xrefField": "ARXWFI4Z-WAIVE-SVC-CHG(14)",
            "control": "Dropdown",
            "reqIndicator": "false",
            "maxChars": "1",
            "value": "0",
            "valueDesc": "Do not waive Service Charge (waive if in profit/loss)",
            "desc": "Indicates whether to waive service charges 1 to 10 for the account.",
            "valueList": {
               "item": [
                  {
                     "code": "0",
                     "text": "Do not waive Service Charge (waive if in profit/loss)"
                  },
                  {
                     "code": "1",
                     "text": "Waive Service Charge"
                  },
                  {
                     "code": "2",
                     "text": "Do not waive Service Charge (do not waive if in profit/loss)"
                  },
                  {
                     "code": "3",
                     "text": "Waive Service Charge (do not waive if in profit/loss)"
                  }
               ]
            },
            "label": "Service Charge 14",
            "controlLabel": null,
            "defaultValue": "0"
         },
         {
            "seq": "1",
            "id": "AMBS-WAIVE-SVC-CHG(15)",
            "xrefField": "ARXWFI4Z-WAIVE-SVC-CHG(15)",
            "control": "Dropdown",
            "reqIndicator": "false",
            "maxChars": "1",
            "value": "0",
            "valueDesc": "Do not waive Service Charge (waive if in profit/loss)",
            "desc": "Indicates whether to waive service charges 1 to 10 for the account.",
            "valueList": {
               "item": [
                  {
                     "code": "0",
                     "text": "Do not waive Service Charge (waive if in profit/loss)"
                  },
                  {
                     "code": "1",
                     "text": "Waive Service Charge"
                  },
                  {
                     "code": "2",
                     "text": "Do not waive Service Charge (do not waive if in profit/loss)"
                  },
                  {
                     "code": "3",
                     "text": "Waive Service Charge (do not waive if in profit/loss)"
                  }
               ]
            },
            "label": "Service Charge 15",
            "controlLabel": null,
            "defaultValue": "0"
         },
         {
            "seq": "1",
            "id": "AMBS-WAIVE-SVC-CHG(16)",
            "xrefField": "ARXWFI4Z-WAIVE-SVC-CHG(16)",
            "control": "Dropdown",
            "reqIndicator": "false",
            "maxChars": "1",
            "value": "0",
            "valueDesc": "Do not waive Service Charge (waive if in profit/loss)",
            "desc": "Indicates whether to waive service charges 1 to 10 for the account.",
            "valueList": {
               "item": [
                  {
                     "code": "0",
                     "text": "Do not waive Service Charge (waive if in profit/loss)"
                  },
                  {
                     "code": "1",
                     "text": "Waive Service Charge"
                  },
                  {
                     "code": "2",
                     "text": "Do not waive Service Charge (do not waive if in profit/loss)"
                  },
                  {
                     "code": "3",
                     "text": "Waive Service Charge (do not waive if in profit/loss)"
                  }
               ]
            },
            "label": "Service Charge 16",
            "controlLabel": null,
            "defaultValue": "0"
         },
         {
            "seq": "1",
            "id": "AMBS-WAIVE-SVC-CHG(17)",
            "xrefField": "ARXWFI4Z-WAIVE-SVC-CHG(17)",
            "control": "Dropdown",
            "reqIndicator": "false",
            "maxChars": "1",
            "value": "0",
            "valueDesc": "Do not waive Service Charge (waive if in profit/loss)",
            "desc": "Indicates whether to waive service charges 1 to 10 for the account.",
            "valueList": {
               "item": [
                  {
                     "code": "0",
                     "text": "Do not waive Service Charge (waive if in profit/loss)"
                  },
                  {
                     "code": "1",
                     "text": "Waive Service Charge"
                  },
                  {
                     "code": "2",
                     "text": "Do not waive Service Charge (do not waive if in profit/loss)"
                  },
                  {
                     "code": "3",
                     "text": "Waive Service Charge (do not waive if in profit/loss)"
                  }
               ]
            },
            "label": "Service Charge 17",
            "controlLabel": null,
            "defaultValue": "0"
         },
         {
            "seq": "1",
            "id": "AMBS-WAIVE-SVC-CHG(18)",
            "xrefField": "ARXWFI4Z-WAIVE-SVC-CHG(18)",
            "control": "Dropdown",
            "reqIndicator": "false",
            "maxChars": "1",
            "value": "0",
            "valueDesc": "Do not waive Service Charge (waive if in profit/loss)",
            "desc": "Indicates whether to waive service charges 1 to 10 for the account.",
            "valueList": {
               "item": [
                  {
                     "code": "0",
                     "text": "Do not waive Service Charge (waive if in profit/loss)"
                  },
                  {
                     "code": "1",
                     "text": "Waive Service Charge"
                  },
                  {
                     "code": "2",
                     "text": "Do not waive Service Charge (do not waive if in profit/loss)"
                  },
                  {
                     "code": "3",
                     "text": "Waive Service Charge (do not waive if in profit/loss)"
                  }
               ]
            },
            "label": "Service Charge 18",
            "controlLabel": null,
            "defaultValue": "0"
         },
         {
            "seq": "1",
            "id": "AMBS-WAIVE-SVC-CHG(19)",
            "xrefField": "ARXWFI4Z-WAIVE-SVC-CHG(19)",
            "control": "Dropdown",
            "reqIndicator": "false",
            "maxChars": "1",
            "value": "0",
            "valueDesc": "Do not waive Service Charge (waive if in profit/loss)",
            "desc": "Indicates whether to waive service charges 1 to 10 for the account.",
            "valueList": {
               "item": [
                  {
                     "code": "0",
                     "text": "Do not waive Service Charge (waive if in profit/loss)"
                  },
                  {
                     "code": "1",
                     "text": "Waive Service Charge"
                  },
                  {
                     "code": "2",
                     "text": "Do not waive Service Charge (do not waive if in profit/loss)"
                  },
                  {
                     "code": "3",
                     "text": "Waive Service Charge (do not waive if in profit/loss)"
                  }
               ]
            },
            "label": "Service Charge 19",
            "controlLabel": null,
            "defaultValue": "0"
         },
         {
            "seq": "1",
            "id": "AMBS-WAIVE-SVC-CHG(20)",
            "xrefField": "ARXWFI4Z-WAIVE-SVC-CHG(20)",
            "control": "Dropdown",
            "reqIndicator": "false",
            "maxChars": "1",
            "value": "0",
            "valueDesc": "Do not waive Service Charge (waive if in profit/loss)",
            "desc": "Indicates whether to waive service charges 1 to 10 for the account.",
            "valueList": {
               "item": [
                  {
                     "code": "0",
                     "text": "Do not waive Service Charge (waive if in profit/loss)"
                  },
                  {
                     "code": "1",
                     "text": "Waive Service Charge"
                  },
                  {
                     "code": "2",
                     "text": "Do not waive Service Charge (do not waive if in profit/loss)"
                  },
                  {
                     "code": "3",
                     "text": "Waive Service Charge (do not waive if in profit/loss)"
                  }
               ]
            },
            "label": "Service Charge 20",
            "controlLabel": null,
            "defaultValue": "0"
         },
         {
            "seq": "1",
            "id": "AMBS-WAIVE-SVC-CHG(21)",
            "xrefField": "ARXWFI4Z-WAIVE-SVC-CHG(21)",
            "control": "Dropdown",
            "reqIndicator": "false",
            "maxChars": "1",
            "value": "0",
            "valueDesc": "Do not waive Service Charge (waive if in profit/loss)",
            "desc": "Indicates whether to waive service charges 1 to 10 for the account.",
            "valueList": {
               "item": [
                  {
                     "code": "0",
                     "text": "Do not waive Service Charge (waive if in profit/loss)"
                  },
                  {
                     "code": "1",
                     "text": "Waive Service Charge"
                  },
                  {
                     "code": "2",
                     "text": "Do not waive Service Charge (do not waive if in profit/loss)"
                  },
                  {
                     "code": "3",
                     "text": "Waive Service Charge (do not waive if in profit/loss)"
                  }
               ]
            },
            "label": "Service Charge 21",
            "controlLabel": null,
            "defaultValue": "0"
         },
         {
            "seq": "1",
            "id": "AMBS-WAIVE-SVC-CHG(22)",
            "xrefField": "ARXWFI4Z-WAIVE-SVC-CHG(22)",
            "control": "Dropdown",
            "reqIndicator": "false",
            "maxChars": "1",
            "value": "0",
            "valueDesc": "Do not waive Service Charge (waive if in profit/loss)",
            "desc": "Indicates whether to waive service charges 1 to 10 for the account.",
            "valueList": {
               "item": [
                  {
                     "code": "0",
                     "text": "Do not waive Service Charge (waive if in profit/loss)"
                  },
                  {
                     "code": "1",
                     "text": "Waive Service Charge"
                  },
                  {
                     "code": "2",
                     "text": "Do not waive Service Charge (do not waive if in profit/loss)"
                  },
                  {
                     "code": "3",
                     "text": "Waive Service Charge (do not waive if in profit/loss)"
                  }
               ]
            },
            "label": "Service Charge 22",
            "controlLabel": null,
            "defaultValue": "0"
         },
         {
            "seq": "1",
            "id": "AMBS-WAIVE-SVC-CHG(23)",
            "xrefField": "ARXWFI4Z-WAIVE-SVC-CHG(23)",
            "control": "Dropdown",
            "reqIndicator": "false",
            "maxChars": "1",
            "value": "0",
            "valueDesc": "Do not waive Service Charge (waive if in profit/loss)",
            "desc": "Indicates whether to waive service charges 1 to 10 for the account.",
            "valueList": {
               "item": [
                  {
                     "code": "0",
                     "text": "Do not waive Service Charge (waive if in profit/loss)"
                  },
                  {
                     "code": "1",
                     "text": "Waive Service Charge"
                  },
                  {
                     "code": "2",
                     "text": "Do not waive Service Charge (do not waive if in profit/loss)"
                  },
                  {
                     "code": "3",
                     "text": "Waive Service Charge (do not waive if in profit/loss)"
                  }
               ]
            },
            "label": "Service Charge 23",
            "controlLabel": null,
            "defaultValue": "0"
         },
         {
            "seq": "1",
            "id": "AMBS-WAIVE-SVC-CHG(24)",
            "xrefField": "ARXWFI4Z-WAIVE-SVC-CHG(24)",
            "control": "Dropdown",
            "reqIndicator": "false",
            "maxChars": "1",
            "value": "0",
            "valueDesc": "Do not waive Service Charge (waive if in profit/loss)",
            "desc": "Indicates whether to waive service charges 1 to 10 for the account.",
            "valueList": {
               "item": [
                  {
                     "code": "0",
                     "text": "Do not waive Service Charge (waive if in profit/loss)"
                  },
                  {
                     "code": "1",
                     "text": "Waive Service Charge"
                  },
                  {
                     "code": "2",
                     "text": "Do not waive Service Charge (do not waive if in profit/loss)"
                  },
                  {
                     "code": "3",
                     "text": "Waive Service Charge (do not waive if in profit/loss)"
                  }
               ]
            },
            "label": "Service Charge 24",
            "controlLabel": null,
            "defaultValue": "0"
         },
         {
            "seq": "1",
            "id": "AMBS-WAIVE-SVC-CHG(25)",
            "xrefField": "ARXWFI4Z-WAIVE-SVC-CHG(25)",
            "control": "Dropdown",
            "reqIndicator": "false",
            "maxChars": "1",
            "value": "0",
            "valueDesc": "Do not waive Service Charge (waive if in profit/loss)",
            "desc": "Indicates whether to waive service charges 1 to 10 for the account.",
            "valueList": {
               "item": [
                  {
                     "code": "0",
                     "text": "Do not waive Service Charge (waive if in profit/loss)"
                  },
                  {
                     "code": "1",
                     "text": "Waive Service Charge"
                  },
                  {
                     "code": "2",
                     "text": "Do not waive Service Charge (do not waive if in profit/loss)"
                  },
                  {
                     "code": "3",
                     "text": "Waive Service Charge (do not waive if in profit/loss)"
                  }
               ]
            },
            "label": "Service Charge 25",
            "controlLabel": null,
            "defaultValue": "0"
         }
      ]
   }
}