{
    "vxRoot": {
      "-xmlns": "http://com/fd/firstvision/vx/root",
      "-xmlns:xsi": "http://www.w3.org/2001/XMLSchema-instance",
      "-targetNamespace": "http://visionx.firstdata.com/VISIONX/VISIONX.UI.RESPONSE.PAGE.V001",
      "header": {
        "process": {
          "-id": "61",
          "-name": "Notes and History Inquiry"
        },
        "page": {
          "-id": "2221",
          "-name": "Notes and History Inquiry",
          "-lastPage": "false",
          "-type": "INQUIRY",
          "-pageDisplayName": "Notes and History Inquiry"
        },
        "sessiontoken": "5VsKy+B4wLOmevk43EvOx3Lj.CCTRAINING.W.01",
        "request": { "-id": "005" },
        "status": {
          "-type": "Info",
          "error": {
            "-code": "VPL8SNH27W",
            "message": { "#text": "There are HIGH Priority Notes on this Account                                  " }
          }
        },
        "currencyAttrib": {
          "currencyCode": { "#text": "EUR" },
          "currencyNOD": { "#text": "2" },
          "percentNOD": { "#text": "7" },
          "peritemNOD": { "#text": "3" },
          "currSymbol": { "#text": "€" },
          "negativeFormat": { "#text": "A" },
          "digitGroupSymbol": { "#text": "." },
          "digitGroupNumber": { "#text": "3" },
          "decimalSymbol": { "#text": "," }
        }
      },
      "group": [
        {
          "-id": "3813",
          "-name": "Group 1",
          "-desc": "Group 1",
          "rows": {
            "-hasMore": "false",
            "row": [
              {
                "DateTime":"09/12/2016",
                "Priority":"None",
                "Topic":"MODIFY CDHLDR DETAILS",
                "Note":"Case Number:14451139125",
                "Status":"Closed"
              } 
            ]
          }
        },
        {
          "-id": "3814",
          "-name": "Group 2",
          "-desc": "Group 2",
          "rows": {
            "-hasMore": "false",
            "row": {
              "field": [
                {
                  "-seq": "1",
                  "-id": "ASXNHO-PRIORITY-INDICATOR",
                  "value": "3"
                },
                {
                  "-seq": "1",
                  "-id": "ASXNHO-MORE-DATA-FLAG",
                  "value": "1"
                }
              ]
            }
          }
        }
      ]
    }
  }