{
    "vxRoot": {
      "-xmlns": "http://com/fd/firstvision/vx/root",
      "-xmlns:xsi": "http://www.w3.org/2001/XMLSchema-instance",
      "-targetNamespace": "http://visionx.firstdata.com/VISIONX/VISIONX.UI.RESPONSE.PAGE.V001",
      "header": {
        "process": {
          "-id": "825",
          "-name": "Queue Manager Function"
        },
        "page": {
          "-id": "3587",
          "-name": "Queue Item List",
          "-lastPage": "false",
          "-type": "INQUIRY",
          "-pageDisplayName": "Queue Item List"
        },
        "sessiontoken": "5VsKy+B4wLOmevk43EvOx3Lj.CCTRAINING.W.01",
        "request": { "-id": "005" },
        "currencyAttrib": {
          "currencyCode": { "#text": "EUR" },
          "currencyNOD": { "#text": "2" },
          "percentNOD": { "#text": "7" },
          "peritemNOD": { "#text": "3" },
          "currSymbol": {
            
          },
          "negativeFormat": { "#text": "A" },
          "digitGroupSymbol": { "#text": "," },
          "digitGroupNumber": { "#text": "3" },
          "decimalSymbol": { "#text": "." }
        }
      },
      "group": [
        {
          "-id": "5982",
          "-name": "Queue Item List",
          "rows": {
            "-hasMore": "false",
            "row": [
              {
                "Product": "VISA CLASSIC CREDIT",
                "ReviewDate": "",
                "AccountNo": 4230005140131445,
                "DateTime": "18/09/2014",
                "Amount": 0,
                "Action": "EMAIL ADDR CHANGE",
                "Status": "WORKED"
            },
            {
                "Product": "VISA CLASSIC CREDIT",
                "ReviewDate": "",
                "AccountNo": 5260005140131445,
                "DateTime": "22/09/2014",
                "Amount": 0,
                "Action": "EMAIL ADDR CHANGE",
                "Status": "WORKED"
            },
            {
                "Product": "VISA CLASSIC CREDIT",
                "ReviewDate": "",
                "AccountNo": 5260005140131446,
                "DateTime": "24/09/2016",
                "Amount": 0.0,
                "Action": "AMEND DIRECT DEBIT",
                "Status": "WORKED"
            }
            ]
          }
        },
        {
          "-id": "5983",
          "rows": {
            "-hasMore": "false",
            "row": {
              "field": {
                "-seq": "1",
                "-id": "ASXQMO-REP-ID",
                "value": "H37"
              }
            }
          }
        }
      ]
    }
  }