{
  "targetNamespace": "http://visionx.firstdata.com/VISIONX/VISIONX.UI.RESPONSE.PAGE.V001",
  "header": {
     "process": {
        "id": "564",
        "name": "Verification Base Segment Questions",
        "functionName": "Verification Base Segment Questions"
     },
     "page": {
        "id": "2611",
        "name": "Additional Validation Data",
        "lastPage": "false",
        "communicatorMsg": "",
        "pageDisplayName": "Additional Validation Data"
     },
     "sessiontoken": {
        "text": "e96013516711e95f7398afa2a915"
     },
     "request": {
        "id": "005"
     },
     "status": null,
     "currencyAttrib": {
        "currencyCode": "GBP",
        "currencyNOD": "2",
        "percentNOD": "7",
        "peritemNOD": "3",
        "currSymbol": "£",
        "negativeFormat": "A",
        "digitGroupSymbol": ",",
        "digitGroupNumber": "3",
        "decimalSymbol": "."
     }
  },
  "group": {
     "id": "4407",
     "name": "",
     "desc": "",
     "grouplink": "",
     "field": [
        {
           "seq": "1",
           "id": "AMBS-CRLIM",
           "help": "account_folder/overview_tab/arxaoo-crlim",
           "control": "Label",
           "reqIndicator": "false",
           "maxChars": "17",
           "value": {
              "text": "100000"
           },
           "label": {
              "text": "Credit Limit"
           },
           "controlLabel": null
        },
        {
           "seq": "1",
           "id": "AMBS-DATE-OPENED",
           "control": "Label",
           "reqIndicator": "false",
           "maxChars": "7",
           "value": {
              "text": "2006362"
           },
           "desc": {
              "text": "Date on which the account was opened. The date entered that is earlier than todays processing date (backdate).  However, the date entered that is later than todays processing date (future-date)."
           },
           "label": {
              "text": "Account Opened"
           },
           "controlLabel": null
        },
        {
           "seq": "1",
           "id": "AMNA-HOME-PHONE(1)",
           "control": "Label",
           "reqIndicator": "false",
           "maxChars": "20",
           "value": {
              "text": "01637859927"
           },
           "desc": {
              "text": "The home telephone number of the individual on file."
           },
           "label": {
              "text": "Home Phone"
           },
           "controlLabel": null
        },
        {
           "seq": "1",
           "id": "AMNA-MIDDLE-NAME(1)",
           "control": "Label",
           "reqIndicator": "false",
           "maxChars": "40",
           "value": null,
           "desc": {
              "text": "Indicates the middle name of the individual on file for the account."
           },
           "label": {
              "text": "Middle Name"
           },
           "controlLabel": null
        },
        {
           "seq": "1",
           "id": "AMNA-EMPLOYER(1)",
           "control": "Label",
           "reqIndicator": "false",
           "maxChars": "40",
           "value": null,
           "desc": {
              "text": "The name of the company or persons that employ the individual on file."
           },
           "label": {
              "text": "Employer"
           },
           "controlLabel": null
        },
        {
           "seq": "1",
           "id": "AMNA-EMAIL(1)",
           "help": "functions/amna-email",
           "control": "Label",
           "reqIndicator": "false",
           "maxChars": "60",
           "value": {
              "text": "TEST_EMAIL@TEST.COM"
           },
           "desc": {
              "text": "E-mail address for the individual on file."
           },
           "label": {
              "text": "Email"
           },
           "controlLabel": null,
           "subordinates": {
              "subordinate": {
                 "id": "AMNA-EMAIL(1)"
              }
           }
        },
        {
           "seq": "1",
           "id": "AMNA-DATE-LAST-ADDR-CHANGE",
           "control": "Label",
           "reqIndicator": "false",
           "maxChars": "7",
           "value": {
              "text": "2010251"
           },
           "desc": {
              "text": "Date of last address change."
           },
           "label": {
              "text": "Date Last Address Change"
           },
           "controlLabel": null
        },
        {
           "seq": "1",
           "id": "AMNA-SSAN(1)",
           "control": "Label",
           "reqIndicator": "false",
           "maxChars": "25",
           "value": null,
           "desc": {
              "text": "The social security number or tax identification number."
           },
           "label": {
              "text": "Identification Number"
           },
           "controlLabel": null
        },
        {
           "seq": "1",
           "id": "AMBS-AUTH-OTB-MSG-IND",
           "control": "Hidden",
           "reqIndicator": "false",
           "maxChars": "1",
           "value": {
              "text": "0"
           },
           "valueDesc": {
              "text": "Inactive"
           },
           "valueList": {
              "item": [
                 {
                    "code": "0",
                    "text": "Inactive"
                 },
                 {
                    "code": "1",
                    "text": "Active"
                 }
              ]
           },
           "label": {
              "text": "OTB Message Indicator"
           },
           "controlLabel": null,
           "subordinates": {
              "subordinate": {
                 "id": "AMBS-AUTH-OTB-MSG-IND"
              }
           }
        },
        {
           "seq": "1",
           "id": "AMCR-LB-AUTH-OTB-MSG-IND",
           "control": "Hidden",
           "reqIndicator": "false",
           "maxChars": "1",
           "value": {
              "text": "0"
           },
           "valueDesc": {
              "text": "Inactive"
           },
           "desc": {
              "text": "Indicates how the electronic notification feature is used for this parameter."
           },
           "valueList": {
              "item": [
                 {
                    "code": "0",
                    "text": "Inactive"
                 },
                 {
                    "code": "2",
                    "text": "Automatic"
                 },
                 {
                    "code": "1",
                    "text": "Manual"
                 }
              ]
           },
           "label": {
              "text": "Auth Threshold Electronic Corr"
           },
           "controlLabel": null,
           "defaultValue": {
              "text": "0"
           }
        },
        {
           "seq": "1",
           "id": "AMBS-NBR-PLANS",
           "control": "Hidden",
           "reqIndicator": "false",
           "maxChars": "5",
           "value": {
              "text": "18"
           },
           "desc": {
              "text": "Number of credit plans associated with this account."
           },
           "label": {
              "text": "Number of Credit Plans"
           },
           "controlLabel": null
        },
        {
           "seq": "1",
           "id": "AMBS-DATE-NEXT-STMT",
           "control": "Hidden",
           "reqIndicator": "false",
           "maxChars": "7",
           "value": {
              "text": "2023060"
           },
           "desc": {
              "text": "Date on which the next statement is due to be generated for the account. This date is system-generated."
           },
           "label": {
              "text": "Next Statement Date"
           },
           "controlLabel": null
        },
        {
           "seq": "1",
           "id": "AMBS-NBR-LOAN-PLANS",
           "control": "Hidden",
           "reqIndicator": "false",
           "maxChars": "2",
           "value": {
              "text": "0"
           },
           "controlLabel": null
        },
        {
           "seq": "1",
           "id": "AMBS-REL-NBR",
           "control": "Hidden",
           "reqIndicator": "false",
           "maxChars": "19",
           "value": null,
           "desc": {
              "text": "Identifies the Relationship record to which this subordinate account is assigned."
           },
           "label": {
              "text": "Relationship Number"
           },
           "controlLabel": null
        },
        {
           "seq": "1",
           "id": "AMBS-REL-PRIM-ACCT-FLAG",
           "control": "Hidden",
           "reqIndicator": "false",
           "maxChars": "1",
           "value": null,
           "label": {
              "text": "Primary Account Flag"
           },
           "controlLabel": null
        },
        {
           "seq": "1",
           "id": "AMBS-COMMRCL-FLAG",
           "control": "Hidden",
           "reqIndicator": "false",
           "maxChars": "1",
           "value": {
              "text": "0"
           },
           "valueDesc": {
              "text": "Not a commercial card relationship"
           },
           "desc": {
              "text": "Indicates whether this is a commercial card relationship."
           },
           "valueList": {
              "item": [
                 {
                    "code": "0",
                    "text": "Not a commercial card relationship"
                 },
                 {
                    "code": "1",
                    "text": "Visa corporate card relationship"
                 },
                 {
                    "code": "2",
                    "text": "Visa purchasing card relationship"
                 },
                 {
                    "code": "3",
                    "text": "HCS commercial card relationship"
                 }
              ]
           },
           "label": {
              "text": "Commercial Flag"
           },
           "controlLabel": null,
           "defaultValue": {
              "text": "0"
           }
        },
        {
           "seq": "1",
           "id": "AMBS-ACCT-TYPE",
           "control": "Hidden",
           "reqIndicator": "false",
           "maxChars": "1",
           "value": {
              "text": "D"
           },
           "desc": {
              "text": "Indicates whether the account being added is a transaction (cardholder), billing, control, or diversion account."
           },
           "label": {
              "text": "Account Type"
           },
           "controlLabel": null
        },
        {
           "seq": "1",
           "id": "AMBS-PREPAID-TYPE",
           "control": "Hidden",
           "reqIndicator": "false",
           "maxChars": "1",
           "value": {
              "text": "0"
           },
           "label": {
              "text": "Prepaid Type"
           },
           "controlLabel": null
        },
        {
           "seq": "1",
           "id": "AMBS-AUTO-RLD-ACT-IND",
           "control": "Hidden",
           "reqIndicator": "false",
           "maxChars": "1",
           "value": {
              "text": "0"
           },
           "valueDesc": {
              "text": "False"
           },
           "desc": {
              "text": "indicates whether the automatic reload option is active for this account."
           },
           "valueList": {
              "item": [
                 {
                    "code": "0",
                    "text": "False"
                 },
                 {
                    "code": "1",
                    "text": "True"
                 }
              ]
           },
           "label": {
              "text": "Automatic Reload Active?"
           },
           "controlLabel": null,
           "defaultValue": {
              "text": "0"
           }
        },
        {
           "seq": "1",
           "id": "AMBS-PREPAID-FLAG",
           "help": "account_folder/overview_tab/ambs-prepaid-flag",
           "control": "Hidden",
           "reqIndicator": "false",
           "maxChars": "1",
           "value": {
              "text": "0"
           },
           "valueDesc": null,
           "desc": {
              "text": "Status of the prepaid account. This field is system-generated."
           },
           "valueList": {
              "item": [
                 {
                    "code": "1",
                    "text": "Non-personalized w/no demo info"
                 },
                 {
                    "code": "2",
                    "text": "Non-personalized with demo info"
                 },
                 {
                    "code": "3",
                    "text": "Pending personalized"
                 },
                 {
                    "code": "4",
                    "text": "Personalized"
                 }
              ]
           },
           "label": {
              "text": "Prepaid Flag"
           },
           "controlLabel": null,
           "defaultValue": {
              "text": "1"
           }
        },
        {
           "seq": "1",
           "id": "AMCR-LB-P-GEN(1)",
           "control": "Hidden",
           "reqIndicator": "false",
           "maxChars": "1",
           "value": {
              "text": "0"
           },
           "controlLabel": null
        },
        {
           "seq": "1",
           "id": "AMCR-O-MKT-STATUS",
           "control": "Hidden",
           "reqIndicator": "false",
           "maxChars": "1",
           "value": {
              "text": "0"
           },
           "controlLabel": null
        },
        {
           "seq": "1",
           "id": "AMCR-LB-MOB-PI-ACTIVE",
           "control": "Hidden",
           "reqIndicator": "false",
           "maxChars": "1",
           "value": {
              "text": "0"
           },
           "controlLabel": null
        },
        {
           "seq": "1",
           "id": "AMBS-CUST-NBR",
           "control": "Hidden",
           "reqIndicator": "false",
           "maxChars": "19",
           "value": {
              "text": "0003921000003001682"
           },
           "desc": {
              "text": "Identification number of the Customer Name/Address record associated with the Account Base Segment records displayed on this screen."
           },
           "label": {
              "text": "Customer Number"
           },
           "controlLabel": null
        }
     ]
  }
}
