

{"vxRoot": {
     "targetNamespace": "http://visionx.firstdata.com/VISIONX/VISIONX.UI.RESPONSE.PAGE.V001",

     "xmlns": "http://com/fd/firstvision/vx/root",

     "header": {
         "process": {
             "id": 3297,
             "name": "View System Definition",
             "functionName": ""
         },
         "sessiontoken": "Cr2h-7lD8R6kYWHPgkddAtXL",
         "status": {
             "error": {
                 "message": {
                     "content": "Unable to obtain a connection to host reason = Unable to borrow connection from pool: Object wait time out reached",
                     "xmlns": ""
                 },
                 "code": "VXSUWDA10S"
             },
             "severity": "error",
             "type": "fail"
         },
         "page": {
             "id": 4147,
             "lastPage": false,
             "name": "System Dates",
             "communicatorMsg": "",
             "pageDisplayName": "System Dates",
             "type": "Error"
         },
         "request": {"id": ""}
     }
}}

