[
  {
    "value": "22/09/2019",
    "controlLabel": "",
    "seq": "1",
    "control": "image",
    "type": "image",
    "reqIndicator": false,
    "id": "logo",
    "source": "../../assets/images/icons/FirstDataLogo.png"
  },{
    "group": [
      {
        "value": "22/09/2017",
        "label": "Next Processing Date",
        "seq": "1",
        "control": "lable",
        "id": "lblNxtProcessingDate",
        "type": "lable"
      },
      {
        "value": "22/09/2019",
        "label": "Current System Date",
        "seq": "1",
        "control": "lable",
        "id": "lblPrevProcessingDate",
        "type": "lable"
      },
      {
        "value": "22/09/2019",
        "label": "Current System Date",
        "seq": "1",
        "control": "lable",
        "id": "lblPrevProcessingDategfdsfds",
        "type": "lable"
      },
      {
        "pattern": "[a-zA-Z]",
        "reqIndicator": "true",
        "placeholder": "Enter your name.",
        "controlDisabled": "false",
        "id": "AMRT-ACCT-ORG",
        "max": "5",
        "min": "15",
        "maxChars": "10",
        "minChars": "2",
        "controlName": "InputBox",
        "readonly": "false",
        "control": "textbox",
        "type": "TextInputField",
        "seq": "1",
        "controlValue": "Pratik",
        "label": "Name"
      }
    ]
  }
  
]