{
   "vxRoot":{
      "header":{
         "process":{
            "id":"158",
            "functionName":"VROL Manual Section2",
            "name":"VROL Manual Section2"
         },
         "page":{
            "type":"DIRECTORY",
            "lastPage":false,
            "id":"404",
            "communicatorMsg":"",
            "pageDisplayName":"VROL Manual Section2",
            "name":"VROL Manual Section2"
         },
         "sessiontoken":"JBQlM-PrKe5DEhzykFSRNMD3.fDAPlusCOLWeb.W.01",
         "request":{
            "id":"005"
         },
         "status":{

         }
      },
      "group":[
         {
            "groups":[
               {
                  "control":"grid",
                  "title":"VROL Manual Action",
                  "type":"",
                  "columns":[
                     {
                        "field":"vrolSelectValue",
                        "title":"Select",
                        "control":"checkBox",
                        "maxChars":"1",
                        "controlType":"Alphanumeric"
                     },
                     {
                        "field":"vrolSelectAction",
                        "title":"Action",
                        "control":"GridLabel",
                        "maxChars":"50",
                        "controlType":"Alphanumeric"
                     },
                     {
                        "field":"vrolActionDate",
                        "title":"Date/Time",
                        "control":"DateChooser",
                        "maxChars":"1",
                        "controlType":"Date"
                     },
                     {
                        "field":"vrolActionNote",
                        "title":"Action Notes",
                        "control":"TextInputField",
                        "maxChars":"40",
                        "controlType":"Alphanumeric"
                     },
                     {
                        "field":"vrolResponseDate",
                        "title":"Response By Date",
                        "control":"DateChooser",
                        "maxChars":"1",
                        "controlType":"Date"
                     }
                  ],
                  "data":[
                     {
                        "vrolSelectValue":"",
                        "vrolSelectAction":"",
                        "vrolActionDate":"",
                        "vrolActionNote":"",
                        "vrolResponseDate":""
                     },
                     {
                        "vrolSelectValue":"true",
                        "vrolSelectAction":"Transaction Inquiry Detail / Summary",
                        "vrolActionDate":"08022018:000000",
                        "vrolActionNote":"Transaction Detail Received",
                        "vrolResponseDate":"13022018:000000"
                     },
                     {
                        "vrolSelectValue":"true",
                        "vrolSelectAction":"Dispute Initiated",
                        "vrolActionDate":"06032018:000000",
                        "vrolActionNote":"Initiate Dispute Completed",
                        "vrolResponseDate":"23022018:000000"
                     },
                     {
                        "vrolSelectValue":"false",
                        "vrolSelectAction":"Submit Questionnaire",
                        "vrolActionDate":"",
                        "vrolActionNote":"",
                        "vrolResponseDate":""
                     },
                     {
                        "vrolSelectValue":"false",
                        "vrolSelectAction":"Dispute Response Reversal",
                        "vrolActionDate":"",
                        "vrolActionNote":"",
                        "vrolResponseDate":""
                     },
                     {
                        "vrolSelectValue":"false",
                        "vrolSelectAction":"Dispute Financial Reversal",
                        "vrolActionDate":"",
                        "vrolActionNote":"",
                        "vrolResponseDate":""
                     },
                     {
                        "vrolSelectValue":"false",
                        "vrolSelectAction":"Pre-Arbitration",
                        "vrolActionDate":"",
                        "vrolActionNote":"",
                        "vrolResponseDate":""
                     },
                     {
                        "vrolSelectValue":"false",
                        "vrolSelectAction":"Pre-Arbitration Response",
                        "vrolActionDate":"",
                        "vrolActionNote":"",
                        "vrolResponseDate":""
                     },
                     {
                        "vrolSelectValue":"false",
                        "vrolSelectAction":"Pre-Compliance",
                        "vrolActionDate":"",
                        "vrolActionNote":"",
                        "vrolResponseDate":""
                     },
                     {
                        "vrolSelectValue":"false",
                        "vrolSelectAction":"Pre-Compliance Response",
                        "vrolActionDate":"",
                        "vrolActionNote":"",
                        "vrolResponseDate":""
                     },
                     {
                        "vrolSelectValue":"false",
                        "vrolSelectAction":"Arbitration",
                        "vrolActionDate":"",
                        "vrolActionNote":"",
                        "vrolResponseDate":""
                     },
                     {
                        "vrolSelectValue":"false",
                        "vrolSelectAction":"Compliance",
                        "vrolActionDate":"",
                        "vrolActionNote":"",
                        "vrolResponseDate":""
                     },
                     {
                        "vrolSelectValue":"false",
                        "vrolSelectAction":"Stop Payment Request",
                        "vrolActionDate":"",
                        "vrolActionNote":"",
                        "vrolResponseDate":""
                     },
                     {
                        "vrolSelectValue":"false",
                        "vrolSelectAction":"Stop Payment Response",
                        "vrolActionDate":"",
                        "vrolActionNote":"",
                        "vrolResponseDate":""
                     }
                  ]
               }
            ]
         }
      ],
      "multiGroup":"no",
      "targetNamespace":"http://visionx.firstdata.com/VISIONX/VISIONX.UI.RESPONSE.PAGE.V001"
   }
}