[
      {
            "orientation": "row",
            "type": "image",
            "size": "1",
            "source": "../../assets/images/icons/FirstDataLogo.png",
            "imgClass": "img-responsive",
            "width": "100px",
            "height": "100px",
            "htmlOuterClass": "",
            "htmlClass": "col-sm-8 float-left",
            "elementClass": ""
      },{
            "orientation": "row",
            "type": "div",
            "name": true,
            "value": true,
            "seperator": ":",
            "size": "11",
            "htmlOuterClass": "",
            "htmlClass": "col-sm-4 float-left",
            "elementClass": "",
            "labelHtmlClass": ""
      }
      
]