{
  "vxRoot": {
    "xmlns": "http://com/fd/firstvision/vx/root",
    "targetNamespace": "http://visionx.firstdata.com/VISIONX/VISIONX.UI.RESPONSE.PAGE.V001",
    "header": {
      "process": {
        "id": "819",
        "name": "Offer Account Enrollment Instructions",
        "functionName": "Offer Overview"
      },
      "page": {
        "id": "1950",
        "name": "Offer Details",
        "lastPage": "false",
        "type": "INQUIRY"
      },
      "sessiontoken": "6658924fa47f5068913801f3f41f",
      "request": { "id": "005" },
      "currencyAttrib": {
        "currencyCode": { "#text": "GBP" },
        "currencyNOD": { "#text": "3" },
        "percentNOD": { "#text": "7" },
        "peritemNOD": { "#text": "3" },
        "currSymbol": { "#text": "£" },
        "negativeFormat": { "#text": "A" },
        "digitGroupSymbol": { "#text": "," },
        "digitGroupNumber": { "#text": "3" },
        "decimalSymbol": { "#text": "." }
      }
    },
    "group": [
      {
        "id": "3347",
        "name": "Offer Details",
        "desc": "Offer Details",
        "field": [
          {
            "seq": "1",
            "id": "OSXQEO-TEXT-DETAIL(1)",
            "control": "Label",
            "type": "Standard Text",
            "reqIndicator": "false",
            "maxChars": "60",
            "desc": "Additional text details.",
            "label": "Offer Details"
          },
          {
            "seq": "1",
            "id": "OSXQEO-TEXT-DETAIL(2)",
            "control": "Label",
            "type": "Standard Text",
            "reqIndicator": "false",
            "maxChars": "60",
            "desc": "Additional text details."
          },
          {
            "seq": "1",
            "id": "OSXQEO-TEXT-DETAIL(3)",
            "control": "Label",
            "type": "Standard Text",
            "reqIndicator": "false",
            "maxChars": "60",
            "desc": "Additional text details."
          },
          {
            "seq": "1",
            "id": "OSXQEO-TEXT-DETAIL(4)",
            "control": "Label",
            "type": "Standard Text",
            "reqIndicator": "false",
            "maxChars": "60",
            "desc": "Additional text details."
          },
          {
            "seq": "1",
            "id": "OSXQEO-TEXT-DETAIL(5)",
            "control": "Label",
            "type": "Standard Text",
            "reqIndicator": "false",
            "maxChars": "60",
            "desc": "Additional text details."
          },
          {
            "seq": "1",
            "id": "OSXQEO-TEXT-DETAIL(6)",
            "control": "Label",
            "type": "Standard Text",
            "reqIndicator": "false",
            "maxChars": "60",
            "desc": "Additional text details."
          }
        ]
      },
      {
        "id": "3348",
        "name": "CSR Instructions",
        "desc": "CSR Instructions",
        "field": [
          {
            "seq": "1",
            "id": "OSXQEO-CSR-INSTRUCTION(1)",
            "control": "Label",
            "type": "Standard Text",
            "reqIndicator": "false",
            "maxChars": "60",
            "desc": "Additional customer service representative instruction details.",
            "label": "CSR Instructions"
          },
          {
            "seq": "1",
            "id": "OSXQEO-CSR-INSTRUCTION(2)",
            "control": "Label",
            "type": "Standard Text",
            "reqIndicator": "false",
            "maxChars": "60",
            "desc": "Additional customer service representative instruction details."
          },
          {
            "seq": "1",
            "id": "OSXQEO-CSR-INSTRUCTION(3)",
            "control": "Label",
            "type": "Standard Text",
            "reqIndicator": "false",
            "maxChars": "60",
            "desc": "Additional customer service representative instruction details."
          },
          {
            "seq": "1",
            "id": "OSXQEO-CSR-INSTRUCTION(4)",
            "control": "Label",
            "type": "Standard Text",
            "reqIndicator": "false",
            "maxChars": "60",
            "desc": "Additional customer service representative instruction details."
          }
        ]
      }
    ]
  }
}