{
  "vxRoot": {
    "xmlns": "http://com/fd/firstvision/vx/root",
    "targetNamespace": "http://visionx.firstdata.com/VISIONX/VISIONX.UI.RESPONSE.PAGE.V001",
    "header": {
      "process": {
        "id": "816",
        "name": "Offer Account Enrollment Details",
        "functionName": "Offer Overview"
      },
      "page": {
        "id": "1956",
        "name": "Offer Enrollment Details",
        "lastPage": "false",
        "type": "INQUIRY"
      },
      "sessiontoken": "6658924fa47f5068913801f3f41f",
      "request": { "id": "005" },
      "currencyAttrib": {
        "currencyCode": { "#text": "GBP" },
        "currencyNOD": { "#text": "3" },
        "percentNOD": { "#text": "7" },
        "peritemNOD": { "#text": "3" },
        "currSymbol": { "#text": "£" },
        "negativeFormat": { "#text": "A" },
        "digitGroupSymbol": { "#text": "," },
        "digitGroupNumber": { "#text": "3" },
        "decimalSymbol": { "#text": "." }
      }
    },
    "group": [
      {
        "id": "3358",
        "name": "Offer Details",
        "desc": "Offer Details",
        "type": "Columns",
        "field": [
          {
            "seq": "1",
            "id": "OSXQEO-OFFER-ID",
            "control": "Label",
            "type": "Standard Text",
            "reqIndicator": "false",
            "maxChars": "10",
            "value": "0000009922",
            "desc": "Identification number of the offer assigned to the account.",
            "label": "Offer ID"
          },
          {
            "seq": "1",
            "id": "OSXQEO-TYPE",
            "help": "account_folder/offers_tab/qmoe-type",
            "control": "Label",
            "type": "Numeric",
            "reqIndicator": "false",
            "maxChars": "2",
            "value": "2",
            "desc": "Offer type.",
            "valueList": {
              "item": [
                {
                  "code": "00",
                  "#text": "Text offer"
                },
                {
                  "code": "01",
                  "#text": "Transaction-based pricing offer"
                },
                {
                  "code": "02",
                  "#text": "Balance transfer offer"
                },
                {
                  "code": "03",
                  "#text": "Add-on product offer"
                },
                {
                  "code": "04",
                  "#text": "Retention offer"
                },
                {
                  "code": "05",
                  "#text": "Transaction-based discount offer"
                },
                {
                  "code": "06",
                  "#text": "New account offer"
                },
                {
                  "code": "07",
                  "#text": "Account transfer/trade offer"
                },
                {
                  "code": "08",
                  "#text": "Additional card offer"
                },
                {
                  "code": "99",
                  "#text": "Equal payment plan offer"
                }
              ]
            },
            "label": "Offer Type",
            "subordinates": {
              "subordinate": [
                { "id": "OSXQEO-ADD-ON-PRODUCT" },
                { "id": "OSXQEO-EFF-DATE" }
              ]
            }
          },
          {
            "seq": "1",
            "id": "OSXQEO-ENROLLMENT-ACTION",
            "help": "account_folder/offers_tab/qmoe-enrollment-action",
            "control": "Label",
            "type": "Numeric",
            "reqIndicator": "false",
            "maxChars": "1",
            "value": "0",
            "valueDesc": "No Action Required",
            "desc": "Action taken on the enrolled offer.",
            "valueList": {
              "item": [
                {
                  "code": "0",
                  "#text": "No Action Required"
                },
                {
                  "code": "1",
                  "#text": "Customer Wait"
                },
                {
                  "code": "2",
                  "#text": "Customer Accepted"
                },
                {
                  "code": "3",
                  "#text": "Customer Rejected"
                },
                {
                  "code": "4",
                  "#text": "Customer Representative Cancelled"
                }
              ]
            },
            "label": "Enrollment Action"
          },
          {
            "seq": "1",
            "id": "OSXQEO-REJECT-REASON",
            "control": "Label",
            "type": "Numeric",
            "reqIndicator": "false",
            "maxChars": "2",
            "value": "0",
            "desc": "Reason the offer was rejected.",
            "valueList": {
              "item": [
                {
                  "code": "00",
                  "#text": "No reason"
                },
                {
                  "code": "01",
                  "#text": "Not interested"
                },
                {
                  "code": "02",
                  "#text": "Too expensive"
                },
                {
                  "code": "03",
                  "#text": "User-defined 03"
                },
                {
                  "code": "04",
                  "#text": "User-defined 04"
                },
                {
                  "code": "05",
                  "#text": "User-defined 05"
                },
                {
                  "code": "06",
                  "#text": "User-defined 06"
                },
                {
                  "code": "07",
                  "#text": "User-defined 07"
                },
                {
                  "code": "08",
                  "#text": "User-defined 08"
                },
                {
                  "code": "09",
                  "#text": "User-defined 09"
                },
                {
                  "code": "10",
                  "#text": "User-defined 10"
                },
                {
                  "code": "11",
                  "#text": "User-defined 11"
                },
                {
                  "code": "12",
                  "#text": "User-defined 12"
                },
                {
                  "code": "13",
                  "#text": "User-defined 13"
                },
                {
                  "code": "14",
                  "#text": "User-defined 14"
                },
                {
                  "code": "15",
                  "#text": "User-defined 15"
                },
                {
                  "code": "16",
                  "#text": "User-defined 16"
                },
                {
                  "code": "17",
                  "#text": "User-defined 17"
                },
                {
                  "code": "18",
                  "#text": "User-defined 18"
                },
                {
                  "code": "19",
                  "#text": "User-defined 19"
                },
                {
                  "code": "20",
                  "#text": "User-defined 20"
                },
                {
                  "code": "21",
                  "#text": "User-defined 21"
                },
                {
                  "code": "22",
                  "#text": "User-defined 22"
                },
                {
                  "code": "23",
                  "#text": "User-defined 23"
                },
                {
                  "code": "24",
                  "#text": "User-defined 24"
                },
                {
                  "code": "25",
                  "#text": "User-defined 25"
                },
                {
                  "code": "26",
                  "#text": "User-defined 26"
                },
                {
                  "code": "27",
                  "#text": "User-defined 27"
                },
                {
                  "code": "28",
                  "#text": "User-defined 28"
                },
                {
                  "code": "29",
                  "#text": "User-defined 29"
                },
                {
                  "code": "30",
                  "#text": "User-defined 30"
                },
                {
                  "code": "31",
                  "#text": "User-defined 31"
                },
                {
                  "code": "32",
                  "#text": "User-defined 32"
                },
                {
                  "code": "33",
                  "#text": "User-defined 33"
                },
                {
                  "code": "34",
                  "#text": "User-defined 34"
                },
                {
                  "code": "35",
                  "#text": "User-defined 35"
                },
                {
                  "code": "36",
                  "#text": "User-defined 36"
                },
                {
                  "code": "37",
                  "#text": "User-defined 37"
                },
                {
                  "code": "38",
                  "#text": "User-defined 38"
                },
                {
                  "code": "39",
                  "#text": "User-defined 39"
                },
                {
                  "code": "40",
                  "#text": "User-defined 40"
                },
                {
                  "code": "41",
                  "#text": "User-defined 41"
                },
                {
                  "code": "42",
                  "#text": "User-defined 42"
                },
                {
                  "code": "43",
                  "#text": "User-defined 43"
                },
                {
                  "code": "44",
                  "#text": "User-defined 44"
                },
                {
                  "code": "45",
                  "#text": "User-defined 45"
                },
                {
                  "code": "46",
                  "#text": "User-defined 46"
                },
                {
                  "code": "47",
                  "#text": "User-defined 47"
                },
                {
                  "code": "48",
                  "#text": "User-defined 48"
                },
                {
                  "code": "49",
                  "#text": "User-defined 49"
                },
                {
                  "code": "50",
                  "#text": "User-defined 50"
                },
                {
                  "code": "51",
                  "#text": "User-defined 51"
                },
                {
                  "code": "52",
                  "#text": "User-defined 52"
                },
                {
                  "code": "53",
                  "#text": "User-defined 53"
                },
                {
                  "code": "54",
                  "#text": "User-defined 54"
                },
                {
                  "code": "55",
                  "#text": "User-defined 55"
                },
                {
                  "code": "56",
                  "#text": "User-defined 56"
                },
                {
                  "code": "57",
                  "#text": "User-defined 57"
                },
                {
                  "code": "58",
                  "#text": "User-defined 58"
                },
                {
                  "code": "59",
                  "#text": "User-defined 59"
                },
                {
                  "code": "60",
                  "#text": "User-defined 60"
                },
                {
                  "code": "61",
                  "#text": "User-defined 61"
                },
                {
                  "code": "62",
                  "#text": "User-defined 62"
                },
                {
                  "code": "63",
                  "#text": "User-defined 63"
                },
                {
                  "code": "64",
                  "#text": "User-defined 64"
                },
                {
                  "code": "65",
                  "#text": "User-defined 65"
                },
                {
                  "code": "66",
                  "#text": "User-defined 66"
                },
                {
                  "code": "67",
                  "#text": "User-defined 67"
                },
                {
                  "code": "68",
                  "#text": "User-defined 68"
                },
                {
                  "code": "69",
                  "#text": "User-defined 69"
                },
                {
                  "code": "70",
                  "#text": "User-defined 70"
                },
                {
                  "code": "71",
                  "#text": "User-defined 71"
                },
                {
                  "code": "72",
                  "#text": "User-defined 72"
                },
                {
                  "code": "73",
                  "#text": "User-defined 73"
                },
                {
                  "code": "74",
                  "#text": "User-defined 74"
                },
                {
                  "code": "75",
                  "#text": "User-defined 75"
                },
                {
                  "code": "76",
                  "#text": "User-defined 76"
                },
                {
                  "code": "77",
                  "#text": "User-defined 77"
                },
                {
                  "code": "78",
                  "#text": "User-defined 78"
                },
                {
                  "code": "79",
                  "#text": "User-defined 79"
                },
                {
                  "code": "80",
                  "#text": "User-defined 80"
                },
                {
                  "code": "81",
                  "#text": "User-defined 81"
                },
                {
                  "code": "82",
                  "#text": "User-defined 82"
                },
                {
                  "code": "83",
                  "#text": "User-defined 83"
                },
                {
                  "code": "84",
                  "#text": "User-defined 84"
                },
                {
                  "code": "85",
                  "#text": "User-defined 85"
                },
                {
                  "code": "86",
                  "#text": "User-defined 86"
                },
                {
                  "code": "87",
                  "#text": "User-defined 87"
                },
                {
                  "code": "88",
                  "#text": "User-defined 88"
                },
                {
                  "code": "89",
                  "#text": "User-defined 89"
                },
                {
                  "code": "90",
                  "#text": "User-defined 90"
                },
                {
                  "code": "91",
                  "#text": "User-defined 91"
                },
                {
                  "code": "92",
                  "#text": "User-defined 92"
                },
                {
                  "code": "93",
                  "#text": "User-defined 93"
                },
                {
                  "code": "94",
                  "#text": "User-defined 94"
                },
                {
                  "code": "95",
                  "#text": "User-defined 95"
                },
                {
                  "code": "96",
                  "#text": "User-defined 96"
                },
                {
                  "code": "97",
                  "#text": "User-defined 97"
                },
                {
                  "code": "98",
                  "#text": "User-defined 98"
                },
                {
                  "code": "99",
                  "#text": "User-defined 99"
                }
              ]
            },
            "label": "Reject Reason"
          },
          {
            "seq": "1",
            "id": "OSXQEO-OFFER-STATUS",
            "control": "Label",
            "type": "Numeric",
            "reqIndicator": "false",
            "maxChars": "1",
            "value": "1",
            "valueDesc": "Active",
            "desc": "Status of the enrolled offer.",
            "valueList": {
              "item": [
                {
                  "code": "0",
                  "#text": "Pending"
                },
                {
                  "code": "1",
                  "#text": "Active"
                },
                {
                  "code": "2",
                  "#text": "Expired"
                },
                {
                  "code": "3",
                  "#text": "Suspended"
                },
                {
                  "code": "4",
                  "#text": "Cancelled"
                },
                {
                  "code": "8",
                  "#text": "To be purged"
                },
                {
                  "code": "9",
                  "#text": "Purged"
                }
              ]
            },
            "label": "Offer Status"
          },
          {
            "seq": "1",
            "id": "OSXQEO-ENROLL-STATUS",
            "help": "account_folder/offers_tab/qmoe-enroll-status",
            "control": "Label",
            "type": "Numeric",
            "reqIndicator": "false",
            "maxChars": "1",
            "value": "0",
            "valueDesc": "Automatic enrollment",
            "desc": "Code that indicates whether the offer is enrolled automatically or manually.",
            "valueList": {
              "item": [
                {
                  "code": "0",
                  "#text": "Automatic enrollment"
                },
                {
                  "code": "1",
                  "#text": "Manual enrollment"
                }
              ]
            },
            "label": "Enrollment Status"
          },
          {
            "seq": "1",
            "id": "OSXQEO-COMMUNICATION-CHANNEL",
            "help": "account_folder/offers_tab/qmoe-communication-channel",
            "control": "Label",
            "type": "Standard Text",
            "reqIndicator": "false",
            "maxChars": "2",
            "desc": "User-defined communication channel.",
            "label": "Communication Channel"
          }
        ]
      },
      {
        "id": "3359",
        "type": "Columns",
        "field": [
          {
            "seq": "1",
            "id": "OSXQEO-DESCRIPTION",
            "control": "Label",
            "type": "Standard Text",
            "reqIndicator": "false",
            "maxChars": "40",
            "value": "BT 9.9% 12 MONTHS",
            "desc": "Description of the offer.",
            "label": "Offer Description"
          },
          {
            "seq": "1",
            "id": "OSXQEO-START-DATE",
            "help": "account_folder/offers_tab/qmoe-start-date",
            "control": "Label",
            "type": "Date",
            "reqIndicator": "false",
            "maxChars": "7",
            "value": "2010301",
            "desc": "Starting date of the specific offer.",
            "label": "Start Date",
            "subordinates": {
              "subordinate": { "id": "OSXQEO-START-DATE" }
            }
          },
          {
            "seq": "1",
            "id": "OSXQEO-EXPIRE-DATE",
            "help": "account_folder/offers_tab/qmoe-expire-date",
            "control": "Label",
            "type": "Date",
            "reqIndicator": "false",
            "maxChars": "7",
            "value": "2049365",
            "desc": "Date the specific offer expires.",
            "label": "Expiration Date"
          },
          {
            "seq": "1",
            "id": "OSXQEO-PRIORITY",
            "help": "functions/offer_fields/qmoe-priority",
            "control": "Label",
            "type": "Numeric",
            "reqIndicator": "false",
            "maxChars": "5",
            "value": "1",
            "desc": "Priority based on the propensity to buy the offer.",
            "label": "Priority"
          },
          {
            "seq": "1",
            "id": "OSXQEO-CAMPAIGN-DESCRIPTION",
            "control": "Label",
            "type": "Standard Text",
            "reqIndicator": "false",
            "maxChars": "40",
            "label": "Campaign Description"
          },
          {
            "seq": "1",
            "id": "OSXQEO-RESPONSE-CHANNEL",
            "help": "account_folder/offers_tab/qmoe-response-channel",
            "control": "Label",
            "type": "Standard Text",
            "reqIndicator": "false",
            "maxChars": "2",
            "desc": "User-defined response as to how the offer was communicated.",
            "label": "Response Channel"
          }
        ]
      },
      {
        "id": "3360",
        "name": "Add-On Product",
        "desc": "Add-On Product",
        "type": "Columns",
        "field": [
          {
            "seq": "1",
            "id": "OSXQEO-ADD-ON-PRODUCT",
            "control": "Label",
            "type": "Standard Text",
            "reqIndicator": "false",
            "maxChars": "2",
            "desc": "Add-on product ID for add-on product offer types.",
            "label": "Product Type"
          },
          {
            "seq": "1",
            "id": "OSXQEO-EFF-DATE",
            "help": "account_folder/offers_tab/qmoe-eff-date",
            "control": "Label",
            "type": "Date",
            "reqIndicator": "false",
            "maxChars": "7",
            "value": "0",
            "desc": "Effective date of the add-on product.",
            "label": "Product Effective Date"
          }
        ]
      }
    ]
  }
}