{
  "response": {
    "header": {
      "status": "success",
      "serviceName": "getRecords",
      "success": { "msg": "Operation Successful." }
    },
    "body": {
      "content": {
        "xmlns:xsi": "http://www.w3.org/2001/XMLSchema-instance",
        "xsi:type": "recordDetailVO",
        "recordList": {
          "recordName": [
            "AMBC-RECORD",
            "OMMG-RECORD",
            "OMSC-RECORD",
            "LMRD-RECORD",
            "AMCR-RECORD-STATE-USURY",
            "AMCR-RECORD-LOGO-BASE",
            "ITS104-CLERK-PROFILE-RECORD",
            "AZMM-RECORD",
            "AMCR-RECORD-ORGANIZATION",
            "LMOC-RECORD",
            "ITS102-DOCDEF-RECORD",
            "AMRT-RECORD-ACCT-CONTROL",
            "AMRT-RECORD-INTEREST",
            "AMFF-RECORD",
            "OMCO-HEADER-RECORD",
            "AZCI-RECORD",
            "AMCD-RECORD",
            "ARXUUI1Z-INPUT-DATA",
            "AMRT-RECORD-PROC-CTL",
            "ITS105-CATEGORY-RECORD",
            "LMSC-RECORD",
            "AMCR-RECORD-LOGO-DESC",
            "ZMQO-RECORD",
            "ITS103-ORGANIZATION-RECORD",
            "LMLM-RECORD",
            "AMAC-RECORD",
            "AMSD-RECORD",
            "SMAG-RECORD",
            "SMCU-RECORD",
            "AMOR-RECORD",
            "AMCC-RECORD",
            "OMSC-ORG-RECORD",
            "AMCR-RECORD-SYSTEM",
            "GMRK-RECORD",
            "ZMEM-EMP-DEPT-GROUP-RECORD",
            "AMRT-RECORD-RIT",
            "SMCA-RECORD",
            "AMSR-RECORD",
            "ZMEM-EMP-DISC-RECORD",
            "ZMQT-RECORD",
            "ZMRA-RECORD",
            "AMCP-RECORD",
            "AMCR-RECORD-STATEMENT-MSG",
            "AMRT-RECORD-INSURANCE",
            "AMRT-RECORD-FEE-CONTROL"
          ]
        }
      }
    }
  }
}