{
  "vxRoot": {
   "xmlns": "http://com/fd/firstvision/vx/root",
   "xmlns:xsi": "http://www.w3.org/2001/XMLSchema-instance",
   "targetNamespace": "http://visionx.firstdata.com/VISIONX/VISIONX.UI.RESPONSE.PAGE.V001",
    "header": {
      "process": {
       "id": "186",
       "name": "Close Account Function Barclays"
      },
      "page": {
       "id": "199",
       "name": "Close Account",
       "lastPage": "false",
       "type": "INQUIRY"
      },
      "sessiontoken": "hnUW6+Qh8UvTzaXOZp-+MyjD.CCTRAINING.W.01",
      "request": {"id": "005" },
      "currencyAttrib": {
        "currencyCode": { "text": "EUR" },
        "currencyNOD": { "text": "2" },
        "percentNOD": { "text": "7" },
        "peritemNOD": { "text": "3" },
        "currSymbol": { "text": "€" },
        "negativeFormat": { "text": "A" },
        "digitGroupSymbol": { "text": "." },
        "digitGroupNumber": { "text": "3" },
        "decimalSymbol": { "text": "," }
      }
    },
    "group": [
      {
       "id": "726",
       "name": "Block Status",
       "desc": "Group",
        "field": [
          {
           "seq": "1",
           "id": "AMBS-BLOCK-CODE-1",
           "control": "Label",
           "type": "Standard Text",
           "reqIndicator": "false",
           "maxChars": "1",
            "value": {"xsi:nil": "true" },
            "desc": "Identifies the block codes assigned to this account.",
            "valueList": {
              "item": [
                {
                 "code": "M",
                  "text": "M"
                },
                {
                 "code": "N",
                  "text": "N"
                },
                {
                 "code": "O",
                  "text": "O"
                },
                {
                 "code": "P",
                  "text": "P"
                },
                {
                 "code": "Q",
                  "text": "Q"
                },
                {
                 "code": "R",
                  "text": "R"
                },
                {"code": " " },
                {
                 "code": "A",
                  "text": "A"
                },
                {
                 "code": "B",
                  "text": "B"
                },
                {
                 "code": "C",
                  "text": "C"
                },
                {
                 "code": "D",
                  "text": "D"
                },
                {
                 "code": "E",
                  "text": "E"
                },
                {
                 "code": "F",
                  "text": "F"
                },
                {
                 "code": "G",
                  "text": "G"
                },
                {
                 "code": "H",
                  "text": "H"
                },
                {
                 "code": "I",
                  "text": "I"
                },
                {
                 "code": "J",
                  "text": "J"
                },
                {
                 "code": "K",
                  "text": "K"
                },
                {
                 "code": "L",
                  "text": "L"
                },
                {
                 "code": "S",
                  "text": "S"
                },
                {
                 "code": "T",
                  "text": "T"
                },
                {
                 "code": "U",
                  "text": "U"
                },
                {
                 "code": "V",
                  "text": "V"
                },
                {
                 "code": "W",
                  "text": "W"
                },
                {
                 "code": "X",
                  "text": "X"
                },
                {
                 "code": "Y",
                  "text": "Y"
                },
                {
                 "code": "Z",
                  "text": "Z"
                }
              ]
            },
            "label": "Current Block 1",
            "subordinates": {
              "subordinate": {"id": "AMBS-USER-CODE-1" }
            }
          },
          {
           "seq": "1",
           "id": "AMBS-BLOCK-CODE-2",
           "control": "Label",
           "type": "Standard Text",
           "reqIndicator": "false",
           "maxChars": "1",
            "value": {"xsi:nil": "true" },
            "desc": "Identifies the block codes assigned to this account.",
            "valueList": {
              "item": [
                {
                 "code": "F",
                  "text": "F"
                },
                {
                 "code": "G",
                  "text": "G"
                },
                {
                 "code": "H",
                  "text": "H"
                },
                {
                 "code": "I",
                  "text": "I"
                },
                {
                 "code": "J",
                  "text": "J"
                },
                {
                 "code": "K",
                  "text": "K"
                },
                {
                 "code": "L",
                  "text": "L"
                },
                {
                 "code": "M",
                  "text": "M"
                },
                {
                 "code": "N",
                  "text": "N"
                },
                {
                 "code": "O",
                  "text": "O"
                },
                {
                 "code": "P",
                  "text": "P"
                },
                {
                 "code": "Q",
                  "text": "Q"
                },
                {
                 "code": "R",
                  "text": "R"
                },
                {
                 "code": "S",
                  "text": "S"
                },
                {
                 "code": "T",
                  "text": "T"
                },
                {
                 "code": "U",
                  "text": "U"
                },
                {
                 "code": "V",
                  "text": "V"
                },
                {
                 "code": "W",
                  "text": "W"
                },
                {
                 "code": "X",
                  "text": "X"
                },
                {
                 "code": "Y",
                  "text": "Y"
                },
                {
                 "code": "Z",
                  "text": "Z"
                },
                {"code": " " },
                {
                 "code": "A",
                  "text": "A"
                },
                {
                 "code": "B",
                  "text": "B"
                },
                {
                 "code": "C",
                  "text": "C"
                },
                {
                 "code": "D",
                  "text": "D"
                },
                {
                 "code": "E",
                  "text": "E"
                }
              ]
            },
            "label": "Current Block 2"
          }
        ]
      },
      {
       "id": "727",
       "desc": "Group",
        "field": [
          {
           "seq": "1",
           "id": "AMBS-USER-CODE-1",
           "help": "functions/ambs-user-code-1",
           "control": "Dropdown",
           "type": "Standard Text",
           "reqIndicator": "true",
           "maxChars": "2",
            "value": {"xsi:nil": "true" },
            "desc": "User-defined codes used for customized information about the account.  Field names are defined in the Product record.",
            "valueList": {
              "item": [
                {
                 "code": "CA",
                  "text": "Price - Annual fee"
                },
                {
                 "code": "CB",
                  "text": "Price - Better offer"
                },
                {
                 "code": "CC",
                  "text": "Price - Interest rate change"
                },
                {
                 "code": "CD",
                  "text": "Price - Fees general"
                },
                {
                 "code": "CE",
                  "text": "Price - Product/Terms change"
                },
                {
                 "code": "CM",
                  "text": "Other - Customer dispute w/partner"
                },
                {
                 "code": "CN",
                  "text": "Other - User defined reason"
                },
                {
                 "code": "CO",
                  "text": "Other- Change in lifestyle/circumstance"
                },
                {
                 "code": "CF",
                  "text": "Service - Complaint issue"
                },
                {
                 "code": "CG",
                  "text": "Service - Too many contacts"
                },
                {
                 "code": "CH",
                  "text": "Service - Loyalty/Redemption issue"
                },
                {
                 "code": "CI",
                  "text": "Service - Account/Processing issue"
                },
                {
                 "code": "CJ",
                  "text": "Other - Forced to open/Not required"
                },
                {
                 "code": "CK",
                  "text": "Other - Too many cards/Not used"
                },
                {
                 "code": "CL",
                  "text": "Other - Deceased"
                }
              ]
            },
            "label": "Reason Code"
          },
          {
           "seq": "1",
           "id": "AMCR-LB-BC-PRIORITY",
           "control": "Hidden",
           "type": "Numeric",
           "reqIndicator": "false",
           "maxChars": "2",
           "max": "99",
           "min": "00",
            "value": "15",
            "desc": "Priority level you establish to control the assignment of block codes.",
            "label": "Priority Level",
            "defaultValue": "0"
          },
          {
           "seq": "1",
           "id": "AMCR-LB-BLOCK-CODE",
           "control": "Hidden",
           "type": "Standard Text",
           "reqIndicator": "false",
           "maxChars": "1",
            "value": "C",
            "desc": "Defined four letter codes for each block code. Account Processing sends the letter codes to Collections and Special Handling, or Correspondence Management to produce letter when a block code has been in effect for a specific number of days.",
            "label": "Block Code Letter Codes",
            "subordinates": {
              "subordinate": [
                {"id": "AMCR-LB-BC-PRIORITY" },
                {"id": "AMCR-LB-BLOCK-CODE" }
              ]
            }
          }
        ]
      }
    ]
  }
}