{
  "targetNamespace": "http://visionx.firstdata.com/VISIONX/VISIONX.UI.RESPONSE.PAGE.V001",
  "header": {
     "process": {
        "id": "633",
        "name": "01030 Verification Questions",
        "functionName": "Verification Questions"
     },
     "page": {
        "id": "1928",
        "name": "Validation Data",
        "lastPage": "false",
        "communicatorMsg": "",
        "pageDisplayName": "Validation Data"
     },
     "sessiontoken": {
        "text": "e96013516711e95f7398afa2a915"
     },
     "request": {
        "id": "005"
     },
     "status": null,
     "currencyAttrib": {
        "currencyCode": "GBP",
        "currencyNOD": "2",
        "percentNOD": "7",
        "peritemNOD": "3",
        "currSymbol": "£",
        "negativeFormat": "A",
        "digitGroupSymbol": ",",
        "digitGroupNumber": "3",
        "decimalSymbol": "."
     }
  },
  "group": [
     {
        "id": "3309",
        "name": "",
        "desc": "Authorized Users",
        "grouplink": "",
        "field": [
           {
              "seq": "1",
              "id": "AMNA-MEMO-1(1)",
              "control": "Hidden",
              "reqIndicator": "false",
              "maxChars": "60",
              "value": null,
              "desc": {
                 "text": "User-defined information to retain about the individual on file."
              },
              "label": {
                 "text": "Memo 1"
              },
              "controlLabel": null
           },
           {
              "seq": "1",
              "id": "AMNA-MEMO-2(1)",
              "control": "Hidden",
              "reqIndicator": "false",
              "maxChars": "60",
              "value": null,
              "desc": {
                 "text": "User-defined information to retain about the individual on file."
              },
              "label": {
                 "text": "Memo 2"
              },
              "controlLabel": null
           },
           {
              "seq": "1",
              "id": "AMCR-LB-PCF-LTR-ORG",
              "control": "Hidden",
              "reqIndicator": "false",
              "maxChars": "3",
              "value": {
                 "text": "110"
              },
              "desc": {
                 "text": "Identifies the business unit in the Correspondence Management application containing the letters to send to accounts processed by the product."
              },
              "label": {
                 "text": "Correspondence Mgmt Bus Unit"
              },
              "controlLabel": null
           },
           {
              "seq": "1",
              "id": "AMCR-O-ACS-INTERFACE-FLAG",
              "control": "Hidden",
              "reqIndicator": "false",
              "maxChars": "1",
              "value": {
                 "text": "1"
              },
              "controlLabel": null,
              "subordinates": {
                 "subordinate": {
                    "id": "AMCR-O-ACS-INTERFACE-FLAG"
                 }
              }
           },
           {
              "seq": "1",
              "id": "AMCR-LB-CARD-TYPE",
              "control": "Hidden",
              "reqIndicator": "false",
              "maxChars": "1",
              "value": {
                 "text": "X"
              },
              "valueDesc": {
                 "text": "Bankcard"
              },
              "desc": {
                 "text": "Identifies the type of accounts processed by the product."
              },
              "valueList": {
                 "item": [
                    {
                       "code": "B",
                       "text": "Bad cheques/NSF cheques"
                    },
                    {
                       "code": "C",
                       "text": "COD accounts"
                    },
                    {
                       "code": "D",
                       "text": "Debit card"
                    },
                    {
                       "code": "L",
                       "text": "Layaway"
                    },
                    {
                       "code": "P",
                       "text": "Profit and loss"
                    },
                    {
                       "code": "R",
                       "text": "Revolving (retail or store card)"
                    },
                    {
                       "code": "X",
                       "text": "Bankcard"
                    },
                    {
                       "code": "Y",
                       "text": "Bankcard-prepaid"
                    }
                 ]
              },
              "label": {
                 "text": "Type of Accounts Processed"
              },
              "controlLabel": null,
              "defaultValue": {
                 "text": "R"
              }
           },
           {
              "seq": "1",
              "id": "AMCR-LB-PMT-SKIP-ALLOWED",
              "control": "Hidden",
              "reqIndicator": "false",
              "maxChars": "1",
              "value": {
                 "text": "N"
              },
              "valueDesc": {
                 "text": "False"
              },
              "desc": {
                 "text": "Indicates whether manual payment holidays are allowed for accounts for this product."
              },
              "valueList": {
                 "item": [
                    {
                       "code": "N",
                       "text": "False"
                    },
                    {
                       "code": "Y",
                       "text": "True"
                    }
                 ]
              },
              "label": {
                 "text": "Payment Holidays Allowed"
              },
              "controlLabel": null,
              "defaultValue": {
                 "text": "N"
              }
           },
           {
              "seq": "1",
              "id": "AMCR-S-LTS-INTERFACE-FLAG",
              "control": "Hidden",
              "reqIndicator": "false",
              "maxChars": "1",
              "value": {
                 "text": "Y"
              },
              "controlLabel": null
           },
           {
              "seq": "1",
              "id": "AMCR-LB-AUTH-OTB-MSG-IND",
              "control": "Hidden",
              "reqIndicator": "false",
              "maxChars": "1",
              "value": {
                 "text": "0"
              },
              "valueDesc": {
                 "text": "Inactive"
              },
              "desc": {
                 "text": "Indicates how the electronic notification feature is used for this parameter."
              },
              "valueList": {
                 "item": [
                    {
                       "code": "0",
                       "text": "Inactive"
                    },
                    {
                       "code": "2",
                       "text": "Automatic"
                    },
                    {
                       "code": "1",
                       "text": "Manual"
                    }
                 ]
              },
              "label": {
                 "text": "Auth Threshold Electronic Corr"
              },
              "controlLabel": null,
              "defaultValue": {
                 "text": "0"
              }
           }
        ]
     },
     {
        "id": "3310",
        "name": "",
        "desc": "Tier 1",
        "grouplink": "",
        "field": [
           {
              "seq": "1",
              "id": "AMNA-NAME-LINE-1(1)",
              "control": "Label",
              "reqIndicator": "false",
              "maxChars": "40",
              "value": {
                 "text": "MISS SUSAN ELIZABETH HAMMOND"
              },
              "desc": {
                 "text": "The personal name, business name, or a generic name of the individual on file."
              },
              "label": {
                 "text": "Full Name"
              },
              "controlLabel": null
           },
           {
              "seq": "1",
              "id": "AMNA-HOUSE-NAME(1)",
              "control": "Label",
              "reqIndicator": "false",
              "maxChars": "40",
              "value": null,
              "desc": {
                 "text": "Name of customer's house."
              },
              "label": {
                 "text": "House Name"
              },
              "controlLabel": null
           },
           {
              "seq": "1",
              "id": "AMNA-HOUSE-NUMBER(1)",
              "control": "Label",
              "reqIndicator": "false",
              "maxChars": "20",
              "value": null,
              "desc": {
                 "text": "Number of customer's house."
              },
              "label": {
                 "text": "House Number"
              },
              "controlLabel": null
           },
           {
              "seq": "1",
              "id": "AMNA-ADDR-1(1)",
              "control": "Label",
              "reqIndicator": "false",
              "maxChars": "40",
              "value": {
                 "text": "46 LAWRENCE ROAD"
              },
              "desc": {
                 "text": "Identifies the mailing address information associated with the individual on file."
              },
              "label": {
                 "text": "Address Line 1"
              },
              "controlLabel": null,
              "subordinates": {
                 "subordinate": {
                    "id": "AMNA-ADDR-1(1)"
                 }
              }
           },
           {
              "seq": "1",
              "id": "AMNA-PSTL-CD(1)",
              "control": "Label",
              "reqIndicator": "false",
              "maxChars": "10",
              "value": {
                 "text": "ST3 4RS"
              },
              "desc": {
                 "text": "Postal code for the address on file."
              },
              "label": {
                 "text": "Postal Code"
              },
              "controlLabel": null
           },
           {
              "seq": "1",
              "id": "AMNA-DOB(1)",
              "control": "Label",
              "reqIndicator": "false",
              "maxChars": "7",
              "value": {
                 "text": "1975211"
              },
              "desc": {
                 "text": "The date of birth for the individual on file."
              },
              "label": {
                 "text": "Date of Birth"
              },
              "controlLabel": null
           },
           {
              "seq": "1",
              "id": "AMNA-MEM-WRD",
              "help": "functions/amna-mem-wrd",
              "control": "Label",
              "reqIndicator": "false",
              "maxChars": "20",
              "value": {
                 "text": "BONSAI"
              },
              "desc": {
                 "text": "Field that indicates the memorable word selected by the customer."
              },
              "label": {
                 "text": "Memorable Word"
              },
              "controlLabel": null
           },
           {
              "seq": "1",
              "id": "AMBS-BLOCK-CODE-1",
              "control": "Label",
              "reqIndicator": "false",
              "maxChars": "1",
              "value": {
                 "text": "L"
              },
              "valueDesc": {
                 "text": "L"
              },
              "desc": {
                 "text": "Identifies the block codes assigned to this account."
              },
              "valueList": {
                 "item": [
                    {
                       "code": ""
                    },
                    {
                       "code": "A",
                       "text": "A"
                    },
                    {
                       "code": "B",
                       "text": "B"
                    },
                    {
                       "code": "C",
                       "text": "C"
                    },
                    {
                       "code": "D",
                       "text": "D"
                    },
                    {
                       "code": "E",
                       "text": "E"
                    },
                    {
                       "code": "F",
                       "text": "F"
                    },
                    {
                       "code": "G",
                       "text": "G"
                    },
                    {
                       "code": "H",
                       "text": "H"
                    },
                    {
                       "code": "I",
                       "text": "I"
                    },
                    {
                       "code": "J",
                       "text": "J"
                    },
                    {
                       "code": "K",
                       "text": "K"
                    },
                    {
                       "code": "L",
                       "text": "L"
                    },
                    {
                       "code": "M",
                       "text": "M"
                    },
                    {
                       "code": "N",
                       "text": "N"
                    },
                    {
                       "code": "O",
                       "text": "O"
                    },
                    {
                       "code": "P",
                       "text": "P"
                    },
                    {
                       "code": "Q",
                       "text": "Q"
                    },
                    {
                       "code": "R",
                       "text": "R"
                    },
                    {
                       "code": "S",
                       "text": "S"
                    },
                    {
                       "code": "T",
                       "text": "T"
                    },
                    {
                       "code": "U",
                       "text": "U"
                    },
                    {
                       "code": "V",
                       "text": "V"
                    },
                    {
                       "code": "W",
                       "text": "W"
                    },
                    {
                       "code": "X",
                       "text": "X"
                    },
                    {
                       "code": "Y",
                       "text": "Y"
                    },
                    {
                       "code": "Z",
                       "text": "Z"
                    }
                 ]
              },
              "label": {
                 "text": "Block Code 1"
              },
              "controlLabel": null
           },
           {
              "seq": "1",
              "id": "AMBS-BLOCK-CODE-2",
              "control": "Label",
              "reqIndicator": "false",
              "maxChars": "1",
              "value": null,
              "valueDesc": null,
              "desc": {
                 "text": "Identifies the block codes assigned to this account."
              },
              "valueList": {
                 "item": [
                    {
                       "code": ""
                    },
                    {
                       "code": "A",
                       "text": "A"
                    },
                    {
                       "code": "B",
                       "text": "B"
                    },
                    {
                       "code": "C",
                       "text": "C"
                    },
                    {
                       "code": "D",
                       "text": "D"
                    },
                    {
                       "code": "E",
                       "text": "E"
                    },
                    {
                       "code": "F",
                       "text": "F"
                    },
                    {
                       "code": "G",
                       "text": "G"
                    },
                    {
                       "code": "H",
                       "text": "H"
                    },
                    {
                       "code": "I",
                       "text": "I"
                    },
                    {
                       "code": "J",
                       "text": "J"
                    },
                    {
                       "code": "K",
                       "text": "K"
                    },
                    {
                       "code": "L",
                       "text": "L"
                    },
                    {
                       "code": "M",
                       "text": "M"
                    },
                    {
                       "code": "N",
                       "text": "N"
                    },
                    {
                       "code": "O",
                       "text": "O"
                    },
                    {
                       "code": "P",
                       "text": "P"
                    },
                    {
                       "code": "Q",
                       "text": "Q"
                    },
                    {
                       "code": "R",
                       "text": "R"
                    },
                    {
                       "code": "S",
                       "text": "S"
                    },
                    {
                       "code": "T",
                       "text": "T"
                    },
                    {
                       "code": "U",
                       "text": "U"
                    },
                    {
                       "code": "V",
                       "text": "V"
                    },
                    {
                       "code": "W",
                       "text": "W"
                    },
                    {
                       "code": "X",
                       "text": "X"
                    },
                    {
                       "code": "Y",
                       "text": "Y"
                    },
                    {
                       "code": "Z",
                       "text": "Z"
                    }
                 ]
              },
              "label": {
                 "text": "Block Code 2"
              },
              "controlLabel": null
           },
           {
              "seq": "1",
              "id": "AMCR-LB-LMS-ACTIVE-FLAG",
              "control": "Hidden",
              "reqIndicator": "false",
              "maxChars": "1",
              "value": {
                 "text": "0"
              },
              "valueDesc": {
                 "text": "False"
              },
              "desc": {
                 "text": "Indicates if the Loyalty Management application is active for this product."
              },
              "valueList": {
                 "item": [
                    {
                       "code": "0",
                       "text": "False"
                    },
                    {
                       "code": "1",
                       "text": "True"
                    }
                 ]
              },
              "label": {
                 "text": "Loyalty Management Active"
              },
              "controlLabel": null,
              "defaultValue": {
                 "text": "0"
              }
           },
           {
              "seq": "1",
              "id": "AMCR-O-EPP-ACTIVE-IND",
              "control": "Hidden",
              "reqIndicator": "false",
              "maxChars": "1",
              "value": {
                 "text": "0"
              },
              "controlLabel": null
           },
           {
              "seq": "1",
              "id": "AMCR-LB-EPP-ACTIVE",
              "control": "Hidden",
              "reqIndicator": "false",
              "maxChars": "1",
              "value": {
                 "text": "0"
              },
              "controlLabel": null
           },
           {
              "seq": "1",
              "id": "AMCR-LB-INSTALL-LOAN-FLAG",
              "control": "Hidden",
              "reqIndicator": "false",
              "maxChars": "1",
              "value": {
                 "text": "0"
              },
              "controlLabel": null
           },
           {
              "seq": "1",
              "id": "AMCR-LB-SDP-FLAG",
              "control": "Hidden",
              "reqIndicator": "false",
              "maxChars": "1",
              "value": {
                 "text": "0"
              },
              "valueDesc": {
                 "text": "False"
              },
              "desc": {
                 "text": "Indicates whether same-day embossing is allowed for the accounts within the product."
              },
              "valueList": {
                 "item": [
                    {
                       "code": "0",
                       "text": "False"
                    },
                    {
                       "code": "1",
                       "text": "True"
                    }
                 ]
              },
              "label": {
                 "text": "Same Day Embossing Allowed"
              },
              "controlLabel": null,
              "defaultValue": {
                 "text": "0"
              }
           },
           {
              "seq": "1",
              "id": "AMCR-S-OMS-INTERFACE-FLAG",
              "control": "Hidden",
              "reqIndicator": "false",
              "maxChars": "1",
              "value": {
                 "text": "1"
              },
              "valueDesc": {
                 "text": "Active"
              },
              "desc": {
                 "text": "Indicates whether the Offer Management System is active. This field is system-generated; you cannot change it."
              },
              "valueList": {
                 "item": [
                    {
                       "code": "0",
                       "text": "Inactive"
                    },
                    {
                       "code": "1",
                       "text": "Active"
                    }
                 ]
              },
              "label": {
                 "text": "Offer Management System Active"
              },
              "controlLabel": null,
              "defaultValue": {
                 "text": "0"
              }
           }
        ]
     }
  ]
}
