{
  "employees": [
    {
      "id": 2,
      "name": "Mike",
      "gender": "Female",
      "contactPreference": "Email",
      "email": "m@gmail.com",
      "dateOfBirth": "1996/06/29",
      "department": "3",
      "isActive": true,
      "photoPath": "/assets/Images/Slee.jpg"
    },
    {
      "id": 3,
      "name": "Ram",
      "gender": "Male",
      "contactPreference": "Phone",
      "email": "m@gmail.com",
      "phoneNumber": 1123346778,
      "dateOfBirth": "2011/09/23",
      "department": "3",
      "isActive": true,
      "photoPath": "/assets/Images/Slee.jpg"
    },
    {
      "id": 4,
      "name": "Nike",
      "gender": "Male",
      "email": "nike@gmail.com",
      "phoneNumber": "1",
      "dateOfBirth": null,
      "department": "5",
      "isActive": true,
      "photoPath": "/assets/Images/Mike.png",
      "contactPreference": "Email"
    },
    {
      "id": 5,
      "name": "Jessy",
      "gender": "Female",
      "email": "m@gmail.com",
      "phoneNumber": "1123346778",
      "dateOfBirth": null,
      "department": "2",
      "isActive": true,
      "photoPath": "/assets/Images/Mike.png",
      "contactPreference": "Email"
    },
    {
      "id": 6,
      "name": "Mike",
      "gender": "Female",
      "email": "m@gmail.com",
      "phoneNumber": "1123346778",
      "dateOfBirth": null,
      "department": "2",
      "isActive": true,
      "photoPath": "/assets/Images/Slee.jpg",
      "contactPreference": "Email"
    },
    {
      "id": 7,
      "name": "Jessy",
      "gender": "Female",
      "email": "m@gmail.com",
      "phoneNumber": "1123346778",
      "dateOfBirth": null,
      "department": "3",
      "isActive": true,
      "photoPath": "/assets/Images/Mike.png",
      "contactPreference": "Email"
    },
    {
      "id": 8,
      "name": "Jessy",
      "gender": "Female",
      "email": "nike@gmail.com",
      "phoneNumber": "1",
      "dateOfBirth": null,
      "department": "3",
      "isActive": true,
      "photoPath": "/assets/Images/Slee.jpg",
      "contactPreference": "Email"
    },
    {
      "id": 9,
      "name": "Mike",
      "gender": "Female",
      "email": "nike@gmail.com",
      "phoneNumber": "1123346778",
      "dateOfBirth": null,
      "department": "3",
      "isActive": true,
      "photoPath": "/assets/Images/Slee.jpg",
      "contactPreference": "Email"
    },
    {
      "id": 10,
      "name": "Jessy",
      "gender": "Female",
      "email": "m@gmail.com",
      "phoneNumber": "1123346778",
      "dateOfBirth": null,
      "department": "2",
      "isActive": true,
      "photoPath": "/assets/Images/Mike.png",
      "contactPreference": "Email"
    },
    {
      "id": 11,
      "name": "Sam",
      "gender": "Female",
      "email": "sid@gmail.com",
      "phoneNumber": "234556",
      "dateOfBirth": null,
      "department": "2",
      "isActive": true,
      "photoPath": "assets/Images/Mike.png",
      "contactPreference": "Email"
    },
    {
      "id": 12,
      "name": "Sam",
      "gender": "Male",
      "email": "sid@gmail.com",
      "phoneNumber": "234556",
      "dateOfBirth": null,
      "department": "2",
      "isActive": true,
      "photoPath": "assets/Images/Mike.png",
      "contactPreference": "Email"
    },
    {
      "id": 13,
      "name": "Sam",
      "gender": "Male",
      "email": "sid@gmail.com",
      "phoneNumber": "234556",
      "dateOfBirth": null,
      "department": "2",
      "isActive": true,
      "photoPath": "assets/Images/Mike.png",
      "contactPreference": "Phone"
    },
    {
      "id": 14,
      "name": "Sam",
      "gender": "Male",
      "email": "sid@gmail.com",
      "phoneNumber": "234556",
      "dateOfBirth": null,
      "department": "2",
      "isActive": true,
      "photoPath": "assets/Images/Mike.png",
      "contactPreference": "Email"
    },
    {
      "id": 15,
      "name": "Sam",
      "gender": "Male",
      "email": "sid@gmail.com",
      "phoneNumber": "234556",
      "dateOfBirth": null,
      "department": "3",
      "isActive": true,
      "photoPath": "assets/Images/Mike.png",
      "contactPreference": "Email"
    },
    {
      "id": 16,
      "name": "Sam",
      "gender": "Female",
      "email": "sid@gmail.com",
      "phoneNumber": "234556",
      "dateOfBirth": null,
      "department": "3",
      "isActive": true,
      "photoPath": "assets/Images/Mike.png",
      "contactPreference": "Phone"
    },
    {
      "id": 17,
      "name": "Sam",
      "gender": "Male",
      "email": "sid@gmail.com",
      "phoneNumber": "234556",
      "dateOfBirth": null,
      "department": "2",
      "isActive": true,
      "photoPath": "assets/Images/Mike.png",
      "contactPreference": "Email"
    }
  ]
}