{
   "paramMgt": {
      "menuService": "http://shinedev1zb.fdi.1dc.com:2080/baseParamMgt/servlet/VxMenu",
      "pageService": "http://shinedev1zb.fdi.1dc.com:2080/baseParamMgt/servlet/VxFCServlet",
      "logoutService": "http://shinedev1zb.fdi.1dc.com:2080/baseParamMgt/servlet/Logout",
      "camService": "http://shinedev1zb.fdi.1dc.com:2080/baseCAMService/cam/",
      "helpService": "http://shinedev1zb.fdi.1dc.com:2080/base-help/parammgt/"
   },
   "custSvc": {
      "customerService": "http://shinedev1z1.fdi.1dc.com:30080/baseCustSvc/servlet/",
      "helpService": "http://shinedev1zb.fdi.1dc.com:2080/base-help/custSvc/",
      "logoImages": [
         {
            "org": "700",
            "path": "assets/images/logoImages/argos.png"
         },
         {
            "org": "702",
            "path": "assets/images/logoImages/thomas_cook.png"
         },
         {
            "org": "800",
            "path": "assets/images/logoImages/PCR.jpg"
         },
         {
            "org": "805",
            "path": "assets/images/logoImages/hilton_honors.png"
         },
         {
            "org": "810",
            "path": "assets/images/logoImages/bhs.png"
         },
         {
            "org": "815",
            "path": "assets/images/logoImages/itunes.gif"
         },
         {
            "org": "820",
            "path": "customerService/logos/orangeMobile.gif"
         },
         {
            "org": "100",
            "path": "assets/images/logoImages/argos.png"
         }
      ]
   },
   "xuiSvc": {
      "xuiService": "http://shinedev1z1.fdi.1dc.com:32080/extendedUI/servlet/",
      "menuService": "http://shinedev1z1.fdi.1dc.com:32080/extendedUI/servlet/VxMenu/"
   },
   "uiToolKit": {
      "uiToolkitService": "http://shinedev1zb.fdi.1dc.com:2080/baseToolkit/ui/"
   },
   "newtonServices": "http://shinedev1zb.fdi.1dc.com:2080/NewtonQA",
   "puiRefreshUrl": {
      "url": "http://shinedev1zb.fdi.1dc.com:2080/paramMgt/servlet/cache"
   },
   "ezservice": "http://shinedev1zb.fdi.1dc.com:2080/ez-pass",
   "ezbatchservice": "http://shinedev1zb.fdi.1dc.com:16080/ezbatch/batch/jobs/compareMetadata",
   "openSSO": {
      "ssoLogout": "http://shinedev1zb.fdi.1dc.com:2080/opensso/UI/Logout",
      "ssoWSDL": "http://shinedev1zb.fdi.1dc.com:2080/EntitlementBeanService/EntitlementBean?WSDL",
      "ssoChangePwd": "http://shinedev1zb.fdi.1dc.com:2080/ChangePasswordBeanService/ChangePasswordBean?WSDL",
      "pwdExpiryNotifiyLimit": "366",
      "userProvisionWSDL": "http://shinedev1zb.fdi.1dc.com:2080/ProvisionUserBeanService/ProvisionUserBean?WSDL",
      "securityProvisioningWSDL": "http://shinedev1zb.fdi.1dc.com:2080/SecurityProvisioningService/SecurityProvisioning?wsdl",
      "ssoUserAttrWSDL": "http://shinedev1zb.fdi.1dc.com:2080/UserAttrManagementBeanService/UserAttrManagementBean?WSDL",
      "functionActionWSDL": "http://shinedev1zb.fdi.1dc.com:2080/FunctionActionService/FunctionActionProvisioning?wsdl",
      "helpService": "http://shinedev1zb.fdi.1dc.com:2080/base-help/SecAdm/",
      "managerProvisionWSDL": "http://shinedev1zb.fdi.1dc.com:2080/ManagerProvisionBeanService/ManagerProvisionBean?wsdl",
      "clientPermissionsWSDL": "http://shinedev1zb.fdi.1dc.com:2080/ClientPermissionsBeanService/ClientPermissionsBean?wsdl"
   },
   "eeProvisioning": {
      "applications": [
         {
            "label": "Customer Service",
            "code": "custSvc",
            "entitlement": "ee custSvc business role admin"
         },
         {
            "label": "Parameter Management",
            "code": "parammgt",
            "entitlement": "ee paramMgt business role admin"
         },
         {
            "label": "Predigy",
            "code": "predigy",
            "entitlement": "ee predigy business role admin"
         },
         {
            "label": "Entitlement Enforcer",
            "code": "ee",
            "entitlement": "ee ee business role admin"
         },
         {
            "label": "Newton",
            "code": "newton",
            "entitlement": "ee newton business role admin"
         },
         {
            "label": "Extended UI",
            "code": "extendedUI",
            "entitlement": "ee extendedUI business role admin"
         }
      ]
   },
   "language": [
      {
         "name": "English",
         "locale": "en_US"
      },
      {
         "name": "Chinese",
         "locale": "zh_CN"
      },
      {
         "name": "French",
         "locale": "fr_FR"
      },
      {
         "name": "Portuguese",
         "locale": "pt_BR"
      },
      {
         "name": "Special Character",
         "locale": "sc_SC"
      }
   ],
   "suppression": [
      {
         "name": "All",
         "label": "Receive All Emails",
         "value": "0"
      },
      {
         "name": "NonCRIntiated",
         "label": "Suppress Non CR-Initiated Emails",
         "value": "1"
      }
   ],
   "cleanUpUrls": {
      "url": "http://shinedev1zb.fdi.1dc.com:2080/paramMgt/servlet/Logout/"
   },
   "webtop": {
      "helpService": "http://shinedev1zb.fdi.1dc.com:2080/base-help/webtop/"
   },
   "runAsStandAlone": "false",
   "runType": "debug",
   "debugUser": "user03",
   "debugPassword": "Password1",
   "releaseType": "BASE"
}