{
  "validFunctions": {
     "functions": [
        {
           "id": "Add Card",
           "className": "customerService.view.emea.dialogs.addCard.EMEAAddNewCard"
        },
        {
           "id": "08032 Add Cardholder",
           "className": "customerService.view.dialogs.AddNewCard"
        },
        {
           "id": "Add Card Customer",
           "className": "customerService.view.dialogs.cardAdd.AddNewCardCS"
        },
        {
           "id": "Address Change",
           "className": "customerService.view.dialogs.AddressChange"
        },
        {
           "id": "Insurance Addon New",
           "className": "customerService.view.dialogs.AddInsurance"
        },
        {
           "id": "Insurance Addon Amend",
           "className": "customerService.view.dialogs.AmendInsuranceAddOns"
        },
        {
           "id": "Amend Billing Cycle",
           "containerName": "customerService.view.dialogs.AmendBillingCycleContainer"
        },
        {
           "id": "08032 Apply Block",
           "className": "customerService.view.dialogs.ApplyBlockCode"
        },
        {
           "id": "08032 Failed Verification",
           "className": "customerService.view.dialogs.ApplyBlockCode"
        },
        {
           "id": "Failed Verification",
           "className": "customerService.view.base.dialogs.baseBlock.BlockOnFailedVerification"
        },
        {
           "id": "08032 Lost",
           "className": "customerService.view.dialogs.ApplyBlockCode"
        },
        {
           "id": "Lost",
           "className": "customerService.view.base.dialogs.baseBlock.BlockLostCard"
        },
        {
           "id": "Apply Account Block",
           "className": "FunctionTabManager",
           "containerName": "customerService.view.base.dialogs.baseBlock.ApplyAccountBCContainer"
        },
        {
           "id": "Account Block 1",
           "tabContainer": "Apply Account Block"
        },
        {
           "id": "Account Block 2",
           "tabContainer": "Apply Account Block"
        },
        {
           "id": "01059 Apply Account Block",
           "className": "FunctionTabManager",
           "containerName": "customerService.view.base.dialogs.baseBlock.ApplyAccountBCContainer"
        },
        {
           "id": "01059 Account Block 1",
           "tabContainer": "01059 Apply Account Block"
        },
        {
           "id": "01059 Account Block 2",
           "tabContainer": "01059 Apply Account Block"
        },
        {
           "id": "Apply Card Block",
           "className": "customerService.view.base.dialogs.baseBlock.ApplyCardBlock"
        },
        {
           "id": "Card Activation",
           "className": "customerService.view.dialogs.CardActivation"
        },
        {
           "id": "Close Account",
           "className": "customerService.view.base.dialogs.baseClose.CloseAccountBase"
        },
        {
           "id": "08032 Close Account",
           "className": "customerService.view.dialogs.CloseAccount"
        },
        {
           "id": "08032 CPP IPP"
        },
        {
           "id": "Credit Limit",
           "className": "FunctionTabManager",
           "containerName": "customerService.view.dialogs.creditLimit.CreditLimitContainer"
        },
        {
           "id": "Direct Credit",
           "className": "customerService.view.dialogs.directCredit.DirectCredit"
        },
        {
           "id": "Recurring Direct Credit",
           "tabContainer": "Direct Credit"
        },
        {
           "id": "On Demand Direct Credit",
           "tabContainer": "Direct Credit",
           "containerName": "customerService.view.dialogs.directCredit.OnDemandDirectCredit"
        },
        {
           "id": "Direct Debit"
        },
        {
           "id": "Skip Payment",
           "containerName": "customerService.view.dialogs.SkipPayment"
        },
        {
           "id": "08032 Direct Debit"
        },
        {
           "id": "Fee Adjustment",
           "className": "customerService.view.dialogs.FeeAdjustmentList",
           "alternateClassName": "customerService.view.dialogs.FeeAdjustment"
        },
        {
           "id": "Fraud Referral",
           "containerName": "customerService.view.dialogs.FraudReferralViewer"
        },
        {
           "id": "Interest Adjustment",
           "className": "customerService.view.dialogs.InterestAdjustmentList",
           "alternateClassName": "customerService.view.dialogs.InterestAdjustment"
        },
        {
           "id": "Initiate Dispute",
           "className": "customerService.view.dialogs.InitiateDispute"
        },
        {
           "id": "Maintain Co-Owner",
           "className": "FunctionTabManager"
        },
        {
           "id": "Opt In Opt Out",
           "className": "FunctionTabManager",
           "containerName": "customerService.view.dialogs.optInOptOut.AccountAlertContainer"
        },
        {
           "id": "Account Alert",
           "tabContainer": "Opt In Opt Out"
        },
        {
           "id": "01341 Account Alert",
           "tabContainer": "Opt In Opt Out"
        },
        {
           "id": "Pin Request",
           "className": "customerService.view.dialogs.PinRequest"
        },
        {
           "id": "Pin Management",
           "className": "customerService.view.dialogs.pinManagement.PinManagement"
        },
        {
           "id": "Pin Count Reset",
           "tabContainer": "Pin Management",
           "containerName": "customerService.view.dialogs.pinManagement.PinCountResetContainer"
        },
        {
           "id": "Pin Request",
           "tabContainer": "Pin Management",
           "containerName": "customerService.view.dialogs.pinManagement.PinRequestContainer"
        },
        {
           "id": "Reinstate Account",
           "containerName": "customerService.view.dialogs.ReinstateAccountContainer"
        },
        {
           "id": "08032 Reinstate Account",
           "containerName": "customerService.view.dialogs.ReinstateAccountContainer"
        },
        {
           "id": "Send Letter",
           "className": "customerService.view.dialogs.SendLetterViewer"
        },
        {
           "id": "Statement Options",
           "className": "FunctionTabManager",
           "containerName": "customerService.view.dialogs.statementOptions.StatementOptionsContainer"
        },
        {
           "id": "Product Transfer and Graduation",
           "className": "customerService.view.dialogs.transferFolder.Transfer"
        },
        {
           "id": "Add Address",
           "label": "Add Address",
           "className": "customerService.view.dialogs.AddAddress"
        },
        {
           "id": "Temporary Address",
           "tabContainer": "Add Address"
        },
        {
           "id": "Correspondence Address",
           "tabContainer": "Add Address"
        },
        {
           "id": "Temporary Address",
           "tabContainer": "Add Address"
        },
        {
           "id": "Correspondence Address",
           "tabContainer": "Add Address"
        },
        {
           "id": "01341 Add Address",
           "label": "Add Address",
           "className": "customerService.view.dialogs.AddAddressBanco"
        },
        {
           "id": "01341 Temporary Address",
           "tabContainer": "01341 Add Address"
        },
        {
           "id": "01341 Correspondence Address",
           "tabContainer": "01341 Add Address"
        },
        {
           "id": "Points Viewer",
           "className": "customerService.view.dialogs.PointsViewer"
        },
        {
           "id": "Reward Statement",
           "className": "customerService.view.dialogs.RewardStatement"
        },
        {
           "id": "Reward Redeem Points",
           "className": "customerService.view.dialogs.RedeemPointsViewer"
        },
        {
           "id": "Reward Adjust Points",
           "className": "customerService.view.dialogs.AdjustmentPointViewer"
        },
        {
           "id": "Add Note",
           "className": "customerService.view.dialogs.AddNote"
        },
        {
           "id": "Amend Cardholder",
           "className": "customerService.view.dialogs.amendCardHolder.AmendCardHolderDetails",
           "containerName": "customerService.view.dialogs.amendCardHolder.CardHolderDetailsContainer"
        },
        {
           "id": "Amend Cardholder Card Details",
           "tabContainer": "Amend Cardholder"
        },
        {
           "id": "Amend Cardholder Permanent Memos",
           "tabContainer": "Amend Cardholder"
        },
        {
           "id": "Amend Cardholder Address Details",
           "tabContainer": "Amend Cardholder"
        },
        {
           "id": "Amend Cardholder Card Address Details",
           "tabContainer": "Amend Cardholder"
        },
        {
           "id": "01341 Amend Cardholder Address Details",
           "tabContainer": "Amend Cardholder"
        },
        {
           "id": "Amend Cardholder Contact Details",
           "tabContainer": "Amend Cardholder"
        },
        {
           "id": "Amend Cardholder Associated Parties Details",
           "tabContainer": "Amend Cardholder"
        },
        {
           "id": "Amend Cardholder Name Details",
           "tabContainer": "Amend Cardholder"
        },
        {
           "id": "Amend Cardholder Personal Details",
           "tabContainer": "Amend Cardholder"
        },
        {
           "id": "Annual Statement Date Viewer",
           "className": "customerService.view.dialogs.AnnualStatementDateView"
        },
        {
           "id": "Statement Viewer",
           "className": "customerService.view.dialogs.StatementViewer"
        },
        {
           "id": "Reward Statement Viewer",
           "className": "customerService.view.dialogs.RewardStatement"
        },
        {
           "id": "InsuranceAddOns Viewer",
           "className": "customerService.view.dialogs.InsuranceAddOns"
        },
        {
           "id": "Installment Anticipation",
           "className": "customerService.view.dialogs.AnticipationPurchase.AnticipationPurchaseInstallment"
        },
        {
           "id": "Statement Installment Viewer",
           "className": "customerService.view.components.CSAutoGridCanvas"
        },
        {
           "id": "Installement Viewer",
           "className": "customerService.view.dialogs.InstallmentViewer"
        },
        {
           "id": "Active Installments",
           "tabContainer": "Installement Viewer"
        },
        {
           "id": "History Installments",
           "tabContainer": "Installement Viewer"
        },
        {
           "id": "Cancel Purchase",
           "className": "customerService.view.dialogs.CancelPurchaseInstallment"
        },
        {
           "id": "Revert Cancel Purchase",
           "className": "customerService.view.dialogs.RevertCancelPurchase"
        },
        {
           "id": "Cancel Anticipation Installment",
           "className": "customerService.view.dialogs.CancelAnticipateInstallment"
        },
        {
           "id": "Anticipation Purchase",
           "className": "customerService.view.dialogs.AnticipationPurchase.AnticipationPurchaseInstallment"
        },
        {
           "id": "Online Installment Simulator",
           "className": "customerService.view.dialogs.InstallmentSimulator"
        },
        {
           "id": "Lost Stolen Card Account Entry",
           "className": "customerService.view.dialogs.LostAndStolen"
        },
        {
           "id": "Lost Stolen Card Customer Entry",
           "className": "customerService.view.dialogs.LostAndStolen"
        },
        {
           "id": "Lost Stolen Card No Entry",
           "className": "customerService.view.dialogs.LostAndStolen"
        },
        {
           "id": "Lost Stolen Card No Entry No Transfer",
           "className": "customerService.view.dialogs.LostAndStolen"
        },
        {
           "id": "Lost Stolen Card Instant Issuance",
           "className": "customerService.view.dialogs.LostAndStolenInstantIssuance"
        },
        {
           "id": "Force Authorisation",
           "className": "customerService.view.dialogs.ForceAuthorisations"
        },
        {
           "id": "Initiate Dispute",
           "className": "customerService.view.dialogs.InitiateDispute"
        },
        {
           "id": "Prepaid Reload",
           "className": "customerService.view.dialogs.prepaidCards.PrepaidReload",
           "containerName": "customerService.view.dialogs.prepaidCards.OnDemandPrepaidReload"
        },
        {
           "id": "Loan Payoff Quote Viewer",
           "className": "customerService.view.dialogs.Loans.LoansFunction",
           "containerName": "customerService.view.dialogs.Loans.LoansFunctionLoad"
        },
        {
           "id": "Loan Topup Redraw Viewer",
           "className": "customerService.view.dialogs.Loans.LoansFunction",
           "containerName": "customerService.view.dialogs.Loans.LoansFunctionLoad"
        },
        {
           "id": "Loan Reschedule Viewer",
           "className": "customerService.view.dialogs.Loans.LoansFunction",
           "containerName": "customerService.view.dialogs.Loans.LoansFunctionLoad"
        },
        {
           "id": "Offer Account Enrollment Enroll",
           "containerName": "customerService.view.accountFolder.OfferEnroll"
        },
        {
           "id": "Offer Account Enrollment Extend",
           "containerName": "customerService.view.accountFolder.OfferFunction"
        },
        {
           "id": "Offer Account Enrollment Accept",
           "containerName": "customerService.view.accountFolder.OfferFunction"
        },
        {
           "id": "Offer Account Enrollment Cancel",
           "containerName": "customerService.view.accountFolder.OfferFunction"
        },
        {
           "id": "Offer Account Enrollment Decline",
           "containerName": "customerService.view.accountFolder.OfferFunction"
        },
        {
           "id": "Transaction Conversion to EPP",
           "className": "customerService.view.dialogs.EPPConversion"
        },
        {
           "id": "Plan Conversion to EPP",
           "className": "customerService.view.dialogs.EPPConversion"
        },
        {
           "id": "EPP Closure or Cancellation",
           "containerName": "customerService.view.dialogs.EPPCancelClosureContainer"
        },
        {
           "id": "Credit Adjustment",
           "className": "FunctionTabManager",
           "containerName": "customerService.view.dialogs.adjustments.CreditDebitAdjustmentContainer"
        },
        {
           "id": "Debit Adjustment",
           "className": "FunctionTabManager",
           "containerName": "customerService.view.dialogs.adjustments.CreditDebitAdjustmentContainer"
        },
        {
           "id": "Credit Adjustment Transaction",
           "containerName": "customerService.view.dialogs.adjustments.TransactionAdjustmentContainer"
        },
        {
           "id": "Debit Adjustment Transaction",
           "containerName": "customerService.view.dialogs.adjustments.TransactionAdjustmentContainer"
        },
        {
           "id": "Credit Adjustment Transaction QM",
           "containerName": "customerService.view.dialogs.adjustments.TransactionAdjustmentContainer"
        },
        {
           "id": "Debit Adjustment Transaction QM",
           "containerName": "customerService.view.dialogs.adjustments.TransactionAdjustmentContainer"
        },
        {
           "id": "Balance Transfer",
           "className": "customerService.view.dialogs.BalanceAndMoneyTransfer.BalanceTransferFunctionContainer"
        },
        {
           "id": "Money Transfer",
           "className": "customerService.view.dialogs.BalanceAndMoneyTransfer.MoneyTransferFunctionContainer"
        },
        {
           "id": "01074 Bypass Memorable Word",
           "className": "customerService.view.base.dialogs.MemoContainer"
        },
        {
           "id": "01074 Direct Debit",
           "containerName": "customerService.view.dialogs.firefly.DirectDebit"
        },
        {
           "id": "Suppress Letters",
           "containerName": "customerService.view.dialogs.firefly.SuppressLetterContainer"
        },
        {
           "id": "Update Payment History",
           "containerName": "customerService.view.dialogs.firefly.UpdatePaymentContainer"
        },
        {
           "id": "Suppress Interest Fees",
           "className": "FunctionTabManager",
           "containerName": "customerService.view.dialogs.firefly.SuppressInterestsFeesContainer"
        },
        {
           "id": "01074 Suppress Letters",
           "containerName": "customerService.view.dialogs.firefly.SuppressLetterContainer"
        },
        {
           "id": "01074 Update Payment History",
           "containerName": "customerService.view.dialogs.firefly.UpdatePaymentContainer"
        },
        {
           "id": "01074 Suppress Interest Fees",
           "className": "FunctionTabManager",
           "containerName": "customerService.view.dialogs.firefly.SuppressInterestsFeesContainer"
        },
        {
           "id": "Account Pricing",
           "className": "customerService.view.dialogs.firefly.SuppressTabManager",
           "containerName": "customerService.view.dialogs.firefly.AccountPricingContainer"
        },
        {
           "id": "Ecommerce Restrictions",
           "containerName": "customerService.view.dialogs.EcommerceRestrictionsContainer"
        },
        {
           "id": "Authorisation Request",
           "containerName": "customerService.view.dialogs.AuthorizationRequest"
        },
        {
           "id": "Reverse Authorisation",
           "className": "customerService.view.dialogs.ReverseAuthorisations"
        },
        {
           "id": "Plan Transfer",
           "className": "customerService.view.dialogs.firefly.SuppressTabManager"
        },
        {
           "id": "Wallet Statement Viewer",
           "containerName": "FunctionWindowManager",
           "className": "customerService.view.dialogs.Wallets.WalletStatementViewer"
        },
        {
           "id": "Wallet Transfer",
           "className": "customerService.view.dialogs.Wallets.WalletTransferFunctionContainer"
        },
        {
           "id": "Wallet Redemption",
           "className": "customerService.view.dialogs.Wallets.WalletRedeemFunction"
        },
        {
           "id": "Wallet Viewer",
           "containerName": "customerService.view.dialogs.WalletViewer"
        }
     ]
  },
  "skipFieldId": [
     {
        "id": "Card Level Restriction",
        "containerName": "customerService.view.dialogs.EcommerceRestrictionsContainer"
     },
     {
        "id": "Lost Stolen Card Instant Issuance",
        "containerName": "customerService.view.dialogs.LostAndStolenInstantIssuance"
     }
  ],
  "functionOverrides": {
     "overrides": [
        {
           "id": "Account Level Restriction",
           "buttonCancel": "Close"
        },
        {
           "id": "Card Level Restriction",
           "buttonCancel": "Close"
        },
        {
           "id": "Amend Billing Cycle",
           "buttonLabel": "Amend"
        },
        {
           "id": "08032 CPP IPP",
           "sendLetter": "false"
        },
        {
           "id": "Skip Payment",
           "isValidItem": "Skip Payment"
        },
        {
           "id": "Fraud Referral",
           "sendLetter": "false",
           "buttonLabel": "Send",
           "width": "490",
           "height": "400"
        },
        {
           "id": "Maintain Co-Owner",
           "title": "Co-Owner Maintenance",
           "buttonLabel": "Amend"
        },
        {
           "id": "Opt In Opt Out",
           "isValidItem": "Skip OptInOptOut"
        },
        {
           "id": "Reinstate Account",
           "buttonLabel": "Reinstate"
        },
        {
           "id": "08032 Reinstate Account",
           "buttonLabel": "Reinstate"
        },
        {
           "id": "Statement Options",
           "width": "680",
           "height": "480"
        },
        {
           "id": "Product Transfer and Graduation"
        },
        {
           "id": "Card Viewer",
           "width": "920",
           "height": "420"
        },
        {
           "id": "Plan Viewer",
           "width": "960",
           "height": "379"
        },
        {
           "id": "Outstanding Authorizations",
           "width": "920",
           "height": "420"
        },
        {
           "id": "01074 Update Payment History",
           "width": "1000"
        },
        {
           "id": "Card Replacement",
           "width": "920",
           "height": "620",
           "buttonLabel": "Replace",
           "gridItemRenderer": "CardReplaceGridItemRenderer"
        },
        {
           "id": "Update Contact Numbers",
           "width": "500",
           "height": "430"
        },
        {
           "id": "Apply Card Block",
           "width": "650",
           "height": "500",
           "buttonLabel": "Block"
        },
        {
           "id": "Loan Reschedule",
           "width": "800"
        },
        {
           "id": "Loan Amortization",
           "width": "800"
        },
        {
           "id": "Loan Payment Schedule",
           "width": "800"
        },
        {
           "id": "Offer Account Enrollment Accept",
           "buttonLabel": "Accept"
        },
        {
           "id": "Offer Account Enrollment Decline",
           "buttonLabel": "Decline"
        },
        {
           "id": "Offer Account Enrollment Extend",
           "buttonLabel": "Extend"
        },
        {
           "id": "EPP Closure or Cancellation",
           "width": "600",
           "height": "600"
        },
        {
           "id": "Authorisation Request",
           "title": "Authorisation Request",
           "buttonLabel": "Authorise",
           "afterSubmit": "Authorisation Request2"
        },
        {
           "id": "Authorization Reversal",
           "title": "Revesal",
           "buttonLabel": "Reverse"
        },
        {
           "id": "Credit Adjustment",
           "width": "550",
           "height": "650",
           "buttonLabel": "Adjust",
           "functionNature": "Monetary",
           "note": [
              {
                 "id": "ARXTDO-EFF-DATE",
                 "key": "effectiveDate",
                 "xref": "ASXMAI-EFF-DATE"
              },
              {
                 "id": "ARXTDO-PLAN",
                 "key": "planNumber",
                 "xref": "ASXMAI-PLAN-NBR"
              },
              {
                 "id": "ARXTDO-PLAN-SEQ",
                 "key": "planSequence",
                 "xref": "ASXMAI-PLAN-SEQ"
              },
              {
                 "id": "ARXTDO-AMT",
                 "key": "transactionAmount",
                 "xref": "ASXMAI-TXN-AMOUNT"
              },
              {
                 "id": "ARXTDO-STORE-NBR",
                 "key": "storeNumber",
                 "xref": "ASXMAI-STORE-NBR"
              },
              {
                 "id": "ARXTDO-INS-PROD",
                 "key": "insCode",
                 "xref": "ASXMAI-INS-CODE"
              },
              {
                 "id": "AMAC-ACTION-CODE",
                 "key": "actionCode",
                 "xref": "ASXMAI-ACTION-CODE"
              }
           ]
        },
        {
           "id": "Debit Adjustment",
           "width": "550",
           "height": "650",
           "buttonLabel": "Adjust",
           "functionNature": "Monetary",
           "note": [
              {
                 "id": "ARXTDO-EFF-DATE",
                 "key": "effectiveDate",
                 "xref": "ASXMAI-EFF-DATE"
              },
              {
                 "id": "ARXTDO-PLAN",
                 "key": "planNumber",
                 "xref": "ASXMAI-PLAN-NBR"
              },
              {
                 "id": "ARXTDO-PLAN-SEQ",
                 "key": "planSequence",
                 "xref": "ASXMAI-PLAN-SEQ"
              },
              {
                 "id": "ARXTDO-AMT",
                 "key": "transactionAmount",
                 "xref": "ASXMAI-TXN-AMOUNT"
              },
              {
                 "id": "ARXTDO-STORE-NBR",
                 "key": "storeNumber",
                 "xref": "ASXMAI-STORE-NBR"
              },
              {
                 "id": "ARXTDO-INS-PROD",
                 "key": "insCode",
                 "xref": "ASXMAI-INS-CODE"
              },
              {
                 "id": "AMAC-ACTION-CODE",
                 "key": "actionCode",
                 "xref": "ASXMAI-ACTION-CODE"
              }
           ]
        },
        {
           "id": "Debit Reversal",
           "width": "550",
           "height": "650",
           "buttonLabel": "Adjust",
           "functionNature": "Monetary",
           "note": [
              {
                 "id": "ARXTDO-EFF-DATE",
                 "key": "effectiveDate",
                 "xref": "ASXMAI-EFF-DATE"
              },
              {
                 "id": "ARXTDO-PLAN",
                 "key": "planNumber",
                 "xref": "ASXMAI-PLAN-NBR"
              },
              {
                 "id": "ARXTDO-PLAN-SEQ",
                 "key": "planSequence",
                 "xref": "ASXMAI-PLAN-SEQ"
              },
              {
                 "id": "ARXTDO-AMT",
                 "key": "transactionAmount",
                 "xref": "ASXMAI-TXN-AMOUNT"
              },
              {
                 "id": "ARXTDO-STORE-NBR",
                 "key": "storeNumber",
                 "xref": "ASXMAI-STORE-NBR"
              },
              {
                 "id": "ARXTDO-INS-PROD",
                 "key": "insCode",
                 "xref": "ASXMAI-INS-CODE"
              },
              {
                 "id": "AMAC-ACTION-CODE",
                 "key": "actionCode",
                 "xref": "ASXMAI-ACTION-CODE"
              }
           ]
        },
        {
           "id": "Apply Credit",
           "width": "550",
           "height": "650",
           "buttonLabel": "Apply",
           "functionNature": "Monetary",
           "note": [
              {
                 "id": "ARXPVOZ-PLAN-DATE",
                 "key": "effectiveDate",
                 "xref": "ASXMAI-EFF-DATE"
              },
              {
                 "id": "ARXPVOZ-PLAN-NBR",
                 "key": "planNumber",
                 "xref": "ASXMAI-PLAN-NBR"
              },
              {
                 "id": "ARXPVOZ-REC-NBR",
                 "key": "planSequence",
                 "xref": "ASXMAI-PLAN-SEQ"
              },
              {
                 "id": "ARXPVOZ-CURR-BAL",
                 "key": "transactionAmount",
                 "xref": "ASXMAI-TXN-AMOUNT"
              },
              {
                 "id": "ARXTDO-STORE-NBR",
                 "key": "storeNumber",
                 "xref": "ASXMAI-STORE-NBR"
              },
              {
                 "id": "ARXTDO-INS-PROD",
                 "key": "insCode",
                 "xref": "ASXMAI-INS-CODE"
              },
              {
                 "id": "AMAC-ACTION-CODE",
                 "key": "actionCode",
                 "xref": "ASXMAI-ACTION-CODE"
              }
           ]
        },
        {
           "id": "Apply Payment",
           "width": "550",
           "height": "650",
           "buttonLabel": "Apply",
           "functionNature": "Monetary",
           "note": [
              {
                 "id": "ARXPVOZ-PLAN-DATE",
                 "key": "effectiveDate",
                 "xref": "ASXMAI-EFF-DATE"
              },
              {
                 "id": "ARXPVOZ-PLAN-NBR",
                 "key": "planNumber",
                 "xref": "ASXMAI-PLAN-NBR"
              },
              {
                 "id": "ARXPVOZ-REC-NBR",
                 "key": "planSequence",
                 "xref": "ASXMAI-PLAN-SEQ"
              },
              {
                 "id": "ARXPVOZ-CURR-BAL",
                 "key": "transactionAmount",
                 "xref": "ASXMAI-TXN-AMOUNT"
              },
              {
                 "id": "ARXTDO-STORE-NBR",
                 "key": "storeNumber",
                 "xref": "ASXMAI-STORE-NBR"
              },
              {
                 "id": "ARXTDO-INS-PROD",
                 "key": "insCode",
                 "xref": "ASXMAI-INS-CODE"
              },
              {
                 "id": "AMAC-ACTION-CODE",
                 "key": "actionCode",
                 "xref": "ASXMAI-ACTION-CODE"
              }
           ]
        },
        {
           "id": "Credit Reversal",
           "width": "550",
           "height": "650",
           "buttonLabel": "Adjust",
           "functionNature": "Monetary",
           "note": [
              {
                 "id": "ARXTDO-EFF-DATE",
                 "key": "effectiveDate",
                 "xref": "ASXMAI-EFF-DATE"
              },
              {
                 "id": "ARXTDO-PLAN",
                 "key": "planNumber",
                 "xref": "ASXMAI-PLAN-NBR"
              },
              {
                 "id": "ARXTDO-PLAN-SEQ",
                 "key": "planSequence",
                 "xref": "ASXMAI-PLAN-SEQ"
              },
              {
                 "id": "ARXTDO-AMT",
                 "key": "transactionAmount",
                 "xref": "ASXMAI-TXN-AMOUNT"
              },
              {
                 "id": "ARXTDO-STORE-NBR",
                 "key": "storeNumber",
                 "xref": "ASXMAI-STORE-NBR"
              },
              {
                 "id": "ARXTDO-INS-PROD",
                 "key": "insCode",
                 "xref": "ASXMAI-INS-CODE"
              },
              {
                 "id": "AMAC-ACTION-CODE",
                 "key": "actionCode",
                 "xref": "ASXMAI-ACTION-CODE"
              }
           ]
        },
        {
           "id": "Fee Debit",
           "width": "550",
           "height": "650",
           "buttonLabel": "Apply",
           "functionNature": "Monetary",
           "note": [
              {
                 "id": "ARXPVOZ-PLAN-DATE",
                 "key": "effectiveDate",
                 "xref": "ASXMAI-EFF-DATE"
              },
              {
                 "id": "ARXPVOZ-PLAN-NBR",
                 "key": "planNumber",
                 "xref": "ASXMAI-PLAN-NBR"
              },
              {
                 "id": "ARXPVOZ-REC-NBR",
                 "key": "planSequence",
                 "xref": "ASXMAI-PLAN-SEQ"
              },
              {
                 "id": "ARXPVOZ-CURR-BAL",
                 "key": "transactionAmount",
                 "xref": "ASXMAI-TXN-AMOUNT"
              },
              {
                 "id": "ARXTDO-STORE-NBR",
                 "key": "storeNumber",
                 "xref": "ASXMAI-STORE-NBR"
              },
              {
                 "id": "ARXTDO-INS-PROD",
                 "key": "insCode",
                 "xref": "ASXMAI-INS-CODE"
              },
              {
                 "id": "AMAC-ACTION-CODE",
                 "key": "actionCode",
                 "xref": "ASXMAI-ACTION-CODE"
              }
           ]
        },
        {
           "id": "Credit Adjustment Transaction",
           "width": "500",
           "height": "620",
           "buttonLabel": "Adjust",
           "functionNature": "Monetary",
           "genericMonetaryQM": "Yes",
           "note": [
              {
                 "id": "ARXTDO-EFF-DATE",
                 "key": "effectiveDate",
                 "xref": "ASXMAI-EFF-DATE"
              },
              {
                 "id": "ARXTDO-PLAN",
                 "key": "planNumber",
                 "xref": "ASXMAI-PLAN-NBR"
              },
              {
                 "id": "ARXTDO-PLAN-SEQ",
                 "key": "planSequence",
                 "xref": "ASXMAI-PLAN-SEQ"
              },
              {
                 "id": "ARXTDO-AMT",
                 "key": "transactionAmount",
                 "xref": "ASXMAI-TXN-AMOUNT"
              },
              {
                 "id": "ARXTDO-STORE-NBR",
                 "key": "storeNumber",
                 "xref": "ASXMAI-STORE-NBR"
              },
              {
                 "id": "ARXTDO-INS-PROD",
                 "key": "insCode",
                 "xref": "ASXMAI-INS-CODE"
              },
              {
                 "id": "AMAC-ACTION-CODE",
                 "key": "actionCode",
                 "xref": "ASXMAI-ACTION-CODE"
              }
           ]
        },
        {
           "id": "Debit Adjustment Transaction",
           "width": "500",
           "height": "620",
           "buttonLabel": "Adjust",
           "functionNature": "Monetary",
           "genericMonetaryQM": "Yes",
           "note": [
              {
                 "id": "ARXTDO-EFF-DATE",
                 "key": "effectiveDate",
                 "xref": "ASXMAI-EFF-DATE"
              },
              {
                 "id": "ARXTDO-PLAN",
                 "key": "planNumber",
                 "xref": "ASXMAI-PLAN-NBR"
              },
              {
                 "id": "ARXTDO-PLAN-SEQ",
                 "key": "planSequence",
                 "xref": "ASXMAI-PLAN-SEQ"
              },
              {
                 "id": "ARXTDO-AMT",
                 "key": "transactionAmount",
                 "xref": "ASXMAI-TXN-AMOUNT"
              },
              {
                 "id": "ARXTDO-STORE-NBR",
                 "key": "storeNumber",
                 "xref": "ASXMAI-STORE-NBR"
              },
              {
                 "id": "ARXTDO-INS-PROD",
                 "key": "insCode",
                 "xref": "ASXMAI-INS-CODE"
              },
              {
                 "id": "AMAC-ACTION-CODE",
                 "key": "actionCode",
                 "xref": "ASXMAI-ACTION-CODE"
              }
           ]
        },
        {
           "id": "Credit Adjustment Transaction QM",
           "width": "500",
           "height": "620",
           "buttonLabel": "Adjust",
           "functionNature": "Monetary",
           "genericMonetaryQM": "Yes",
           "note": [
              {
                 "id": "ASXQMO-M-EFF-DATE",
                 "key": "effectiveDate",
                 "xref": "ASXMAI-EFF-DATE"
              },
              {
                 "id": "ASXQMO-M-PLAN-NBR",
                 "key": "planNumber",
                 "xref": "ASXMAI-PLAN-NBR"
              },
              {
                 "id": "ASXQMO-M-PLAN-SEQ",
                 "key": "planSequence",
                 "xref": "ASXMAI-PLAN-SEQ"
              },
              {
                 "id": "ASXQMO-M-TRAN-AMT",
                 "key": "transactionAmount",
                 "xref": "ASXMAI-TXN-AMOUNT"
              },
              {
                 "id": "ASXQMO-M-STORE-NBR",
                 "key": "storeNumber",
                 "xref": "ASXMAI-STORE-NBR"
              },
              {
                 "id": "ASXQMO-M-INS-PROD",
                 "key": "insCode",
                 "xref": "ASXMAI-INS-CODE"
              },
              {
                 "id": "AMAC-ACTION-CODE",
                 "key": "actionCode",
                 "xref": "ASXMAI-ACTION-CODE"
              }
           ]
        },
        {
           "id": "Debit Adjustment Transaction QM",
           "width": "500",
           "height": "620",
           "buttonLabel": "Adjust",
           "functionNature": "Monetary",
           "genericMonetaryQM": "Yes",
           "note": [
              {
                 "id": "ASXQMO-M-EFF-DATE",
                 "key": "effectiveDate",
                 "xref": "ASXMAI-EFF-DATE"
              },
              {
                 "id": "ASXQMO-M-PLAN-NBR",
                 "key": "planNumber",
                 "xref": "ASXMAI-PLAN-NBR"
              },
              {
                 "id": "ASXQMO-M-PLAN-SEQ",
                 "key": "planSequence",
                 "xref": "ASXMAI-PLAN-SEQ"
              },
              {
                 "id": "ASXQMO-M-TRAN-AMT",
                 "key": "transactionAmount",
                 "xref": "ASXMAI-TXN-AMOUNT"
              },
              {
                 "id": "ASXQMO-M-STORE-NBR",
                 "key": "storeNumber",
                 "xref": "ASXMAI-STORE-NBR"
              },
              {
                 "id": "ASXQMO-M-INS-PROD",
                 "key": "insCode",
                 "xref": "ASXMAI-INS-CODE"
              },
              {
                 "id": "AMAC-ACTION-CODE",
                 "key": "actionCode",
                 "xref": "ASXMAI-ACTION-CODE"
              }
           ]
        },
        {
           "id": "01074 Direct Debit",
           "height": "600"
        },
        {
           "id": "Suppress Letters",
           "width": "600",
           "height": "375"
        },
        {
           "id": "Update Payment History",
           "width": "1000"
        },
        {
           "id": "01074 Suppress Letters",
           "width": "600",
           "height": "375"
        },
        {
           "id": "01074 Update Payment History",
           "width": "1000"
        }
     ]
  },
  "functionTileValidFunctions": {
     "debitFunctions": [
        {
           "id": "add card"
        },
        {
           "id": "add cardholder"
        },
        {
           "id": "apply block"
        },
        {
           "id": "apply account block"
        },
        {
           "id": "01059 Account Block 1"
        },
        {
           "id": "01059 Account Block 2"
        },
        {
           "id": "apply card block"
        },
        {
           "id": "card activation"
        },
        {
           "id": "card replacement"
        },
        {
           "id": "fee adjustment"
        },
        {
           "id": "fraud referral"
        },
        {
           "id": "pin request"
        },
        {
           "id": "send letter"
        }
     ],
     "creditFunctions": [
        {
           "id": "Add Card",
           "actionCode": "ADCR"
        },
        {
           "id": "08032 Add Cardholder"
        },
        {
           "id": "Add Card Customer"
        },
        {
           "id": "Address Change",
           "actionCode": "DEMO"
        },
        {
           "id": "Insurance Addon New"
        },
        {
           "id": "Amend Billing Cycle",
           "buttonLabel": "Amend",
           "actionCode": "AMCY"
        },
        {
           "id": "08032 Apply Block"
        },
        {
           "id": "Apply Account Block",
           "actionCode": "AABL"
        },
        {
           "id": "Apply Card Block",
           "actionCode": "ACBL"
        },
        {
           "id": "Card Activation",
           "actionCode": "CACT"
        },
        {
           "id": "Card Replacement",
           "actionCode": "IRPC"
        },
        {
           "id": "Close Account",
           "actionCode": "CLAC"
        },
        {
           "id": "08032 Close Account",
           "actionCode": "CLAC"
        },
        {
           "id": "08032 CPP IPP",
           "sendLetter": "false",
           "actionCode": ""
        },
        {
           "id": "Credit Limit",
           "actionCode": "CRLM"
        },
        {
           "id": "Direct Credit",
           "actionCode": "DRCR"
        },
        {
           "id": "Direct Debit",
           "actionCode": "MADD"
        },
        {
           "id": "Skip Payment",
           "isValidItem": "Skip Payment",
           "actionCode": "SKPM"
        },
        {
           "id": "08032 Direct Debit",
           "actionCode": ""
        },
        {
           "id": "Fee Adjustment",
           "actionCode": "FEEA"
        },
        {
           "id": "Fraud Referral",
           "sendLetter": "false",
           "buttonLabel": "Send",
           "width": "490",
           "height": "400",
           "actionCode": ""
        },
        {
           "id": "Interest Adjustment",
           "actionCode": "INTA"
        },
        {
           "id": "Maintain Co-Owner",
           "title": "Co-Owner Maintenance",
           "buttonLabel": "Amend",
           "actionCode": "MTCO"
        },
        {
           "id": "Opt In Opt Out",
           "isValidItem": "Skip OptInOptOut",
           "actionCode": "OIOO"
        },
        {
           "id": "Pin Request",
           "actionCode": "RPIN"
        },
        {
           "id": "Reinstate Account",
           "buttonLabel": "Reinstate",
           "actionCode": "OPEN"
        },
        {
           "id": "08032 Reinstate Account",
           "buttonLabel": "Reinstate",
           "actionCode": ""
        },
        {
           "id": "Send Letter",
           "actionCode": "SDLT"
        },
        {
           "id": "Statement Options",
           "width": "680",
           "height": "480",
           "actionCode": "STOP"
        },
        {
           "id": "Product Transfer and Graduation",
           "actionCode": "PTAG"
        },
        {
           "id": "Add Address"
        }
     ],
     "loyaltyFunctions": [
        {
           "id": "Add Note"
        },
        {
           "id": "Send Letter"
        },
        {
           "id": "Reward Redeem Points"
        },
        {
           "id": "Reward Adjust Points"
        }
     ]
  },
  "functionSpecialHandling": [
     {
        "id": "Apply Card Block",
        "result": "U",
        "location": "SimpleGridFunction.onSubmit",
        "item": {
           "id": "FormElement",
           "variable": "ARXVBO-BC",
           "resultVariable": "ARXCBI-FUNCTION",
           "reusltDefault": "B",
           "value": []
        }
     },
     {
        "id": "01074 Apply Card Block Default",
        "result": "U",
        "location": "SimpleGridFunction.onSubmit",
        "item": {
           "id": "FormElement",
           "variable": "ARXVBO-BC",
           "resultVariable": "ARXCBI-FUNCTION",
           "reusltDefault": "B",
           "value": []
        }
     },
     {
        "id": "Account Level Settlement",
        "result": "include",
        "location": "FunctionTabManager",
        "item": {
           "id": "CSDynamicParameters",
           "variable": "AMCR-LB-ACCT-LVL-QUOTE",
           "value": "1"
        }
     },
     {
        "id": "Loan Earned Details",
        "result": "include",
        "location": "GenericContainer",
        "item": {
           "id": "CSDynamicParameters",
           "variable": "ARXLOO-AD-NEXT-AMORT-DTE",
           "value": "0"
        }
     },
     {
        "id": "Loan Unearned Details",
        "result": "include",
        "location": "GenericContainer",
        "item": {
           "id": "CSDynamicParameters",
           "variable": "ARXLOO-AD-NEXT-AMORT-DTE",
           "value": "0"
        }
     },
     {
        "id": "Marketing Preferences",
        "result": "include",
        "location": "FunctionTabManager",
        "item": {
           "id": "CSDynamicParameters",
           "variable": "AMCR-O-MKT-STATUS",
           "value": "1"
        }
     },
     {
        "id": "Payment History",
        "result": "exclude",
        "location": "FunctionTabManager",
        "item": {
           "id": "CSDynamicParameters",
           "variable": "ARXAOO-DATE-LAST-PMT",
           "value": []
        }
     }
  ],
  "functionButton": [
     {
        "parent": "Transactions",
        "transactionBased": "true",
        "item": [
           {
              "id": "ARXTDO-FEE-ADJ-IND",
              "label": "Fee Adjustment",
              "entitlementName": "Fee Adjustment"
           },
           {
              "id": "ARXTDO-INT-ADJ-IND",
              "label": "Interest Adjustment",
              "entitlementName": "Interest Adjustment"
           },
           {
              "id": "ARXTDO-DISPUTE-IND",
              "label": "Dispute",
              "entitlementName": "Initiate Dispute"
           },
           {
              "id": "ARXTDO-MT-EPP-CONV-IND",
              "label": "EPP Conversion",
              "entitlementName": "Transaction Conversion to EPP",
              "eppType": "Transaction"
           },
           {
              "id": "ARXTDO-TYPE",
              "label": "Credit Adjustment",
              "entitlementName": "Credit Adjustment Transaction",
              "actionType": "DebitAdjustment"
           },
           {
              "id": "ARXTDO-TYPE",
              "label": "Debit Adjustment",
              "entitlementName": "Debit Adjustment Transaction",
              "actionType": "CreditAdjustment"
           }
        ]
     },
     {
        "parent": "StatementViewer",
        "transactionBased": "true",
        "item": [
           {
              "id": "ARXTDO-FEE-ADJ-IND",
              "label": "Fee Adjustment",
              "entitlementName": "Fee Adjustment"
           },
           {
              "id": "ARXTDO-INT-ADJ-IND",
              "label": "Interest Adjustment",
              "entitlementName": "Interest Adjustment"
           },
           {
              "id": "ARXTDO-DISPUTE-IND",
              "label": "Dispute",
              "entitlementName": "Initiate Dispute"
           },
           {
              "id": "ARXTDO-MT-EPP-CONV-IND",
              "label": "EPP Conversion",
              "entitlementName": "Transaction Conversion to EPP",
              "eppType": "Transaction"
           },
           {
              "id": "ARXTDO-TYPE",
              "label": "Credit Adjustment",
              "entitlementName": "Credit Adjustment Transaction",
              "actionType": "DebitAdjustment"
           },
           {
              "id": "ARXTDO-TYPE",
              "label": "Debit Adjustment",
              "entitlementName": "Debit Adjustment Transaction",
              "actionType": "CreditAdjustment"
           }
        ]
     },
     {
        "parent": "IDVerify",
        "item": [
           {
              "id": "Failed Verification",
              "label": "Failed Verification",
              "entitlementName": "Failed Verification"
           },
           {
              "id": "Lost",
              "label": "Lost",
              "entitlementName": "Lost"
           },
           {
              "id": "Update Contact Numbers",
              "label": "Update Contact Numbers",
              "entitlementName": "Update Contact Numbers"
           },
           {
              "id": "Add Note",
              "label": "Add Note",
              "entitlementName": "Add Note"
           },
           {
              "id": "Bypass",
              "label": "Bypass",
              "entitlementName": "01074 Bypass Memorable Word"
           }
        ]
     },
     {
        "parent": "Recent Referral Authorisations",
        "gridSelectionBased": "true",
        "item": {
           "id": "Approve",
           "label": "Approve",
           "entitlementName": "Force Authorisation"
        }
     },
     {
        "parent": "Outstanding Authorizations",
        "gridSelectionBased": "true",
        "item": {
           "id": "Approve",
           "label": "Reverse",
           "entitlementName": "Reverse Authorisation"
        }
     },
     {
        "parent": "Recent Declined Authorisations",
        "gridSelectionBased": "true",
        "item": {
           "id": "Decline",
           "label": "Reverse",
           "entitlementName": "Reverse Authorisation"
        }
     },
     {
        "parent": "Plan Viewer",
        "gridSelectionBased": "true",
        "item": {
           "id": "ARXPVO-EPP-FLAG",
           "label": "EPP Conversion",
           "entitlementName": "Plan Conversion to EPP",
           "eppType": "Plan"
        }
     },
     {
        "parent": "InsuranceAddOns",
        "gridSelectionBased": "true",
        "item": {
           "id": "Insurance Addon Amend",
           "label": "Amend Insurance/Add-on",
           "entitlementName": "Insurance Addon Amend"
        }
     },
     {
        "parent": "ActiveInstallments",
        "variableBased": "true",
        "item": [
           {
              "id": "Cancel Anticipation Installment",
              "label": "Cancel Anticipation",
              "entitlementName": "Cancel Anticipation Installment",
              "variable": "AZXSOO-CNCL-ANTCP-FLAG",
              "value": "Y"
           },
           {
              "id": "Cancel Purchase",
              "label": "Cancel Purchase",
              "entitlementName": "Cancel Purchase",
              "variable": "AZXSOO-CNCL-PUR-FLAG-FLAG",
              "value": "Y"
           },
           {
              "id": "Anticipation Purchase",
              "label": "Anticipate Installment",
              "entitlementName": "Anticipation Purchase",
              "variable": "AZXSOO-ANTCP-FLAG",
              "value": "Y"
           },
           {
              "id": "Revert Cancel Purchase",
              "label": "Revert Cancel Purchase",
              "entitlementName": "Revert Cancel Purchase",
              "variable": "AZXSOO-REV-CNCL-PUR-FLAG",
              "value": "Y"
           }
        ]
     }
  ],
  "ivrPauseCodes": [
     {
        "label": "Lunch",
        "code": "1"
     },
     {
        "label": "Break",
        "code": "2"
     }
  ],
  "ivrErrorCodes": [
     {
        "label": "Agent is not logged in",
        "code": "99"
     },
     {
        "label": "Error in processing the login",
        "code": "10"
     },
     {
        "label": "Error when trying to run the login ICU",
        "code": "11"
     },
     {
        "label": "Error when trying to monitor extension",
        "code": "12"
     },
     {
        "label": "Error when trying to log agent in the PBX extension",
        "code": "13"
     },
     {
        "label": "Agent is already logged on extension",
        "code": "14"
     }
  ],
  "typeOfAccount": [
     {
        "label": "Customer",
        "value": "Customer"
     },
     {
        "label": "Relationship",
        "value": "Relationship"
     }
  ],
  "overrides": {
     "clients": [
        {
           "id": "00001",
           "creationPolicy": "none",
           "control": {
              "id": "CSLookup",
              "visible": "true"
           }
        },
        {
           "id": "01074",
           "creationPolicy": "none",
           "control": {
              "id": "CSLookup",
              "visible": "true"
           }
        },
        {
           "id": "01030",
           "creationPolicy": "none",
           "control": {
              "id": "CSLookup",
              "visible": "true"
           }
        }
     ]
  },
  "helpLinks": [
     {
        "parent": "OnDemandDirectCredit",
        "item": {
           "id": "rtID",
           "helpLink": "functions/ambs-on-demand-ach-rt-nbr"
        }
     },
     {
        "parent": "RewardTransactions",
        "item": [
           {
              "id": "Transaction Search",
              "helpLink": "account_folder/transactions_tab/trans_search_pn"
           },
           {
              "id": "Transactions",
              "helpLink": "account_folder/transactions_tab/transactions_list_pn"
           }
        ]
     },
     {
        "parent": "AccountFolder",
        "item": {
           "id": "PageLabel",
           "helpLink": "account_folder/account_folder_fl"
        }
     },
     {
        "parent": "Demographics",
        "item": [
           {
              "id": "name",
              "helpLink": "account_folder/demographics_tab/demog_name"
           },
           {
              "id": "Address Type",
              "helpLink": "account_folder/viewers/arxelo-cardholder-type"
           },
           {
              "id": "demographics_address_ind",
              "helpLink": "account_folder/demographics_tab/demogr_addr_ind"
           },
           {
              "id": "Address",
              "helpLink": "account_folder/demographics_tab/demogr-address"
           }
        ]
     },
     {
        "parent": "Transactions",
        "item": [
           {
              "id": "Statement Viewer",
              "helpLink": "account_folder/transactions_tab/trans_stmt_viewer_pn"
           },
           {
              "id": "Transactions",
              "helpLink": "account_folder/transactions_tab/transactions_list_pn"
           },
           {
              "id": "Transaction Search",
              "helpLink": "account_folder/transactions_tab/trans_search_pn"
           }
        ]
     },
     {
        "parent": "LookupAlpha",
        "item": [
           {
              "id": "Last Name",
              "helpLink": "account_lookup/search_last_name"
           },
           {
              "id": "First Name",
              "helpLink": "account_lookup/search_first_name"
           },
           {
              "id": "Middle Initial",
              "helpLink": "account_lookup/search_middle_initial"
           }
        ]
     },
     {
        "parent": "LookupAlphaResult",
        "item": {
           "id": "Results",
           "helpLink": "account_lookup/search_results_pn"
        }
     },
     {
        "parent": "LookupExtended",
        "item": [
           {
              "id": "Last Name",
              "helpLink": "account_lookup/search_last_name"
           },
           {
              "id": "First Name",
              "helpLink": "account_lookup/search_first_name"
           },
           {
              "id": "Middle Name",
              "helpLink": "account_lookup/search_middle_initial"
           }
        ]
     },
     {
        "parent": "LookupExtendedResult",
        "item": {
           "id": "Results",
           "helpLink": "account_lookup/search_results_pn"
        }
     },
     {
        "parent": "ApplyCardBlock",
        "item": [
           {
              "id": "PageLabel",
              "helpLink": "functions/block_card_fc"
           },
           {
              "id": "Type",
              "helpLink": "account_folder/viewers/arxelo-cardholder-type"
           }
        ]
     },
     {
        "parent": "BlockLostCard",
        "item": [
           {
              "id": "PageLabel",
              "helpLink": "functions/block_card_fc"
           },
           {
              "id": "Type",
              "helpLink": "account_folder/viewers/arxelo-cardholder-type"
           }
        ]
     },
     {
        "parent": "BlockOnFailedVerification",
        "item": [
           {
              "id": "Send Letter",
              "helpLink": "functions/asxnai-ltr-code"
           },
           {
              "id": "Block Status",
              "helpLink": "functions/arxelo-lb-bc-title"
           }
        ]
     },
     {
        "parent": "CloseAccountBase",
        "item": [
           {
              "id": "reasonStateShowLetter",
              "helpLink": "functions/asxnai-ltr-code"
           },
           {
              "id": "showLetter",
              "helpLink": "functions/asxnai-ltr-code"
           },
           {
              "id": "Block Status",
              "helpLink": "functions/arxelo-lb-bc-title"
           },
           {
              "id": "Reason",
              "helpLink": "functions/block_reason_o"
           }
        ]
     },
     {
        "parent": "GenericMonetary",
        "item": [
           {
              "id": "Plan Number",
              "helpLink": "functions/asxnai-ltr-code"
           },
           {
              "id": "Sequence Number",
              "helpLink": "functions/arxelo-lb-bc-title"
           }
        ]
     },
     {
        "parent": "AccountSummaryCanvas",
        "item": [
           {
              "id": "Number of Cards",
              "helpLink": "account_folder/overview_tab/arxelo-cci-cards-total"
           },
           {
              "id": "PCT ID",
              "helpLink": "account_folder/overview_tab/ambs-state-of-issue"
           },
           {
              "id": "Default Pricing",
              "helpLink": "account_folder/overview_tab/ambs-state-of-issue"
           },
           {
              "id": "Number of Plans",
              "helpLink": "account_folder/overview_tab/arxaoo-nbr-plans"
           },
           {
              "id": "Marketing Opt Out",
              "helpLink": "account_folder/overview_tab/ambs-marketing-opt-out"
           },
           {
              "id": "IPP Insurance",
              "helpLink": "account_folder/overview_tab/arxaoo-user-code-5"
           },
           {
              "id": "CPP Insurance",
              "helpLink": "account_folder/overview_tab/arxaoo-user-code-5"
           },
           {
              "id": "Direct Debit Type",
              "helpLink": "account_folder/overview_tab/direct_debit_type"
           },
           {
              "id": "Block Reason",
              "helpLink": "functions/ambs-user-code-1"
           },
           {
              "id": "Number of Cards",
              "helpLink": "account_folder/overview_tab/arxelo-cci-cards-total"
           }
        ]
     },
     {
        "parent": "IDVerify",
        "item": [
           {
              "id": "PageLabel",
              "helpLink": "account_lookup/verification_o"
           },
           {
              "id": "Caller",
              "helpLink": "account_lookup/verify_caller"
           },
           {
              "id": "Transactions",
              "helpLink": "account_lookup/verify_transactions"
           },
           {
              "id": "ShowVerify",
              "helpLink": "account_lookup/verify_show_ver_tier2"
           }
        ]
     },
     {
        "parent": "AddNewCardCS",
        "item": {
           "id": "PageLabel",
           "helpLink": "functions/card_add_fc"
        }
     },
     {
        "parent": "DirectCredit",
        "item": {
           "id": "PageLabel",
           "helpLink": "functions/direct_credit_fc"
        }
     },
     {
        "parent": "AddAddress",
        "item": {
           "id": "PageLabel",
           "helpLink": "functions/add_address_fc"
        }
     },
     {
        "parent": "AddNewCard",
        "item": {
           "id": "PageLabel",
           "helpLink": "functions/card_add_fc"
        }
     },
     {
        "parent": "AddressChange",
        "item": {
           "id": "PageLabel",
           "helpLink": "functions/address_fc"
        }
     },
     {
        "parent": "AdjustmentPointViewer",
        "item": {
           "id": "Send Letter",
           "helpLink": "functions/asxnai-ltr-code"
        }
     },
     {
        "parent": "AnnualStatementDateView",
        "item": {
           "id": "PageLabel",
           "helpLink": "account_folder/viewers/annual_stmt_viewer_v"
        }
     },
     {
        "parent": "ApplyBlockCode",
        "item": [
           {
              "id": "PageLabel",
              "helpLink": "functions/block_code_fc"
           },
           {
              "id": "Type",
              "helpLink": "account_folder/viewers/arxelo-cardholder-type"
           }
        ]
     },
     {
        "parent": "CardActivation",
        "item": {
           "id": "PageLabel",
           "helpLink": "functions/card_activation_fc"
        }
     },
     {
        "parent": "CloseAccount",
        "item": [
           {
              "id": "PageLabel",
              "helpLink": "functions/close_account_fc"
           },
           {
              "id": "Block Status",
              "helpLink": "functions/arxelo-lb-bc-title"
           },
           {
              "id": "Reason",
              "helpLink": "functions/block_reason_o"
           },
           {
              "id": "Send Letter",
              "helpLink": "functions/asxnai-ltr-code"
           }
        ]
     },
     {
        "parent": "FeeAdjustment",
        "item": [
           {
              "id": "PageLabel",
              "helpLink": "functions/fee_adjustment_fc"
           },
           {
              "id": "Plan Number",
              "helpLink": "account_folder/transactions_tab/arxtdo-plan"
           },
           {
              "id": "Sequence Number",
              "helpLink": "account_folder/viewers/arxpvo-rec-nbr"
           }
        ]
     },
     {
        "parent": "InstallmentViewer",
        "item": {
           "id": "PageLabel",
           "helpLink": "account_folder/viewers/annual_stmt_viewer_v"
        }
     },
     {
        "parent": "InsuranceAddOns",
        "item": {
           "id": "PageLabel",
           "helpLink": "account_folder/viewers/plans_viewer_v"
        }
     },
     {
        "parent": "InterestAdjustment",
        "item": [
           {
              "id": "PageLabel",
              "helpLink": "functions/interest_adj_fc"
           },
           {
              "id": "Plan Number",
              "helpLink": "account_folder/transactions_tab/arxtdo-plan"
           },
           {
              "id": "Sequence Number",
              "helpLink": "account_folder/viewers/arxpvo-rec-nbr"
           }
        ]
     },
     {
        "parent": "PinRequest",
        "item": [
           {
              "id": "PageLabel",
              "helpLink": "functions/pin_request_fc"
           },
           {
              "id": "Block Status",
              "helpLink": "functions/arxelo-lb-bc-title"
           }
        ]
     },
     {
        "parent": "RedeemPointsViewer",
        "item": {
           "id": "Send Letter",
           "helpLink": "functions/asxnai-ltr-code"
        }
     },
     {
        "parent": "StatementViewer",
        "item": {
           "id": "PageLabel",
           "helpLink": "account_folder/viewers/statements_viewer_v"
        }
     },
     {
        "parent": "LetterSection",
        "item": {
           "id": "PageLabel",
           "helpLink": "functions/asxnai-ltr-code"
        }
     },
     {
        "parent": "StatementSummaryCanvas",
        "item": [
           {
              "id": "Billing Cycle",
              "helpLink": "account_folder/overview_tab/arxaoo-billing-cycle"
           },
           {
              "id": "Last Statement Date",
              "helpLink": "account_folder/overview_tab/arxaoo-date-last-stmt"
           },
           {
              "id": "Annual Statement Date",
              "helpLink": "account_folder/overview_tab/ambs-date-lst-annual-stmt"
           },
           {
              "id": "Current Payment Due",
              "helpLink": "account_folder/overview_tab/ambs-pmt-curr-due"
           },
           {
              "id": "Past Due Amount",
              "helpLink": "account_folder/overview_tab/arxaoo-pmt-past-due"
           },
           {
              "id": "Total Amount Due",
              "helpLink": "account_folder/overview_tab/arxaoo-pmt-tot-amt-due"
           },
           {
              "id": "Projected Direct Debit",
              "helpLink": "account_folder/overview_tab/ambs-proj-ach-pmt"
           },
           {
              "id": "Billing Cycle",
              "helpLink": "account_folder/overview_tab/arxaoo-billing-cycle"
           },
           {
              "id": "debitStatementDateLabel",
              "helpLink": "account_folder/overview_tab/arxaoo-date-last-stmt"
           }
        ]
     },
     {
        "parent": "AmendCardHolderDetails",
        "item": {
           "id": "PageLabel",
           "helpLink": "functions/amend_cardhld_dtls_fc"
        }
     },
     {
        "parent": "NewCardHolderCardAddressDetailsCS",
        "item": {
           "id": "Add Card Details",
           "helpLink": "functions/card_address_g"
        }
     },
     {
        "parent": "ProductGraduationViewer",
        "item": {
           "id": "Send Letter",
           "helpLink": "functions/asxnai-ltr-code"
        }
     },
     {
        "parent": "ProductTransferViewer",
        "item": {
           "id": "Send Letter",
           "helpLink": "functions/asxnai-ltr-code"
        }
     },
     {
        "parent": "ReversalViewer",
        "item": {
           "id": "Send Letter",
           "helpLink": "functions/asxnai-ltr-code"
        }
     },
     {
        "parent": "Accounts",
        "item": [
           {
              "id": "PageLabel",
              "helpLink": "account_lookup/search_acct_d"
           },
           {
              "id": "Status",
              "helpLink": "account_folder/viewers/arxelo-curr-first-usage-flag"
           }
        ]
     },
     {
        "parent": "TemporaryAddress",
        "item": {
           "id": "Manage Statement",
           "helpLink": "functions/ambs-alt-cust-nbr-flag"
        }
     },
     {
        "parent": "TransactionDetail",
        "item": {
           "id": "Original Amount",
           "helpLink": "account_folder/transactions_tab/arxtdo-orig-txn-amount"
        }
     },
     {
        "parent": "ActiveInstallments",
        "item": {
           "id": "PageLabel",
           "helpLink": "account_folder/viewers/annual_stmt_viewer_v"
        }
     },
     {
        "parent": "NewCardHolderContactDetailCS",
        "item": [
           {
              "id": "Mobile Phone Number",
              "helpLink": "functions/amna-mobile-phone"
           },
           {
              "id": "Email Address",
              "helpLink": "functions/amna-email"
           }
        ]
     },
     {
        "parent": "NewCardHolderPersonalDetailCS",
        "item": [
           {
              "id": "Memorable Word",
              "helpLink": "functions/amna-mem-wrd"
           },
           {
              "id": "Memorable Word Reminder",
              "helpLink": "functions/amna-mem-wrd-rem"
           }
        ]
     },
     {
        "parent": "CardHolderAddressDetails",
        "item": {
           "id": "Name On Card",
           "helpLink": "functions/amed-embossed-name-1"
        }
     },
     {
        "parent": "InterestAdjustmentList",
        "item": [
           {
              "id": "PageLabel",
              "helpLink": "functions/interest_adj_fc"
           },
           {
              "id": "Plan Number",
              "helpLink": "account_folder/transactions_tab/arxtdo-plan"
           },
           {
              "id": "Sequence Number",
              "helpLink": "account_folder/viewers/arxpvo-rec-nbr"
           }
        ]
     },
     {
        "parent": "EMEAAddCardHolderDetails",
        "item": [
           {
              "id": "Block Status",
              "helpLink": "functions/arxelo-lb-bc-title"
           },
           {
              "id": "Name on 1st Line",
              "helpLink": "functions/amed-embossed-name-1"
           },
           {
              "id": "Name on 2nd Line",
              "helpLink": "functions/amed-embossed-name-1"
           }
        ]
     },
     {
        "parent": "FeeAdjustmentList",
        "item": [
           {
              "id": "PageLabel",
              "helpLink": "functions/fee_adjustment_fc"
           },
           {
              "id": "Plan Number",
              "helpLink": "account_folder/transactions_tab/arxtdo-plan"
           },
           {
              "id": "Sequence Number",
              "helpLink": "account_folder/viewers/arxpvo-rec-nbr"
           }
        ]
     },
     {
        "parent": "NewCardHolderCardDetailCS",
        "item": [
           {
              "id": "Name On Card",
              "helpLink": "functions/amed-embossed-name-1"
           },
           {
              "id": "Name On Card 2",
              "helpLink": "functions/amed-embossed-name-2"
           },
           {
              "id": "POS Service Code",
              "helpLink": "functions/amed-pos-service-code"
           },
           {
              "id": "Card Graphics",
              "helpLink": "functions/amed-emblm-id"
           }
        ]
     },
     {
        "parent": "NewCardHolderDetailsCS",
        "item": [
           {
              "id": "Existing Cards for this Account",
              "helpLink": "functions/card_add_existing_cards_g"
           },
           {
              "id": "Block Status",
              "helpLink": "functions/arxelo-lb-bc-title"
           },
           {
              "id": "Auto-Create Name Line1",
              "helpLink": "functions/amna-comb-name-line-1"
           },
           {
              "id": "Name Line 1",
              "helpLink": "functions/amna-name-line1"
           }
        ]
     },
     {
        "parent": "NewCardHolder",
        "item": [
           {
              "id": "Existing Cards for this Account",
              "helpLink": "functions/card_add_existing_cards_g"
           },
           {
              "id": "Block Status",
              "helpLink": "functions/arxelo-lb-bc-title"
           },
           {
              "id": "Close Relative",
              "helpLink": "functions/amna-user-12_1"
           }
        ]
     },
     {
        "parent": "ManualReferralSection",
        "item": {
           "id": "Refer",
           "helpLink": "functions/refer_field"
        }
     },
     {
        "parent": "AdjustPoint",
        "item": [
           {
              "id": "PageLabel",
              "helpLink": "functions/rewards_pts_adj_fc"
           },
           {
              "id": "PlanPriority",
              "helpLink": "functions/rewards_fields/gmcg-priority"
           }
        ]
     },
     {
        "parent": "RedeemPoint",
        "item": {
           "id": "PageLabel",
           "helpLink": "functions/rewards_pts_redeem_fc"
        }
     },
     {
        "parent": "Overview",
        "item": {
           "id": "Notes",
           "helpLink": "account_folder/overview_tab/notes_pn"
        }
     },
     {
        "parent": "PlanEPP",
        "item": {
           "id": "PageLabel",
           "helpLink": "functions/epp_plan_conversion_fc"
        }
     },
     {
        "parent": "TransactionEPP",
        "item": {
           "id": "PageLabel",
           "helpLink": "functions/epp_transaction_conversion_fc"
        }
     },
     {
        "parent": "CaseNumber",
        "item": {
           "id": "PageLabel",
           "helpLink": "functions/amhs-case-nbr"
        }
     },
     {
        "parent": "BaseLookup",
        "item": {
           "id": "Agent Status",
           "helpLink": "user_basics/agent_status_f"
        }
     },
     {
        "parent": "QueueManager",
        "item": [
           {
              "id": "Action",
              "helpLink": "queue_mgr/amac-description"
           },
           {
              "id": "Date Time",
              "helpLink": "queue_mgr/action_date_and_time_f"
           },
           {
              "id": "Queue Item List",
              "helpLink": "queue_mgr/queue_item_list_pn"
           },
           {
              "id": "Notes",
              "helpLink": "queue_mgr/notes_queue_manager_pn"
           },
           {
              "id": "Business Unit",
              "helpLink": "queue_mgr/amqf-asm-org_asxqmi-asm-org"
           },
           {
              "id": "Referral Agent",
              "helpLink": "queue_mgr/amqf-rep-id_asxqmi-rep-id"
           }
        ]
     },
     {
        "parent": "LostAndStolen",
        "item": [
           {
              "id": "LostAndStolen",
              "helpLink": "functions/lost_stolen_fc"
           },
           {
              "id": "PIN Compromised",
              "helpLink": "functions/arxelo-pin-comp-flag"
           }
        ]
     },
     {
        "parent": "Credit Adjustment",
        "item": {
           "id": "PageLabel",
           "helpLink": "functions/credit_adjustment_fc"
        }
     },
     {
        "parent": "Debit Adjustment",
        "item": {
           "id": "PageLabel",
           "helpLink": "functions/debit_adjustment_fc"
        }
     }
  ]
}
