{
    "dataGrid": [
        {
            "gridName": "transactionDetails",
            "columns": [
                {
                    "title": "Tran Date",
                    "field": "tranDate",
                    "property": "ARXTDO-EFF-DATE"
                },
                {
                    "title": "Description",
                    "field": "description",
                    "property": "ARXTDO-DESCRIPTION"
                },
                {
                    "title": "Amount",
                    "field": "amount",
                    "property": "ARXTDO-AMT"
                },
                {
                    "title": "Detail Icon",
                    "field": "detailIcon",
                    "property": "ARXTDO-TYPE"
                }
            ]
        },
        {
            "gridName": "notesAndHistory",
            "columns": [
                {
                    "title": "Originator",
                    "field": "originator",
                    "property": "ASXNHO-ACTION-REP"
                },
                {
                    "title": "Date / Time",
                    "field": "dateTime",
                    "property": "ASXNHO-HIST-DATE"
                },
                {
                    "title": "Priority",
                    "field": "priority",
                    "property": "ASXNHO-ACTION-CODE-PRI"
                },
                {
                    "title": "Topic",
                    "field": "topic",
                    "property": "ASXNHO-ACTION-DESC"
                },
                {
                    "title": "Amount",
                    "field": "amount",
                    "property": "ASXNHO-TRAN-AMT"
                },
                {
                    "title": "Note",
                    "field": "note",
                    "property": "ASXNHO-NOTE"
                },
                {
                    "title": "Status",
                    "field": "status",
                    "property": "ASXNHO-STATUS"
                }
            ]
        },
        {
            "gridName": "accountLookUpDetails",
            "columns": [
                {
                    "title": "Customer Name",
                    "field": "CustomerName",
                    "property": "ARXXLO-NA-NAME-LINE-1"
                },
                {
                    "title": "Account Number/Relationship Number",
                    "field": "AccountNumber/RelationshipNumber",
                    "property": "ARXXLO-LT-AMKX-NA-ACCT"
                },
                {
                    "title": "Type of Account",
                    "field": "TypeofAccount",
                    "property": "ARXXLO-ACCT-TYPE"
                },
                {
                    "title": "Street Address",
                    "field": "StreetAddress",
                    "property": "ARXXLO-ADDR-1"
                },
                {
                    "title": "Postal Code",
                    "field": "PostalCode",
                    "property": "ARXXLO-POSTAL-CODE"
                },
                {
                    "title": "Status",
                    "field": "Status",
                    "property": "ARXXLO-ACCT-TYPE"
                },
                {
                    "title": "'Business Unit",
                    "field": "Business Unit",
                    "property": "ARXXLO-O-NAME-ADDR-1"
                }
            ]
        },
        {
            "gridName": "statementTransactions",
            "columns": [
                {
                    "title": "Tran Date",
                    "field": "tranDate",
                    "property": "ARXTDO-EFF-DATE"
                },
                {
                    "title": "Post Date",
                    "field": "postDate",
                    "property": "ARXTDO-POST-DATE"
                },
                {
                    "title": "Description",
                    "field": "description",
                    "property": "ARXTDO-DESCRIPTION"
                },
                {
                    "title": "Amount",
                    "field": "amount",
                    "property": "ARXTDO-AMT"
                },
                {
                    "title": "Detail Icon",
                    "field": "detailIcon",
                    "property": "ARXTDO-TYPE"
                }
            ]
        },
        {
            "gridName": "addNewCard",
            "columns": [
                {
                    "title": "Card Number",
                    "field": "cardNumber",
                    "property": "ARXELO-CARD-NBR"
                },
                {
                    "title": "Cardholder Name",
                    "field": "cardholderName",
                    "property": "ARXELO-EMBOSSED-NAME-1"
                },
                {
                    "title": "Block Status",
                    "field": "blockStatus",
                    "property": "ARXELO-LB-BC-TITLE"
                },
                {
                    "title": "Last Issued",
                    "field": "lastIssued",
                    "property": "ARXELO-DATE-LST-PLASTIC-ISSUEX"
                }
            ]
        },
        {
            "gridName": "cardViewerDetails",
            "columns": [
                {
                    "title": "Card",
                    "field": "card",
                    "property": "ARXELO-CARD-NBR"
                },
                {
                    "title": "Cardholder",
                    "field": "cardholder",
                    "property": "ARXELO-EMBOSSED-NAME-1"
                },
                {
                    "title": "Primary cardholder",
                    "field": "primaryCardholder",
                    "property": "ARXELO-CARDHOLDER-TYPE"
                },
                {
                    "title": "Status",
                    "field": "status",
                    "property": "ARXELO-CURR-FIRST-USAGE-FLAG"
                },
                {
                    "title": "Pending Action",
                    "field": "pendingAction",
                    "property": "ARXELO-CARDHOLDER-TYPE"
                },
                {
                    "title": "Block Status",
                    "field": "blockStatus",
                    "property": "ARXELO-LB-BC-TITLE"
                }
            ]
        },
        {
            "gridName": "accountFolderTransactions",
            "columns": [
                {
                    "title": "Transaction Date",
                    "field": "TransactionDate",
                    "property": "ARXRDO-TD-TXN-EFF-DATE"
                },
                {
                    "title": "Post Date",
                    "field": "PostDate",
                    "property": "ARXRDO-TD-TXN-POSTING-DATE"
                },
                {
                    "title": "Description",
                    "field": "Description",
                    "property": "ARXRDO-TD-TXN-DESC"
                },
                {
                    "title": "Amount",
                    "field": "Amount",
                    "property": "ARXRDO-TD-TXN-AMOUNT"
                },
                {
                    "title": "Transaction Details",
                    "field": "TransactionDetails",
                    "property": "ARXRDO-TD-TXN-DTLS"
                },
                {
                    "title": "Source Account",
                    "field": "SourceAccount",
                    "property": "ARXRDO-TD-TXN-SACCOUNT"
                }
            ]
        }


    ]
}